data/why3/frama_c/contiki_list/array_pop_Why3_ide.mlw,array_pop_Why3_ide_VCarray_pop_post_SubArraySwipeLeft_goal0,True
data/why3/frama_c/contiki_list/array_pop_Why3_ide.mlw,array_pop_Why3_ide_VCarray_pop_post_LinkedNoHead_goal1,True
data/why3/frama_c/contiki_list/array_pop_Why3_ide.mlw,array_pop_Why3_ide_VCarray_pop_post_NoMoreHere_goal2,True
data/why3/frama_c/contiki_list/array_pop_Why3_ide.mlw,array_pop_Why3_ide_VCarray_pop_post_NoMoreHere_2_goal3,True
data/why3/frama_c/contiki_list/array_pop_Why3_ide.mlw,array_pop_Why3_ide_VCarray_pop_post_GhostSeparation_2_goal4,True
data/why3/frama_c/contiki_list/array_pop_Why3_ide.mlw,array_pop_Why3_ide_VCarray_pop_post_GhostSeparation_3_goal5,True
data/why3/frama_c/contiki_list/array_pop_Why3_ide.mlw,array_pop_Why3_ide_VCarray_pop_post_Separation_goal6,True
data/why3/frama_c/contiki_list/array_pop_Why3_ide.mlw,array_pop_Why3_ide_VCarray_pop_post_Separation_2_goal7,False
data/why3/frama_c/contiki_list/array_pop_Why3_ide.mlw,array_pop_Why3_ide_VCarray_pop_post_Unique_goal8,False
data/why3/frama_c/contiki_list/array_pop_Why3_ide.mlw,array_pop_Why3_ide_VCarray_pop_assert_rte_mem_access_goal9,True
data/why3/frama_c/contiki_list/array_pop_Why3_ide.mlw,array_pop_Why3_ide_VCarray_pop_assert_rte_mem_access_2_goal10,True
data/why3/frama_c/contiki_list/array_pop_Why3_ide.mlw,array_pop_Why3_ide_VCarray_pop_loop_inv_preserved_goal11,True
data/why3/frama_c/contiki_list/array_pop_Why3_ide.mlw,array_pop_Why3_ide_VCarray_pop_loop_inv_BeforeISwipeLeft_preserved_goal12,True
data/why3/frama_c/contiki_list/array_pop_Why3_ide.mlw,array_pop_Why3_ide_VCarray_pop_loop_inv_BeforeISwipeLeft_established_goal13,True
data/why3/frama_c/contiki_list/array_pop_Why3_ide.mlw,array_pop_Why3_ide_VCarray_pop_loop_inv_CenterLinked_preserved_goal14,False
data/why3/frama_c/contiki_list/array_pop_Why3_ide.mlw,array_pop_Why3_ide_VCarray_pop_loop_inv_CenterLinked_established_goal15,True
data/why3/frama_c/contiki_list/array_pop_Why3_ide.mlw,array_pop_Why3_ide_VCarray_pop_loop_inv_IInBounds_preserved_part1_goal16,True
data/why3/frama_c/contiki_list/array_pop_Why3_ide.mlw,array_pop_Why3_ide_VCarray_pop_loop_inv_LeftLinked_preserved_goal17,False
data/why3/frama_c/contiki_list/array_pop_Why3_ide.mlw,array_pop_Why3_ide_VCarray_pop_loop_inv_RightLinked_preserved_goal18,False
data/why3/frama_c/contiki_list/array_pop_Why3_ide.mlw,array_pop_Why3_ide_VCarray_pop_loop_inv_RightLinked_established_goal19,True
data/why3/frama_c/contiki_list/array_pop_Why3_ide.mlw,array_pop_Why3_ide_VCarray_pop_loop_inv_UnchangedLeft_preserved_goal20,True
data/why3/frama_c/contiki_list/array_pop_Why3_ide.mlw,array_pop_Why3_ide_VCarray_pop_loop_inv_UnchangedLeft_established_goal21,True
data/why3/frama_c/contiki_list/array_pop_Why3_ide.mlw,array_pop_Why3_ide_VCarray_pop_loop_inv_UnchangedRight_preserved_goal22,True
data/why3/frama_c/contiki_list/array_pop_Why3_ide.mlw,array_pop_Why3_ide_VCarray_pop_loop_inv_UnchangedRight_established_goal23,True
data/why3/frama_c/contiki_list/array_pop_Why3_ide.mlw,array_pop_Why3_ide_VCarray_pop_assert_rte_signed_overflow_goal24,True
data/why3/frama_c/contiki_list/array_pop_Why3_ide.mlw,array_pop_Why3_ide_VCarray_pop_assert_rte_signed_overflow_2_goal25,True
data/why3/frama_c/contiki_list/array_pop_Why3_ide.mlw,array_pop_Why3_ide_VCarray_pop_assert_rte_signed_overflow_3_goal26,True
data/why3/frama_c/contiki_list/array_pop_Why3_ide.mlw,array_pop_Why3_ide_VCarray_pop_assert_rte_mem_access_3_goal27,True
data/why3/frama_c/contiki_list/array_pop_Why3_ide.mlw,array_pop_Why3_ide_VCarray_pop_assert_rte_mem_access_4_goal28,True
data/why3/frama_c/contiki_list/array_pop_Why3_ide.mlw,array_pop_Why3_ide_VCarray_pop_assert_rte_signed_overflow_4_goal29,True
data/why3/frama_c/contiki_list/array_pop_Why3_ide.mlw,array_pop_Why3_ide_VCarray_pop_assert_rte_mem_access_5_goal30,True
data/why3/frama_c/contiki_list/array_pop_Why3_ide.mlw,array_pop_Why3_ide_VCarray_pop_loop_assign_part2_goal31,True
data/why3/frama_c/contiki_list/array_push_Why3_ide.mlw,array_push_Why3_ide_VCarray_push_post_GhostSeparation_2_part2_goal0,True
data/why3/frama_c/contiki_list/array_push_Why3_ide.mlw,array_push_Why3_ide_VCarray_push_post_GhostSeparation_3_part2_goal1,True
data/why3/frama_c/contiki_list/array_push_Why3_ide.mlw,array_push_Why3_ide_VCarray_push_post_Separation_part2_goal2,True
data/why3/frama_c/contiki_list/array_push_Why3_ide.mlw,array_push_Why3_ide_VCarray_push_post_Separation_2_part2_goal3,False
data/why3/frama_c/contiki_list/array_push_Why3_ide.mlw,array_push_Why3_ide_VCarray_push_post_Unique_part1_goal4,True
data/why3/frama_c/contiki_list/array_push_Why3_ide.mlw,array_push_Why3_ide_VCarray_push_post_Unique_part2_goal5,False
data/why3/frama_c/contiki_list/array_push_Why3_ide.mlw,array_push_Why3_ide_VCarray_push_post_part2_goal6,True
data/why3/frama_c/contiki_list/array_push_Why3_ide.mlw,array_push_Why3_ide_VCarray_push_post_SubArraySwipeRight_part1_goal7,True
data/why3/frama_c/contiki_list/array_push_Why3_ide.mlw,array_push_Why3_ide_VCarray_push_post_SubArraySwipeRight_part2_goal8,True
data/why3/frama_c/contiki_list/array_push_Why3_ide.mlw,array_push_Why3_ide_VCarray_push_post_StillLinked_part1_goal9,True
data/why3/frama_c/contiki_list/array_push_Why3_ide.mlw,array_push_Why3_ide_VCarray_push_post_StillLinked_part2_goal10,False
data/why3/frama_c/contiki_list/array_push_Why3_ide.mlw,array_push_Why3_ide_VCarray_push_assert_rte_signed_overflow_goal11,True
data/why3/frama_c/contiki_list/array_push_Why3_ide.mlw,array_push_Why3_ide_VCarray_push_assert_rte_signed_overflow_2_goal12,True
data/why3/frama_c/contiki_list/array_push_Why3_ide.mlw,array_push_Why3_ide_VCarray_push_loop_inv_preserved_part1_goal13,True
data/why3/frama_c/contiki_list/array_push_Why3_ide.mlw,array_push_Why3_ide_VCarray_push_loop_inv_preserved_part2_goal14,True
data/why3/frama_c/contiki_list/array_push_Why3_ide.mlw,array_push_Why3_ide_VCarray_push_loop_inv_AfterISwipeRight_preserved_part1_goal15,True
data/why3/frama_c/contiki_list/array_push_Why3_ide.mlw,array_push_Why3_ide_VCarray_push_loop_inv_AfterISwipeRight_preserved_part2_goal16,True
data/why3/frama_c/contiki_list/array_push_Why3_ide.mlw,array_push_Why3_ide_VCarray_push_loop_inv_AfterISwipeRight_established_goal17,True
data/why3/frama_c/contiki_list/array_push_Why3_ide.mlw,array_push_Why3_ide_VCarray_push_loop_inv_GhostSeparation_preserved_part1_goal18,True
data/why3/frama_c/contiki_list/array_push_Why3_ide.mlw,array_push_Why3_ide_VCarray_push_loop_inv_GhostSeparation_preserved_part2_goal19,True
data/why3/frama_c/contiki_list/array_push_Why3_ide.mlw,array_push_Why3_ide_VCarray_push_loop_inv_IInBounds_preserved_part2_goal20,True
data/why3/frama_c/contiki_list/array_push_Why3_ide.mlw,array_push_Why3_ide_VCarray_push_loop_inv_IInBounds_preserved_part4_goal21,True
data/why3/frama_c/contiki_list/array_push_Why3_ide.mlw,array_push_Why3_ide_VCarray_push_loop_inv_IInBounds_established_part1_goal22,True
data/why3/frama_c/contiki_list/array_push_Why3_ide.mlw,array_push_Why3_ide_VCarray_push_loop_inv_LeftLinked_preserved_part1_goal23,True
data/why3/frama_c/contiki_list/array_push_Why3_ide.mlw,array_push_Why3_ide_VCarray_push_loop_inv_LeftLinked_preserved_part2_goal24,False
data/why3/frama_c/contiki_list/array_push_Why3_ide.mlw,array_push_Why3_ide_VCarray_push_loop_inv_RightLinked_preserved_part1_goal25,False
data/why3/frama_c/contiki_list/array_push_Why3_ide.mlw,array_push_Why3_ide_VCarray_push_loop_inv_RightLinked_preserved_part2_goal26,False
data/why3/frama_c/contiki_list/array_push_Why3_ide.mlw,array_push_Why3_ide_VCarray_push_loop_inv_RightLinked_established_goal27,True
data/why3/frama_c/contiki_list/array_push_Why3_ide.mlw,array_push_Why3_ide_VCarray_push_loop_inv_Separation_preserved_part1_goal28,True
data/why3/frama_c/contiki_list/array_push_Why3_ide.mlw,array_push_Why3_ide_VCarray_push_loop_inv_Separation_preserved_part2_goal29,True
data/why3/frama_c/contiki_list/array_push_Why3_ide.mlw,array_push_Why3_ide_VCarray_push_loop_inv_Separation_established_goal30,True
data/why3/frama_c/contiki_list/array_push_Why3_ide.mlw,array_push_Why3_ide_VCarray_push_loop_inv_UnchangedLeft_preserved_part1_goal31,True
data/why3/frama_c/contiki_list/array_push_Why3_ide.mlw,array_push_Why3_ide_VCarray_push_loop_inv_UnchangedLeft_preserved_part2_goal32,True
data/why3/frama_c/contiki_list/array_push_Why3_ide.mlw,array_push_Why3_ide_VCarray_push_loop_inv_UnchangedLeft_established_goal33,True
data/why3/frama_c/contiki_list/array_push_Why3_ide.mlw,array_push_Why3_ide_VCarray_push_assert_rte_mem_access_goal34,True
data/why3/frama_c/contiki_list/array_push_Why3_ide.mlw,array_push_Why3_ide_VCarray_push_assert_rte_mem_access_2_goal35,True
data/why3/frama_c/contiki_list/array_push_Why3_ide.mlw,array_push_Why3_ide_VCarray_push_assert_rte_signed_overflow_3_goal36,True
data/why3/frama_c/contiki_list/array_push_Why3_ide.mlw,array_push_Why3_ide_VCarray_push_assert_rte_signed_overflow_4_goal37,True
data/why3/frama_c/contiki_list/array_push_Why3_ide.mlw,array_push_Why3_ide_VCarray_push_assert_rte_signed_overflow_5_goal38,True
data/why3/frama_c/contiki_list/array_push_Why3_ide.mlw,array_push_Why3_ide_VCarray_push_assert_rte_signed_overflow_6_goal39,True
data/why3/frama_c/contiki_list/array_push_Why3_ide.mlw,array_push_Why3_ide_VCarray_push_assert_rte_signed_overflow_7_goal40,True
data/why3/frama_c/contiki_list/array_push_Why3_ide.mlw,array_push_Why3_ide_VCarray_push_assert_rte_signed_overflow_8_goal41,True
data/why3/frama_c/contiki_list/array_push_Why3_ide.mlw,array_push_Why3_ide_VCarray_push_assert_rte_signed_overflow_10_goal42,True
data/why3/frama_c/contiki_list/array_push_Why3_ide.mlw,array_push_Why3_ide_VCarray_push_assert_rte_signed_overflow_11_goal43,True
data/why3/frama_c/contiki_list/array_push_Why3_ide.mlw,array_push_Why3_ide_VCarray_push_assert_rte_mem_access_4_goal44,True
data/why3/frama_c/contiki_list/array_push_Why3_ide.mlw,array_push_Why3_ide_VCarray_push_loop_assign_part5_goal45,True
data/why3/frama_c/contiki_list/array_push_Why3_ide.mlw,array_push_Why3_ide_VCarray_push_assign_part4_goal46,True
data/why3/frama_c/contiki_list/array_push_Why3_ide.mlw,array_push_Why3_ide_VCarray_push_assign_part5_goal47,True
data/why3/frama_c/contiki_list/index_of_Why3_ide.mlw,index_of_Why3_ide_VCindex_of_post_part1_goal0,True
data/why3/frama_c/contiki_list/index_of_Why3_ide.mlw,index_of_Why3_ide_VCindex_of_post_part2_goal1,False
data/why3/frama_c/contiki_list/index_of_Why3_ide.mlw,index_of_Why3_ide_VCindex_of_post_part3_goal2,False
data/why3/frama_c/contiki_list/index_of_Why3_ide.mlw,index_of_Why3_ide_VCindex_of_loop_inv_preserved_part1_goal3,True
data/why3/frama_c/contiki_list/index_of_Why3_ide.mlw,index_of_Why3_ide_VCindex_of_loop_inv_2_preserved_goal4,True
data/why3/frama_c/contiki_list/index_of_Why3_ide.mlw,index_of_Why3_ide_VCindex_of_assert_rte_mem_access_goal5,True
data/why3/frama_c/contiki_list/index_of_Why3_ide.mlw,index_of_Why3_ide_VCindex_of_assert_rte_signed_overflow_goal6,True
data/why3/frama_c/contiki_list/index_of_bounds_weak_Why3_ide.mlw,index_of_bounds_weak_Why3_ide_VCindex_of_bounds_weak_call_index_of_pre_part2_goal0,True
data/why3/frama_c/contiki_list/index_of_existing_item_weak_Why3_ide.mlw,index_of_existing_item_weak_Why3_ide_VCindex_of_existing_item_weak_post_part2_goal0,True
data/why3/frama_c/contiki_list/index_of_existing_item_weak_Why3_ide.mlw,index_of_existing_item_weak_Why3_ide_VCindex_of_existing_item_weak_post_part3_goal1,True
data/why3/frama_c/contiki_list/index_of_existing_item_weak_Why3_ide.mlw,index_of_existing_item_weak_Why3_ide_VCindex_of_existing_item_weak_post_part4_goal2,True
data/why3/frama_c/contiki_list/index_of_existing_item_weak_Why3_ide.mlw,index_of_existing_item_weak_Why3_ide_VCindex_of_existing_item_weak_call_index_of_up_unexisting_i____2_goal3,True
data/why3/frama_c/contiki_list/index_of_inter_existing_item_Why3_ide.mlw,index_of_inter_existing_item_Why3_ide_VCindex_of_inter_existing_item_post_part1_goal0,True
data/why3/frama_c/contiki_list/index_of_inter_existing_item_Why3_ide.mlw,index_of_inter_existing_item_Why3_ide_VCindex_of_inter_existing_item_post_part2_goal1,True
data/why3/frama_c/contiki_list/index_of_inter_existing_item_Why3_ide.mlw,index_of_inter_existing_item_Why3_ide_VCindex_of_inter_existing_item_loop_inv_preserved_part1_goal2,True
data/why3/frama_c/contiki_list/index_of_inter_existing_item_Why3_ide.mlw,index_of_inter_existing_item_Why3_ide_VCindex_of_inter_existing_item_loop_inv_2_preserved_goal3,True
data/why3/frama_c/contiki_list/index_of_inter_existing_item_Why3_ide.mlw,index_of_inter_existing_item_Why3_ide_VCindex_of_inter_existing_item_loop_inv_3_preserved_goal4,True
data/why3/frama_c/contiki_list/index_of_inter_existing_item_Why3_ide.mlw,index_of_inter_existing_item_Why3_ide_VCindex_of_inter_existing_item_assert_rte_mem_access_goal5,True
data/why3/frama_c/contiki_list/index_of_inter_existing_item_Why3_ide.mlw,index_of_inter_existing_item_Why3_ide_VCindex_of_inter_existing_item_assert_rte_signed_overflow_goal6,True
data/why3/frama_c/contiki_list/index_of_not_in_subrange_Why3_ide.mlw,index_of_not_in_subrange_Why3_ide_VCindex_of_not_in_subrange_post_goal0,True
data/why3/frama_c/contiki_list/index_of_not_in_subrange_Why3_ide.mlw,index_of_not_in_subrange_Why3_ide_VCindex_of_not_in_subrange_loop_inv_preserved_part1_goal1,True
data/why3/frama_c/contiki_list/index_of_not_in_subrange_Why3_ide.mlw,index_of_not_in_subrange_Why3_ide_VCindex_of_not_in_subrange_loop_inv_2_preserved_goal2,True
data/why3/frama_c/contiki_list/index_of_not_in_subrange_Why3_ide.mlw,index_of_not_in_subrange_Why3_ide_VCindex_of_not_in_subrange_loop_inv_2_established_goal3,True
data/why3/frama_c/contiki_list/index_of_not_in_subrange_Why3_ide.mlw,index_of_not_in_subrange_Why3_ide_VCindex_of_not_in_subrange_loop_inv_3_preserved_goal4,False
data/why3/frama_c/contiki_list/index_of_not_in_subrange_Why3_ide.mlw,index_of_not_in_subrange_Why3_ide_VCindex_of_not_in_subrange_assert_rte_signed_overflow_goal5,True
data/why3/frama_c/contiki_list/index_of_unexisting_item_Why3_ide.mlw,index_of_unexisting_item_Why3_ide_VCindex_of_unexisting_item_post_goal0,False
data/why3/frama_c/contiki_list/index_of_up_unexisting_item_Why3_ide.mlw,index_of_up_unexisting_item_Why3_ide_VCindex_of_up_unexisting_item_post_goal0,True
data/why3/frama_c/contiki_list/index_of_up_unexisting_item_Why3_ide.mlw,index_of_up_unexisting_item_Why3_ide_VCindex_of_up_unexisting_item_loop_inv_preserved_part1_goal1,True
data/why3/frama_c/contiki_list/index_of_up_unexisting_item_Why3_ide.mlw,index_of_up_unexisting_item_Why3_ide_VCindex_of_up_unexisting_item_loop_inv_2_preserved_goal2,True
data/why3/frama_c/contiki_list/index_of_up_unexisting_item_Why3_ide.mlw,index_of_up_unexisting_item_Why3_ide_VCindex_of_up_unexisting_item_loop_inv_3_preserved_goal3,False
data/why3/frama_c/contiki_list/index_of_up_unexisting_item_Why3_ide.mlw,index_of_up_unexisting_item_Why3_ide_VCindex_of_up_unexisting_item_assert_rte_signed_overflow_goal4,True
data/why3/frama_c/contiki_list/linked_n_all_elements_Why3_ide.mlw,linked_n_all_elements_Why3_ide_VClinked_n_all_elements_post_part1_goal0,True
data/why3/frama_c/contiki_list/linked_n_all_elements_Why3_ide.mlw,linked_n_all_elements_Why3_ide_VClinked_n_all_elements_post_part2_goal1,True
data/why3/frama_c/contiki_list/linked_n_all_elements_Why3_ide.mlw,linked_n_all_elements_Why3_ide_VClinked_n_all_elements_loop_inv_preserved_part1_goal2,True
data/why3/frama_c/contiki_list/linked_n_all_elements_Why3_ide.mlw,linked_n_all_elements_Why3_ide_VClinked_n_all_elements_loop_inv_2_preserved_goal3,True
data/why3/frama_c/contiki_list/linked_n_all_elements_Why3_ide.mlw,linked_n_all_elements_Why3_ide_VClinked_n_all_elements_loop_inv_3_preserved_goal4,True
data/why3/frama_c/contiki_list/linked_n_all_elements_Why3_ide.mlw,linked_n_all_elements_Why3_ide_VClinked_n_all_elements_assert_rte_signed_overflow_goal5,True
data/why3/frama_c/contiki_list/linked_n_all_elements_Why3_ide.mlw,linked_n_all_elements_Why3_ide_VClinked_n_all_elements_assert_rte_signed_overflow_2_goal6,True
data/why3/frama_c/contiki_list/linked_n_all_elements_Why3_ide.mlw,linked_n_all_elements_Why3_ide_VClinked_n_all_elements_assert_rte_signed_overflow_3_goal7,True
data/why3/frama_c/contiki_list/linked_n_all_elements_Why3_ide.mlw,linked_n_all_elements_Why3_ide_VClinked_n_all_elements_assert_rte_mem_access_goal8,True
data/why3/frama_c/contiki_list/linked_n_all_elements_Why3_ide.mlw,linked_n_all_elements_Why3_ide_VClinked_n_all_elements_assert_rte_signed_overflow_4_goal9,True
data/why3/frama_c/contiki_list/linked_n_all_elements_valid_Why3_ide.mlw,linked_n_all_elements_valid_Why3_ide_VClinked_n_all_elements_valid_post_goal0,True
data/why3/frama_c/contiki_list/linked_n_all_elements_valid_Why3_ide.mlw,linked_n_all_elements_valid_Why3_ide_VClinked_n_all_elements_valid_loop_inv_preserved_part1_goal1,True
data/why3/frama_c/contiki_list/linked_n_all_elements_valid_Why3_ide.mlw,linked_n_all_elements_valid_Why3_ide_VClinked_n_all_elements_valid_loop_inv_established_part2_goal2,True
data/why3/frama_c/contiki_list/linked_n_all_elements_valid_Why3_ide.mlw,linked_n_all_elements_valid_Why3_ide_VClinked_n_all_elements_valid_loop_inv_2_preserved_goal3,True
data/why3/frama_c/contiki_list/linked_n_all_elements_valid_Why3_ide.mlw,linked_n_all_elements_valid_Why3_ide_VClinked_n_all_elements_valid_loop_inv_3_preserved_goal4,True
data/why3/frama_c/contiki_list/linked_n_all_elements_valid_Why3_ide.mlw,linked_n_all_elements_valid_Why3_ide_VClinked_n_all_elements_valid_assert_rte_mem_access_goal5,True
data/why3/frama_c/contiki_list/linked_n_all_elements_valid_Why3_ide.mlw,linked_n_all_elements_valid_Why3_ide_VClinked_n_all_elements_valid_assert_rte_signed_overflow_goal6,True
data/why3/frama_c/contiki_list/linked_n_before_last_Why3_ide.mlw,linked_n_before_last_Why3_ide_VClinked_n_before_last_post_goal0,True
data/why3/frama_c/contiki_list/linked_n_before_last_Why3_ide.mlw,linked_n_before_last_Why3_ide_VClinked_n_before_last_assert_rte_mem_access_goal1,True
data/why3/frama_c/contiki_list/linked_n_before_last_Why3_ide.mlw,linked_n_before_last_Why3_ide_VClinked_n_before_last_assert_rte_signed_overflow_goal2,True
data/why3/frama_c/contiki_list/linked_n_before_last_Why3_ide.mlw,linked_n_before_last_Why3_ide_VClinked_n_before_last_assert_rte_signed_overflow_2_goal3,True
data/why3/frama_c/contiki_list/linked_n_before_last_Why3_ide.mlw,linked_n_before_last_Why3_ide_VClinked_n_before_last_assert_rte_signed_overflow_3_goal4,True
data/why3/frama_c/contiki_list/linked_n_before_last_Why3_ide.mlw,linked_n_before_last_Why3_ide_VClinked_n_before_last_assert_rte_signed_overflow_4_goal5,True
data/why3/frama_c/contiki_list/linked_n_before_last_Why3_ide.mlw,linked_n_before_last_Why3_ide_VClinked_n_before_last_loop_inv_preserved_part2_goal6,True
data/why3/frama_c/contiki_list/linked_n_before_last_Why3_ide.mlw,linked_n_before_last_Why3_ide_VClinked_n_before_last_loop_inv_2_preserved_goal7,False
data/why3/frama_c/contiki_list/linked_n_before_last_Why3_ide.mlw,linked_n_before_last_Why3_ide_VClinked_n_before_last_loop_inv_2_established_goal8,True
data/why3/frama_c/contiki_list/linked_n_before_last_Why3_ide.mlw,linked_n_before_last_Why3_ide_VClinked_n_before_last_assert_rte_signed_overflow_5_goal9,True
data/why3/frama_c/contiki_list/linked_n_bounds_Why3_ide.mlw,linked_n_bounds_Why3_ide_VClinked_n_bounds_post_goal0,True
data/why3/frama_c/contiki_list/linked_n_first_valid_Why3_ide.mlw,linked_n_first_valid_Why3_ide_VClinked_n_first_valid_post_goal0,True
data/why3/frama_c/contiki_list/linked_n_merge_segment_Why3_ide.mlw,linked_n_merge_segment_Why3_ide_VClinked_n_merge_segment_post_part1_goal0,True
data/why3/frama_c/contiki_list/linked_n_merge_segment_Why3_ide.mlw,linked_n_merge_segment_Why3_ide_VClinked_n_merge_segment_post_part2_goal1,True
data/why3/frama_c/contiki_list/linked_n_merge_segment_Why3_ide.mlw,linked_n_merge_segment_Why3_ide_VClinked_n_merge_segment_assert_rte_mem_access_goal2,True
data/why3/frama_c/contiki_list/linked_n_merge_segment_Why3_ide.mlw,linked_n_merge_segment_Why3_ide_VClinked_n_merge_segment_assert_rte_signed_overflow_goal3,True
data/why3/frama_c/contiki_list/linked_n_merge_segment_Why3_ide.mlw,linked_n_merge_segment_Why3_ide_VClinked_n_merge_segment_assert_rte_signed_overflow_2_goal4,True
data/why3/frama_c/contiki_list/linked_n_merge_segment_Why3_ide.mlw,linked_n_merge_segment_Why3_ide_VClinked_n_merge_segment_assert_rte_signed_overflow_3_goal5,True
data/why3/frama_c/contiki_list/linked_n_merge_segment_Why3_ide.mlw,linked_n_merge_segment_Why3_ide_VClinked_n_merge_segment_loop_inv_preserved_part2_goal6,True
data/why3/frama_c/contiki_list/linked_n_merge_segment_Why3_ide.mlw,linked_n_merge_segment_Why3_ide_VClinked_n_merge_segment_loop_inv_established_part1_goal7,True
data/why3/frama_c/contiki_list/linked_n_merge_segment_Why3_ide.mlw,linked_n_merge_segment_Why3_ide_VClinked_n_merge_segment_loop_inv_3_preserved_goal8,False
data/why3/frama_c/contiki_list/linked_n_merge_segment_Why3_ide.mlw,linked_n_merge_segment_Why3_ide_VClinked_n_merge_segment_loop_inv_3_established_goal9,False
data/why3/frama_c/contiki_list/linked_n_merge_segment_Why3_ide.mlw,linked_n_merge_segment_Why3_ide_VClinked_n_merge_segment_loop_inv_4_preserved_goal10,False
data/why3/frama_c/contiki_list/linked_n_merge_segment_Why3_ide.mlw,linked_n_merge_segment_Why3_ide_VClinked_n_merge_segment_loop_inv_4_established_goal11,False
data/why3/frama_c/contiki_list/linked_n_merge_segment_Why3_ide.mlw,linked_n_merge_segment_Why3_ide_VClinked_n_merge_segment_assert_rte_mem_access_2_goal12,True
data/why3/frama_c/contiki_list/linked_n_merge_segment_Why3_ide.mlw,linked_n_merge_segment_Why3_ide_VClinked_n_merge_segment_assert_rte_signed_overflow_4_goal13,True
data/why3/frama_c/contiki_list/linked_n_merge_segment_Why3_ide.mlw,linked_n_merge_segment_Why3_ide_VClinked_n_merge_segment_assert_rte_signed_overflow_5_goal14,True
data/why3/frama_c/contiki_list/linked_n_merge_segment_Why3_ide.mlw,linked_n_merge_segment_Why3_ide_VClinked_n_merge_segment_assert_rte_signed_overflow_6_goal15,True
data/why3/frama_c/contiki_list/linked_n_merge_segment_Why3_ide.mlw,linked_n_merge_segment_Why3_ide_VClinked_n_merge_segment_assert_rte_signed_overflow_7_goal16,True
data/why3/frama_c/contiki_list/linked_n_merge_segment_right_Why3_ide.mlw,linked_n_merge_segment_right_Why3_ide_VClinked_n_merge_segment_right_post_goal0,False
data/why3/frama_c/contiki_list/linked_n_next_of_all_indexes_Why3_ide.mlw,linked_n_next_of_all_indexes_Why3_ide_VClinked_n_next_of_all_indexes_post_goal0,True
data/why3/frama_c/contiki_list/linked_n_next_of_all_indexes_Why3_ide.mlw,linked_n_next_of_all_indexes_Why3_ide_VClinked_n_next_of_all_indexes_post_2_goal1,True
data/why3/frama_c/contiki_list/linked_n_next_of_all_indexes_Why3_ide.mlw,linked_n_next_of_all_indexes_Why3_ide_VClinked_n_next_of_all_indexes_loop_inv_preserved_part1_goal2,True
data/why3/frama_c/contiki_list/linked_n_next_of_all_indexes_Why3_ide.mlw,linked_n_next_of_all_indexes_Why3_ide_VClinked_n_next_of_all_indexes_loop_inv_2_preserved_goal3,True
data/why3/frama_c/contiki_list/linked_n_next_of_all_indexes_Why3_ide.mlw,linked_n_next_of_all_indexes_Why3_ide_VClinked_n_next_of_all_indexes_loop_inv_3_preserved_goal4,True
data/why3/frama_c/contiki_list/linked_n_next_of_all_indexes_Why3_ide.mlw,linked_n_next_of_all_indexes_Why3_ide_VClinked_n_next_of_all_indexes_assert_rte_signed_overflow_goal5,True
data/why3/frama_c/contiki_list/linked_n_next_of_all_indexes_Why3_ide.mlw,linked_n_next_of_all_indexes_Why3_ide_VClinked_n_next_of_all_indexes_assert_rte_mem_access_goal6,True
data/why3/frama_c/contiki_list/linked_n_next_of_all_indexes_Why3_ide.mlw,linked_n_next_of_all_indexes_Why3_ide_VClinked_n_next_of_all_indexes_assert_rte_signed_overflow_2_goal7,True
data/why3/frama_c/contiki_list/linked_n_split_segment_Why3_ide.mlw,linked_n_split_segment_Why3_ide_VClinked_n_split_segment_post_2_goal0,True
data/why3/frama_c/contiki_list/linked_n_split_segment_Why3_ide.mlw,linked_n_split_segment_Why3_ide_VClinked_n_split_segment_assert_rte_mem_access_goal1,True
data/why3/frama_c/contiki_list/linked_n_split_segment_Why3_ide.mlw,linked_n_split_segment_Why3_ide_VClinked_n_split_segment_assert_rte_signed_overflow_goal2,True
data/why3/frama_c/contiki_list/linked_n_split_segment_Why3_ide.mlw,linked_n_split_segment_Why3_ide_VClinked_n_split_segment_assert_rte_signed_overflow_2_goal3,True
data/why3/frama_c/contiki_list/linked_n_split_segment_Why3_ide.mlw,linked_n_split_segment_Why3_ide_VClinked_n_split_segment_assert_rte_signed_overflow_3_goal4,True
data/why3/frama_c/contiki_list/linked_n_split_segment_Why3_ide.mlw,linked_n_split_segment_Why3_ide_VClinked_n_split_segment_assert_rte_signed_overflow_4_goal5,True
data/why3/frama_c/contiki_list/linked_n_split_segment_Why3_ide.mlw,linked_n_split_segment_Why3_ide_VClinked_n_split_segment_assert_rte_signed_overflow_5_goal6,True
data/why3/frama_c/contiki_list/linked_n_split_segment_Why3_ide.mlw,linked_n_split_segment_Why3_ide_VClinked_n_split_segment_assert_rte_signed_overflow_6_goal7,True
data/why3/frama_c/contiki_list/linked_n_split_segment_Why3_ide.mlw,linked_n_split_segment_Why3_ide_VClinked_n_split_segment_assert_rte_signed_overflow_7_goal8,True
data/why3/frama_c/contiki_list/linked_n_split_segment_Why3_ide.mlw,linked_n_split_segment_Why3_ide_VClinked_n_split_segment_loop_inv_preserved_part2_goal9,True
data/why3/frama_c/contiki_list/linked_n_split_segment_Why3_ide.mlw,linked_n_split_segment_Why3_ide_VClinked_n_split_segment_loop_inv_3_preserved_goal10,False
data/why3/frama_c/contiki_list/linked_n_split_segment_Why3_ide.mlw,linked_n_split_segment_Why3_ide_VClinked_n_split_segment_loop_inv_3_established_goal11,False
data/why3/frama_c/contiki_list/linked_n_split_segment_Why3_ide.mlw,linked_n_split_segment_Why3_ide_VClinked_n_split_segment_loop_inv_4_preserved_goal12,False
data/why3/frama_c/contiki_list/linked_n_split_segment_Why3_ide.mlw,linked_n_split_segment_Why3_ide_VClinked_n_split_segment_loop_inv_4_established_goal13,False
data/why3/frama_c/contiki_list/linked_n_split_segment_Why3_ide.mlw,linked_n_split_segment_Why3_ide_VClinked_n_split_segment_assert_rte_mem_access_2_goal14,True
data/why3/frama_c/contiki_list/linked_n_split_segment_Why3_ide.mlw,linked_n_split_segment_Why3_ide_VClinked_n_split_segment_assert_rte_signed_overflow_8_goal15,True
data/why3/frama_c/contiki_list/linked_n_split_segment_Why3_ide.mlw,linked_n_split_segment_Why3_ide_VClinked_n_split_segment_assert_rte_signed_overflow_9_goal16,True
data/why3/frama_c/contiki_list/linked_n_split_segment_Why3_ide.mlw,linked_n_split_segment_Why3_ide_VClinked_n_split_segment_assert_rte_signed_overflow_10_goal17,True
data/why3/frama_c/contiki_list/linked_n_split_segment_Why3_ide.mlw,linked_n_split_segment_Why3_ide_VClinked_n_split_segment_assert_rte_signed_overflow_11_goal18,True
data/why3/frama_c/contiki_list/linked_n_split_segment_Why3_ide.mlw,linked_n_split_segment_Why3_ide_VClinked_n_split_segment_loop_term_positive_goal19,True
data/why3/frama_c/contiki_list/linked_n_split_segment_direct_Why3_ide.mlw,linked_n_split_segment_direct_Why3_ide_VClinked_n_split_segment_direct_post_goal0,False
data/why3/frama_c/contiki_list/linked_n_split_segment_direct_Why3_ide.mlw,linked_n_split_segment_direct_Why3_ide_VClinked_n_split_segment_direct_post_2_goal1,False
data/why3/frama_c/contiki_list/linked_n_split_segment_right_Why3_ide.mlw,linked_n_split_segment_right_Why3_ide_VClinked_n_split_segment_right_post_goal0,False
data/why3/frama_c/contiki_list/linked_n_split_segment_right_Why3_ide.mlw,linked_n_split_segment_right_Why3_ide_VClinked_n_split_segment_right_post_2_goal1,False
data/why3/frama_c/contiki_list/linked_n_split_segment_right_direct_Why3_ide.mlw,linked_n_split_segment_right_direct_Why3_ide_VClinked_n_split_segment_right_direct_post_goal0,False
data/why3/frama_c/contiki_list/linked_n_split_segment_right_direct_Why3_ide.mlw,linked_n_split_segment_right_direct_Why3_ide_VClinked_n_split_segment_right_direct_post_2_goal1,False
data/why3/frama_c/contiki_list/linked_n_starting_from_null_empty_Why3_ide.mlw,linked_n_starting_from_null_empty_Why3_ide_VClinked_n_starting_from_null_empty_post_goal0,True
data/why3/frama_c/contiki_list/linked_n_valid_range_Why3_ide.mlw,linked_n_valid_range_Why3_ide_VClinked_n_valid_range_post_goal0,True
data/why3/frama_c/contiki_list/linked_n_valid_range_Why3_ide.mlw,linked_n_valid_range_Why3_ide_VClinked_n_valid_range_loop_inv_preserved_part1_goal1,True
data/why3/frama_c/contiki_list/linked_n_valid_range_Why3_ide.mlw,linked_n_valid_range_Why3_ide_VClinked_n_valid_range_loop_inv_established_part2_goal2,True
data/why3/frama_c/contiki_list/linked_n_valid_range_Why3_ide.mlw,linked_n_valid_range_Why3_ide_VClinked_n_valid_range_loop_inv_2_preserved_goal3,True
data/why3/frama_c/contiki_list/linked_n_valid_range_Why3_ide.mlw,linked_n_valid_range_Why3_ide_VClinked_n_valid_range_loop_inv_3_preserved_goal4,True
data/why3/frama_c/contiki_list/linked_n_valid_range_Why3_ide.mlw,linked_n_valid_range_Why3_ide_VClinked_n_valid_range_assert_rte_mem_access_goal5,True
data/why3/frama_c/contiki_list/linked_n_valid_range_Why3_ide.mlw,linked_n_valid_range_Why3_ide_VClinked_n_valid_range_assert_rte_signed_overflow_goal6,True
data/why3/frama_c/contiki_list/list_add_Why3_ide.mlw,list_add_Why3_ide_VClist_add_post_GhostSeparation_2_part1_goal0,True
data/why3/frama_c/contiki_list/list_add_Why3_ide.mlw,list_add_Why3_ide_VClist_add_post_GhostSeparation_2_part7_goal1,True
data/why3/frama_c/contiki_list/list_add_Why3_ide.mlw,list_add_Why3_ide_VClist_add_assert_rte_signed_overflow_goal2,True
data/why3/frama_c/contiki_list/list_add_Why3_ide.mlw,list_add_Why3_ide_VClist_add_assert_rte_signed_overflow_2_goal3,True
data/why3/frama_c/contiki_list/list_add_Why3_ide.mlw,list_add_Why3_ide_VClist_add_assert_rte_signed_overflow_3_goal4,True
data/why3/frama_c/contiki_list/list_add_Why3_ide.mlw,list_add_Why3_ide_VClist_add_assert_rte_mem_access_part1_goal5,True
data/why3/frama_c/contiki_list/list_add_Why3_ide.mlw,list_add_Why3_ide_VClist_add_assert_rte_mem_access_part4_goal6,True
data/why3/frama_c/contiki_list/list_add_Why3_ide.mlw,list_add_Why3_ide_VClist_add_assert_rte_mem_access_2_part1_goal7,True
data/why3/frama_c/contiki_list/list_add_Why3_ide.mlw,list_add_Why3_ide_VClist_add_assert_rte_mem_access_2_part4_goal8,True
data/why3/frama_c/contiki_list/list_add_Why3_ide.mlw,list_add_Why3_ide_VClist_add_assert_rte_mem_access_4_part1_goal9,True
data/why3/frama_c/contiki_list/list_add_Why3_ide.mlw,list_add_Why3_ide_VClist_add_assert_rte_mem_access_4_part4_goal10,True
data/why3/frama_c/contiki_list/list_add_Why3_ide.mlw,list_add_Why3_ide_VClist_add_assign_exit_part24_goal11,True
data/why3/frama_c/contiki_list/list_add_Why3_ide.mlw,list_add_Why3_ide_VClist_add_assign_exit_part30_goal12,True
data/why3/frama_c/contiki_list/list_add_Why3_ide.mlw,list_add_Why3_ide_VClist_add_assign_normal_part24_goal13,True
data/why3/frama_c/contiki_list/list_add_Why3_ide.mlw,list_add_Why3_ide_VClist_add_assign_normal_part27_goal14,True
data/why3/frama_c/contiki_list/list_add_Why3_ide.mlw,list_add_Why3_ide_VClist_add_assign_normal_part32_goal15,True
data/why3/frama_c/contiki_list/list_add_Why3_ide.mlw,list_add_Why3_ide_VClist_add_assign_normal_part38_goal16,True
data/why3/frama_c/contiki_list/list_add_Why3_ide.mlw,list_add_Why3_ide_VClist_add_call_index_of_bounds_weak_pre_2_part1_goal17,True
data/why3/frama_c/contiki_list/list_add_Why3_ide.mlw,list_add_Why3_ide_VClist_add_call_index_of_bounds_weak_pre_2_part2_goal18,True
data/why3/frama_c/contiki_list/list_add_Why3_ide.mlw,list_add_Why3_ide_VClist_add_call_index_of_inter_existing_item_pre_3_part4_goal19,True
data/why3/frama_c/contiki_list/list_add_Why3_ide.mlw,list_add_Why3_ide_VClist_add_call_list_remove_pre_part1_goal20,True
data/why3/frama_c/contiki_list/list_add_Why3_ide.mlw,list_add_Why3_ide_VClist_add_call_list_remove_pre_part7_goal21,True
data/why3/frama_c/contiki_list/list_add_Why3_ide.mlw,list_add_Why3_ide_VClist_add_call_list_remove_pre_GhostSeparation_2_part1_goal22,True
data/why3/frama_c/contiki_list/list_add_Why3_ide.mlw,list_add_Why3_ide_VClist_add_call_list_remove_pre_GhostSeparation_2_part4_goal23,True
data/why3/frama_c/contiki_list/list_add_Why3_ide.mlw,list_add_Why3_ide_VClist_add_call_list_remove_pre_Item_Separation_part1_goal24,True
data/why3/frama_c/contiki_list/list_add_Why3_ide.mlw,list_add_Why3_ide_VClist_add_call_list_remove_pre_Item_Separation_part4_goal25,True
data/why3/frama_c/contiki_list/list_add_Why3_ide.mlw,list_add_Why3_ide_VClist_add_call_list_remove_pre_Separation_part1_goal26,True
data/why3/frama_c/contiki_list/list_add_Why3_ide.mlw,list_add_Why3_ide_VClist_add_call_list_remove_pre_Separation_part4_goal27,True
data/why3/frama_c/contiki_list/list_add_Why3_ide.mlw,list_add_Why3_ide_VClist_add_call_list_remove_pre_Separation_2_part1_goal28,True
data/why3/frama_c/contiki_list/list_add_Why3_ide.mlw,list_add_Why3_ide_VClist_add_call_list_remove_pre_Separation_2_part4_goal29,True
data/why3/frama_c/contiki_list/list_add_Why3_ide.mlw,list_add_Why3_ide_VClist_add_call_list_remove_pre_Unique_part1_goal30,True
data/why3/frama_c/contiki_list/list_add_Why3_ide.mlw,list_add_Why3_ide_VClist_add_call_list_remove_pre_Unique_part4_goal31,True
data/why3/frama_c/contiki_list/list_add_Why3_ide.mlw,list_add_Why3_ide_VClist_add_call_list_tail_pre_2_part1_goal32,False
data/why3/frama_c/contiki_list/list_add_Why3_ide.mlw,list_add_Why3_ide_VClist_add_call_list_tail_pre_2_part4_goal33,False
data/why3/frama_c/contiki_list/list_add_Why3_ide.mlw,list_add_Why3_ide_VClist_add_call_list_final_add_pre_part02_goal34,False
data/why3/frama_c/contiki_list/list_add_Why3_ide.mlw,list_add_Why3_ide_VClist_add_call_list_final_add_pre_part11_goal35,False
data/why3/frama_c/contiki_list/list_add_Why3_ide.mlw,list_add_Why3_ide_VClist_add_call_list_final_add_pre_2_part01_goal36,True
data/why3/frama_c/contiki_list/list_add_Why3_ide.mlw,list_add_Why3_ide_VClist_add_call_list_final_add_pre_2_part03_goal37,True
data/why3/frama_c/contiki_list/list_add_Why3_ide.mlw,list_add_Why3_ide_VClist_add_call_list_final_add_pre_2_part10_goal38,True
data/why3/frama_c/contiki_list/list_add_Why3_ide.mlw,list_add_Why3_ide_VClist_add_call_list_final_add_pre_2_part12_goal39,True
data/why3/frama_c/contiki_list/list_add_Why3_ide.mlw,list_add_Why3_ide_VClist_add_call_list_final_add_pre_3_part1_goal40,True
data/why3/frama_c/contiki_list/list_add_Why3_ide.mlw,list_add_Why3_ide_VClist_add_call_list_final_add_pre_3_part7_goal41,True
data/why3/frama_c/contiki_list/list_add_Why3_ide.mlw,list_add_Why3_ide_VClist_add_call_list_final_add_pre_3_part8_goal42,True
data/why3/frama_c/contiki_list/list_add_Why3_ide.mlw,list_add_Why3_ide_VClist_add_call_list_final_add_pre_Linked_2_part1_goal43,False
data/why3/frama_c/contiki_list/list_add_Why3_ide.mlw,list_add_Why3_ide_VClist_add_call_list_final_add_pre_Linked_2_part4_goal44,False
data/why3/frama_c/contiki_list/list_add_Why3_ide.mlw,list_add_Why3_ide_VClist_add_call_list_final_add_pre_GhostSeparation_2_part1_goal45,True
data/why3/frama_c/contiki_list/list_add_Why3_ide.mlw,list_add_Why3_ide_VClist_add_call_list_final_add_pre_GhostSeparation_2_part4_goal46,True
data/why3/frama_c/contiki_list/list_add_Why3_ide.mlw,list_add_Why3_ide_VClist_add_call_list_final_add_pre_GhostSeparation_3_part1_goal47,True
data/why3/frama_c/contiki_list/list_add_Why3_ide.mlw,list_add_Why3_ide_VClist_add_call_list_final_add_pre_GhostSeparation_3_part4_goal48,True
data/why3/frama_c/contiki_list/list_add_Why3_ide.mlw,list_add_Why3_ide_VClist_add_call_list_final_add_pre_Item_Separation_part1_goal49,True
data/why3/frama_c/contiki_list/list_add_Why3_ide.mlw,list_add_Why3_ide_VClist_add_call_list_final_add_pre_Item_Separation_part4_goal50,True
data/why3/frama_c/contiki_list/list_add_Why3_ide.mlw,list_add_Why3_ide_VClist_add_call_list_final_add_pre_Separation_part1_goal51,True
data/why3/frama_c/contiki_list/list_add_Why3_ide.mlw,list_add_Why3_ide_VClist_add_call_list_final_add_pre_Separation_part4_goal52,True
data/why3/frama_c/contiki_list/list_add_Why3_ide.mlw,list_add_Why3_ide_VClist_add_call_list_final_add_pre_Separation_2_part1_goal53,True
data/why3/frama_c/contiki_list/list_add_Why3_ide.mlw,list_add_Why3_ide_VClist_add_call_list_final_add_pre_Separation_2_part4_goal54,True
data/why3/frama_c/contiki_list/list_add_Why3_ide.mlw,list_add_Why3_ide_VClist_add_call_list_final_add_pre_Unique_part1_goal55,True
data/why3/frama_c/contiki_list/list_add_Why3_ide.mlw,list_add_Why3_ide_VClist_add_call_list_final_add_pre_Unique_part4_goal56,True
data/why3/frama_c/contiki_list/list_add_Why3_ide.mlw,list_add_Why3_ide_VClist_add_contains_item_post_part1_goal57,True
data/why3/frama_c/contiki_list/list_add_Why3_ide.mlw,list_add_Why3_ide_VClist_add_contains_item_post_part2_goal58,True
data/why3/frama_c/contiki_list/list_add_Why3_ide.mlw,list_add_Why3_ide_VClist_add_contains_item_post_part7_goal59,True
data/why3/frama_c/contiki_list/list_add_Why3_ide.mlw,list_add_Why3_ide_VClist_add_contains_item_post_2_part1_goal60,True
data/why3/frama_c/contiki_list/list_add_Why3_ide.mlw,list_add_Why3_ide_VClist_add_contains_item_post_2_part2_goal61,True
data/why3/frama_c/contiki_list/list_add_Why3_ide.mlw,list_add_Why3_ide_VClist_add_contains_item_post_2_part7_goal62,True
data/why3/frama_c/contiki_list/list_add_Why3_ide.mlw,list_add_Why3_ide_VClist_add_contains_item_post_2_part8_goal63,True
data/why3/frama_c/contiki_list/list_add_Why3_ide.mlw,list_add_Why3_ide_VClist_add_contains_item_post_3_part1_goal64,True
data/why3/frama_c/contiki_list/list_add_Why3_ide.mlw,list_add_Why3_ide_VClist_add_contains_item_post_3_part2_goal65,True
data/why3/frama_c/contiki_list/list_add_Why3_ide.mlw,list_add_Why3_ide_VClist_add_contains_item_post_3_part7_goal66,True
data/why3/frama_c/contiki_list/list_add_Why3_ide.mlw,list_add_Why3_ide_VClist_add_contains_item_post_3_part8_goal67,True
data/why3/frama_c/contiki_list/list_add_Why3_ide.mlw,list_add_Why3_ide_VClist_add_contains_item_post_4_part1_goal68,True
data/why3/frama_c/contiki_list/list_add_Why3_ide.mlw,list_add_Why3_ide_VClist_add_contains_item_post_4_part2_goal69,True
data/why3/frama_c/contiki_list/list_add_Why3_ide.mlw,list_add_Why3_ide_VClist_add_contains_item_post_4_part7_goal70,True
data/why3/frama_c/contiki_list/list_add_Why3_ide.mlw,list_add_Why3_ide_VClist_add_contains_item_post_5_part1_goal71,True
data/why3/frama_c/contiki_list/list_add_Why3_ide.mlw,list_add_Why3_ide_VClist_add_contains_item_post_5_part2_goal72,True
data/why3/frama_c/contiki_list/list_add_Why3_ide.mlw,list_add_Why3_ide_VClist_add_contains_item_post_5_part7_goal73,True
data/why3/frama_c/contiki_list/list_add_Why3_ide.mlw,list_add_Why3_ide_VClist_add_contains_item_post_5_part8_goal74,True
data/why3/frama_c/contiki_list/list_add_Why3_ide.mlw,list_add_Why3_ide_VClist_add_contains_item_post_GhostSeparation_part1_goal75,True
data/why3/frama_c/contiki_list/list_add_Why3_ide.mlw,list_add_Why3_ide_VClist_add_contains_item_post_GhostSeparation_part2_goal76,True
data/why3/frama_c/contiki_list/list_add_Why3_ide.mlw,list_add_Why3_ide_VClist_add_contains_item_post_GhostSeparation_part7_goal77,True
data/why3/frama_c/contiki_list/list_add_Why3_ide.mlw,list_add_Why3_ide_VClist_add_contains_item_post_GhostSeparation_part8_goal78,True
data/why3/frama_c/contiki_list/list_add_Why3_ide.mlw,list_add_Why3_ide_VClist_add_contains_item_post_Separation_part1_goal79,True
data/why3/frama_c/contiki_list/list_add_Why3_ide.mlw,list_add_Why3_ide_VClist_add_contains_item_post_Separation_part2_goal80,True
data/why3/frama_c/contiki_list/list_add_Why3_ide.mlw,list_add_Why3_ide_VClist_add_contains_item_post_Separation_part7_goal81,True
data/why3/frama_c/contiki_list/list_add_Why3_ide.mlw,list_add_Why3_ide_VClist_add_contains_item_post_Separation_part8_goal82,True
data/why3/frama_c/contiki_list/list_add_Why3_ide.mlw,list_add_Why3_ide_VClist_add_contains_item_post_Separation_2_part1_goal83,True
data/why3/frama_c/contiki_list/list_add_Why3_ide.mlw,list_add_Why3_ide_VClist_add_contains_item_post_Separation_2_part2_goal84,True
data/why3/frama_c/contiki_list/list_add_Why3_ide.mlw,list_add_Why3_ide_VClist_add_contains_item_post_Separation_2_part7_goal85,True
data/why3/frama_c/contiki_list/list_add_Why3_ide.mlw,list_add_Why3_ide_VClist_add_contains_item_post_Separation_2_part8_goal86,True
data/why3/frama_c/contiki_list/list_add_Why3_ide.mlw,list_add_Why3_ide_VClist_add_contains_item_post_Unique_part1_goal87,True
data/why3/frama_c/contiki_list/list_add_Why3_ide.mlw,list_add_Why3_ide_VClist_add_contains_item_post_Unique_part2_goal88,True
data/why3/frama_c/contiki_list/list_add_Why3_ide.mlw,list_add_Why3_ide_VClist_add_contains_item_post_Unique_part7_goal89,True
data/why3/frama_c/contiki_list/list_add_Why3_ide.mlw,list_add_Why3_ide_VClist_add_contains_item_post_Unique_part8_goal90,True
data/why3/frama_c/contiki_list/list_add_Why3_ide.mlw,list_add_Why3_ide_VClist_add_does_not_contain_item_post_part1_goal91,True
data/why3/frama_c/contiki_list/list_add_Why3_ide.mlw,list_add_Why3_ide_VClist_add_does_not_contain_item_post_part7_goal92,True
data/why3/frama_c/contiki_list/list_add_Why3_ide.mlw,list_add_Why3_ide_VClist_add_does_not_contain_item_post_part8_goal93,True
data/why3/frama_c/contiki_list/list_add_Why3_ide.mlw,list_add_Why3_ide_VClist_add_does_not_contain_item_post_2_part1_goal94,True
data/why3/frama_c/contiki_list/list_add_Why3_ide.mlw,list_add_Why3_ide_VClist_add_does_not_contain_item_post_2_part2_goal95,True
data/why3/frama_c/contiki_list/list_add_Why3_ide.mlw,list_add_Why3_ide_VClist_add_does_not_contain_item_post_2_part7_goal96,True
data/why3/frama_c/contiki_list/list_add_Why3_ide.mlw,list_add_Why3_ide_VClist_add_does_not_contain_item_post_2_part8_goal97,True
data/why3/frama_c/contiki_list/list_add_Why3_ide.mlw,list_add_Why3_ide_VClist_add_does_not_contain_item_post_End_part1_goal98,True
data/why3/frama_c/contiki_list/list_add_Why3_ide.mlw,list_add_Why3_ide_VClist_add_does_not_contain_item_post_End_part2_goal99,True
data/why3/frama_c/contiki_list/list_add_Why3_ide.mlw,list_add_Why3_ide_VClist_add_does_not_contain_item_post_End_part7_goal100,True
data/why3/frama_c/contiki_list/list_add_Why3_ide.mlw,list_add_Why3_ide_VClist_add_does_not_contain_item_post_End_part8_goal101,True
data/why3/frama_c/contiki_list/list_add_Why3_ide.mlw,list_add_Why3_ide_VClist_add_does_not_contain_item_post_3_part1_goal102,True
data/why3/frama_c/contiki_list/list_add_Why3_ide.mlw,list_add_Why3_ide_VClist_add_does_not_contain_item_post_3_part7_goal103,True
data/why3/frama_c/contiki_list/list_add_Why3_ide.mlw,list_add_Why3_ide_VClist_add_does_not_contain_item_post_3_part8_goal104,True
data/why3/frama_c/contiki_list/list_add_Why3_ide.mlw,list_add_Why3_ide_VClist_add_does_not_contain_item_post_GhostSeparation_part1_goal105,True
data/why3/frama_c/contiki_list/list_add_Why3_ide.mlw,list_add_Why3_ide_VClist_add_does_not_contain_item_post_GhostSeparation_part2_goal106,True
data/why3/frama_c/contiki_list/list_add_Why3_ide.mlw,list_add_Why3_ide_VClist_add_does_not_contain_item_post_GhostSeparation_part7_goal107,True
data/why3/frama_c/contiki_list/list_add_Why3_ide.mlw,list_add_Why3_ide_VClist_add_does_not_contain_item_post_GhostSeparation_part8_goal108,True
data/why3/frama_c/contiki_list/list_add_Why3_ide.mlw,list_add_Why3_ide_VClist_add_does_not_contain_item_post_Separation_part1_goal109,True
data/why3/frama_c/contiki_list/list_add_Why3_ide.mlw,list_add_Why3_ide_VClist_add_does_not_contain_item_post_Separation_part2_goal110,True
data/why3/frama_c/contiki_list/list_add_Why3_ide.mlw,list_add_Why3_ide_VClist_add_does_not_contain_item_post_Separation_part7_goal111,True
data/why3/frama_c/contiki_list/list_add_Why3_ide.mlw,list_add_Why3_ide_VClist_add_does_not_contain_item_post_Separation_part8_goal112,True
data/why3/frama_c/contiki_list/list_add_Why3_ide.mlw,list_add_Why3_ide_VClist_add_does_not_contain_item_post_Separation_2_part1_goal113,True
data/why3/frama_c/contiki_list/list_add_Why3_ide.mlw,list_add_Why3_ide_VClist_add_does_not_contain_item_post_Separation_2_part2_goal114,True
data/why3/frama_c/contiki_list/list_add_Why3_ide.mlw,list_add_Why3_ide_VClist_add_does_not_contain_item_post_Separation_2_part7_goal115,True
data/why3/frama_c/contiki_list/list_add_Why3_ide.mlw,list_add_Why3_ide_VClist_add_does_not_contain_item_post_Separation_2_part8_goal116,True
data/why3/frama_c/contiki_list/list_add_Why3_ide.mlw,list_add_Why3_ide_VClist_add_does_not_contain_item_post_Unique_part1_goal117,True
data/why3/frama_c/contiki_list/list_add_Why3_ide.mlw,list_add_Why3_ide_VClist_add_does_not_contain_item_post_Unique_part2_goal118,True
data/why3/frama_c/contiki_list/list_add_Why3_ide.mlw,list_add_Why3_ide_VClist_add_does_not_contain_item_post_Unique_part7_goal119,True
data/why3/frama_c/contiki_list/list_add_Why3_ide.mlw,list_add_Why3_ide_VClist_add_does_not_contain_item_post_Unique_part8_goal120,True
data/why3/frama_c/contiki_list/list_chop_Why3_ide.mlw,list_chop_Why3_ide_VClist_chop_complete_more_one_empty_goal0,True
data/why3/frama_c/contiki_list/list_chop_Why3_ide.mlw,list_chop_Why3_ide_VClist_chop_disjoint_more_one_empty_part1_goal1,True
data/why3/frama_c/contiki_list/list_chop_Why3_ide.mlw,list_chop_Why3_ide_VClist_chop_disjoint_more_one_empty_part2_goal2,True
data/why3/frama_c/contiki_list/list_chop_Why3_ide.mlw,list_chop_Why3_ide_VClist_chop_disjoint_more_one_empty_part3_goal3,True
data/why3/frama_c/contiki_list/list_chop_Why3_ide.mlw,list_chop_Why3_ide_VClist_chop_post_GhostSeparation_2_part1_goal4,True
data/why3/frama_c/contiki_list/list_chop_Why3_ide.mlw,list_chop_Why3_ide_VClist_chop_post_GhostSeparation_2_part2_goal5,True
data/why3/frama_c/contiki_list/list_chop_Why3_ide.mlw,list_chop_Why3_ide_VClist_chop_post_GhostSeparation_2_part3_goal6,True
data/why3/frama_c/contiki_list/list_chop_Why3_ide.mlw,list_chop_Why3_ide_VClist_chop_post_GhostSeparation_3_part2_goal7,True
data/why3/frama_c/contiki_list/list_chop_Why3_ide.mlw,list_chop_Why3_ide_VClist_chop_post_GhostSeparation_3_part3_goal8,True
data/why3/frama_c/contiki_list/list_chop_Why3_ide.mlw,list_chop_Why3_ide_VClist_chop_post_part1_goal9,True
data/why3/frama_c/contiki_list/list_chop_Why3_ide.mlw,list_chop_Why3_ide_VClist_chop_post_part2_goal10,True
data/why3/frama_c/contiki_list/list_chop_Why3_ide.mlw,list_chop_Why3_ide_VClist_chop_post_part3_goal11,True
data/why3/frama_c/contiki_list/list_chop_Why3_ide.mlw,list_chop_Why3_ide_VClist_chop_post_Separation_part1_goal12,True
data/why3/frama_c/contiki_list/list_chop_Why3_ide.mlw,list_chop_Why3_ide_VClist_chop_post_Separation_part2_goal13,True
data/why3/frama_c/contiki_list/list_chop_Why3_ide.mlw,list_chop_Why3_ide_VClist_chop_post_Separation_part3_goal14,True
data/why3/frama_c/contiki_list/list_chop_Why3_ide.mlw,list_chop_Why3_ide_VClist_chop_post_Separation_2_part1_goal15,True
data/why3/frama_c/contiki_list/list_chop_Why3_ide.mlw,list_chop_Why3_ide_VClist_chop_post_Separation_2_part2_goal16,True
data/why3/frama_c/contiki_list/list_chop_Why3_ide.mlw,list_chop_Why3_ide_VClist_chop_post_Separation_2_part3_goal17,True
data/why3/frama_c/contiki_list/list_chop_Why3_ide.mlw,list_chop_Why3_ide_VClist_chop_post_Unique_part1_goal18,True
data/why3/frama_c/contiki_list/list_chop_Why3_ide.mlw,list_chop_Why3_ide_VClist_chop_post_Unique_part2_goal19,True
data/why3/frama_c/contiki_list/list_chop_Why3_ide.mlw,list_chop_Why3_ide_VClist_chop_post_Unique_part3_goal20,True
data/why3/frama_c/contiki_list/list_chop_Why3_ide.mlw,list_chop_Why3_ide_VClist_chop_assert_rte_mem_access_goal21,True
data/why3/frama_c/contiki_list/list_chop_Why3_ide.mlw,list_chop_Why3_ide_VClist_chop_assert_rte_mem_access_3_goal22,True
data/why3/frama_c/contiki_list/list_chop_Why3_ide.mlw,list_chop_Why3_ide_VClist_chop_loop_inv_preserved_goal23,True
data/why3/frama_c/contiki_list/list_chop_Why3_ide.mlw,list_chop_Why3_ide_VClist_chop_loop_inv_established_goal24,True
data/why3/frama_c/contiki_list/list_chop_Why3_ide.mlw,list_chop_Why3_ide_VClist_chop_loop_inv_2_preserved_goal25,True
data/why3/frama_c/contiki_list/list_chop_Why3_ide.mlw,list_chop_Why3_ide_VClist_chop_loop_inv_2_established_goal26,True
data/why3/frama_c/contiki_list/list_chop_Why3_ide.mlw,list_chop_Why3_ide_VClist_chop_loop_inv_3_preserved_goal27,True
data/why3/frama_c/contiki_list/list_chop_Why3_ide.mlw,list_chop_Why3_ide_VClist_chop_loop_inv_4_preserved_goal28,True
data/why3/frama_c/contiki_list/list_chop_Why3_ide.mlw,list_chop_Why3_ide_VClist_chop_loop_inv_4_established_goal29,True
data/why3/frama_c/contiki_list/list_chop_Why3_ide.mlw,list_chop_Why3_ide_VClist_chop_assert_rte_mem_access_7_goal30,True
data/why3/frama_c/contiki_list/list_chop_Why3_ide.mlw,list_chop_Why3_ide_VClist_chop_assert_rte_mem_access_8_goal31,True
data/why3/frama_c/contiki_list/list_chop_Why3_ide.mlw,list_chop_Why3_ide_VClist_chop_assert_rte_signed_overflow_goal32,True
data/why3/frama_c/contiki_list/list_chop_Why3_ide.mlw,list_chop_Why3_ide_VClist_chop_assert_rte_mem_access_12_goal33,True
data/why3/frama_c/contiki_list/list_chop_Why3_ide.mlw,list_chop_Why3_ide_VClist_chop_assert_rte_signed_overflow_2_goal34,True
data/why3/frama_c/contiki_list/list_chop_Why3_ide.mlw,list_chop_Why3_ide_VClist_chop_assert_rte_signed_overflow_3_goal35,True
data/why3/frama_c/contiki_list/list_chop_Why3_ide.mlw,list_chop_Why3_ide_VClist_chop_assert_rte_signed_overflow_4_goal36,True
data/why3/frama_c/contiki_list/list_chop_Why3_ide.mlw,list_chop_Why3_ide_VClist_chop_assert_rte_signed_overflow_5_goal37,True
data/why3/frama_c/contiki_list/list_chop_Why3_ide.mlw,list_chop_Why3_ide_VClist_chop_assert_rte_mem_access_13_goal38,True
data/why3/frama_c/contiki_list/list_chop_Why3_ide.mlw,list_chop_Why3_ide_VClist_chop_assign_normal_part10_goal39,True
data/why3/frama_c/contiki_list/list_chop_Why3_ide.mlw,list_chop_Why3_ide_VClist_chop_loop_term_positive_goal40,True
data/why3/frama_c/contiki_list/list_chop_Why3_ide.mlw,list_chop_Why3_ide_VClist_chop_call_linked_n_before_last_pre_Linked_goal41,False
data/why3/frama_c/contiki_list/list_chop_Why3_ide.mlw,list_chop_Why3_ide_VClist_chop_call_linked_n_before_last_pre_part1_goal42,True
data/why3/frama_c/contiki_list/list_chop_Why3_ide.mlw,list_chop_Why3_ide_VClist_chop_call_linked_n_before_last_pre_part2_goal43,True
data/why3/frama_c/contiki_list/list_chop_Why3_ide.mlw,list_chop_Why3_ide_VClist_chop_empty_post_part2_goal44,True
data/why3/frama_c/contiki_list/list_chop_Why3_ide.mlw,list_chop_Why3_ide_VClist_chop_empty_post_2_part2_goal45,True
data/why3/frama_c/contiki_list/list_chop_Why3_ide.mlw,list_chop_Why3_ide_VClist_chop_more_post_part1_goal46,True
data/why3/frama_c/contiki_list/list_chop_Why3_ide.mlw,list_chop_Why3_ide_VClist_chop_more_post_part2_goal47,True
data/why3/frama_c/contiki_list/list_chop_Why3_ide.mlw,list_chop_Why3_ide_VClist_chop_more_post_part3_goal48,True
data/why3/frama_c/contiki_list/list_chop_Why3_ide.mlw,list_chop_Why3_ide_VClist_chop_more_post_2_part1_goal49,True
data/why3/frama_c/contiki_list/list_chop_Why3_ide.mlw,list_chop_Why3_ide_VClist_chop_more_post_2_part2_goal50,True
data/why3/frama_c/contiki_list/list_chop_Why3_ide.mlw,list_chop_Why3_ide_VClist_chop_more_post_2_part3_goal51,True
data/why3/frama_c/contiki_list/list_chop_Why3_ide.mlw,list_chop_Why3_ide_VClist_chop_more_post_3_part1_goal52,True
data/why3/frama_c/contiki_list/list_chop_Why3_ide.mlw,list_chop_Why3_ide_VClist_chop_more_post_3_part2_goal53,True
data/why3/frama_c/contiki_list/list_chop_Why3_ide.mlw,list_chop_Why3_ide_VClist_chop_more_post_3_part3_goal54,False
data/why3/frama_c/contiki_list/list_chop_Why3_ide.mlw,list_chop_Why3_ide_VClist_chop_more_post_4_part2_goal55,True
data/why3/frama_c/contiki_list/list_chop_Why3_ide.mlw,list_chop_Why3_ide_VClist_chop_more_post_4_part3_goal56,True
data/why3/frama_c/contiki_list/list_chop_Why3_ide.mlw,list_chop_Why3_ide_VClist_chop_one_post_part1_goal57,True
data/why3/frama_c/contiki_list/list_chop_Why3_ide.mlw,list_chop_Why3_ide_VClist_chop_one_post_part2_goal58,True
data/why3/frama_c/contiki_list/list_chop_Why3_ide.mlw,list_chop_Why3_ide_VClist_chop_one_post_3_part1_goal59,True
data/why3/frama_c/contiki_list/list_chop_Why3_ide.mlw,list_chop_Why3_ide_VClist_chop_one_post_3_part2_goal60,True
data/why3/frama_c/contiki_list/list_copy_Why3_ide.mlw,list_copy_Why3_ide_VClist_copy_post_goal0,False
data/why3/frama_c/contiki_list/list_copy_Why3_ide.mlw,list_copy_Why3_ide_VClist_copy_post_2_goal1,False
data/why3/frama_c/contiki_list/list_copy_Why3_ide.mlw,list_copy_Why3_ide_VClist_copy_assert_rte_mem_access_goal2,True
data/why3/frama_c/contiki_list/list_final_add_Why3_ide.mlw,list_final_add_Why3_ide_VClist_final_add_post_goal0,False
data/why3/frama_c/contiki_list/list_final_add_Why3_ide.mlw,list_final_add_Why3_ide_VClist_final_add_post_2_goal1,True
data/why3/frama_c/contiki_list/list_final_add_Why3_ide.mlw,list_final_add_Why3_ide_VClist_final_add_post_3_goal2,True
data/why3/frama_c/contiki_list/list_final_add_Why3_ide.mlw,list_final_add_Why3_ide_VClist_final_add_post_4_goal3,True
data/why3/frama_c/contiki_list/list_final_add_Why3_ide.mlw,list_final_add_Why3_ide_VClist_final_add_post_GhostSeparation_2_goal4,True
data/why3/frama_c/contiki_list/list_final_add_Why3_ide.mlw,list_final_add_Why3_ide_VClist_final_add_post_GhostSeparation_3_goal5,True
data/why3/frama_c/contiki_list/list_final_add_Why3_ide.mlw,list_final_add_Why3_ide_VClist_final_add_post_Separation_goal6,True
data/why3/frama_c/contiki_list/list_final_add_Why3_ide.mlw,list_final_add_Why3_ide_VClist_final_add_post_Separation_2_goal7,True
data/why3/frama_c/contiki_list/list_final_add_Why3_ide.mlw,list_final_add_Why3_ide_VClist_final_add_post_Unique_goal8,True
data/why3/frama_c/contiki_list/list_final_add_Why3_ide.mlw,list_final_add_Why3_ide_VClist_final_add_assert_rte_mem_access_goal9,True
data/why3/frama_c/contiki_list/list_final_add_Why3_ide.mlw,list_final_add_Why3_ide_VClist_final_add_assert_rte_signed_overflow_goal10,True
data/why3/frama_c/contiki_list/list_final_add_Why3_ide.mlw,list_final_add_Why3_ide_VClist_final_add_assert_rte_signed_overflow_2_goal11,True
data/why3/frama_c/contiki_list/list_final_add_Why3_ide.mlw,list_final_add_Why3_ide_VClist_final_add_assert_rte_mem_access_2_goal12,True
data/why3/frama_c/contiki_list/list_head_Why3_ide.mlw,list_head_Why3_ide_VClist_head_assert_rte_mem_access_goal0,True
data/why3/frama_c/contiki_list/list_head_Why3_ide.mlw,list_head_Why3_ide_VClist_head_not_empty_post_goal1,True
data/why3/frama_c/contiki_list/list_init_Why3_ide.mlw,list_init_Why3_ide_VClist_init_post_goal0,True
data/why3/frama_c/contiki_list/list_init_Why3_ide.mlw,list_init_Why3_ide_VClist_init_post_2_goal1,True
data/why3/frama_c/contiki_list/list_item_next_Why3_ide.mlw,list_item_next_Why3_ide_VClist_item_next_assert_rte_mem_access_goal0,True
data/why3/frama_c/contiki_list/list_item_next_Why3_ide.mlw,list_item_next_Why3_ide_VClist_item_next_not_empty_post_part2_goal1,True
data/why3/frama_c/contiki_list/list_length_Why3_ide.mlw,list_length_Why3_ide_VClist_length_post_goal0,True
data/why3/frama_c/contiki_list/list_length_Why3_ide.mlw,list_length_Why3_ide_VClist_length_assert_rte_mem_access_goal1,True
data/why3/frama_c/contiki_list/list_length_Why3_ide.mlw,list_length_Why3_ide_VClist_length_loop_inv_preserved_part1_goal2,True
data/why3/frama_c/contiki_list/list_length_Why3_ide.mlw,list_length_Why3_ide_VClist_length_loop_inv_preserved_part2_goal3,True
data/why3/frama_c/contiki_list/list_length_Why3_ide.mlw,list_length_Why3_ide_VClist_length_loop_inv_established_part2_goal4,True
data/why3/frama_c/contiki_list/list_length_Why3_ide.mlw,list_length_Why3_ide_VClist_length_loop_inv_2_preserved_goal5,True
data/why3/frama_c/contiki_list/list_length_Why3_ide.mlw,list_length_Why3_ide_VClist_length_assert_rte_signed_overflow_goal6,True
data/why3/frama_c/contiki_list/list_length_Why3_ide.mlw,list_length_Why3_ide_VClist_length_assert_rte_mem_access_2_goal7,True
data/why3/frama_c/contiki_list/list_pop_Why3_ide.mlw,list_pop_Why3_ide_VClist_pop_complete_more_empty_goal0,True
data/why3/frama_c/contiki_list/list_pop_Why3_ide.mlw,list_pop_Why3_ide_VClist_pop_disjoint_more_empty_goal1,True
data/why3/frama_c/contiki_list/list_pop_Why3_ide.mlw,list_pop_Why3_ide_VClist_pop_post_2_part1_goal2,True
data/why3/frama_c/contiki_list/list_pop_Why3_ide.mlw,list_pop_Why3_ide_VClist_pop_post_2_part2_goal3,True
data/why3/frama_c/contiki_list/list_pop_Why3_ide.mlw,list_pop_Why3_ide_VClist_pop_post_3_part1_goal4,True
data/why3/frama_c/contiki_list/list_pop_Why3_ide.mlw,list_pop_Why3_ide_VClist_pop_assert_rte_mem_access_goal5,True
data/why3/frama_c/contiki_list/list_pop_Why3_ide.mlw,list_pop_Why3_ide_VClist_pop_assert_rte_mem_access_4_goal6,True
data/why3/frama_c/contiki_list/list_pop_Why3_ide.mlw,list_pop_Why3_ide_VClist_pop_empty_post_part1_goal7,True
data/why3/frama_c/contiki_list/list_pop_Why3_ide.mlw,list_pop_Why3_ide_VClist_pop_empty_post_2_part1_goal8,True
data/why3/frama_c/contiki_list/list_pop_Why3_ide.mlw,list_pop_Why3_ide_VClist_pop_empty_post_3_part1_goal9,True
data/why3/frama_c/contiki_list/list_pop_Why3_ide.mlw,list_pop_Why3_ide_VClist_pop_empty_post_3_part2_goal10,True
data/why3/frama_c/contiki_list/list_pop_Why3_ide.mlw,list_pop_Why3_ide_VClist_pop_empty_post_4_part1_goal11,True
data/why3/frama_c/contiki_list/list_pop_Why3_ide.mlw,list_pop_Why3_ide_VClist_pop_empty_assign_part2_goal12,True
data/why3/frama_c/contiki_list/list_pop_Why3_ide.mlw,list_pop_Why3_ide_VClist_pop_more_post_part2_goal13,True
data/why3/frama_c/contiki_list/list_pop_Why3_ide.mlw,list_pop_Why3_ide_VClist_pop_more_post_2_part1_goal14,False
data/why3/frama_c/contiki_list/list_pop_Why3_ide.mlw,list_pop_Why3_ide_VClist_pop_more_post_2_part2_goal15,True
data/why3/frama_c/contiki_list/list_pop_Why3_ide.mlw,list_pop_Why3_ide_VClist_pop_more_post_3_part1_goal16,False
data/why3/frama_c/contiki_list/list_pop_Why3_ide.mlw,list_pop_Why3_ide_VClist_pop_more_post_3_part2_goal17,True
data/why3/frama_c/contiki_list/list_pop_Why3_ide.mlw,list_pop_Why3_ide_VClist_pop_more_post_Unique_part1_goal18,True
data/why3/frama_c/contiki_list/list_pop_Why3_ide.mlw,list_pop_Why3_ide_VClist_pop_more_post_Unique_part2_goal19,True
data/why3/frama_c/contiki_list/list_pop_Why3_ide.mlw,list_pop_Why3_ide_VClist_pop_more_post_Separation_part1_goal20,True
data/why3/frama_c/contiki_list/list_pop_Why3_ide.mlw,list_pop_Why3_ide_VClist_pop_more_post_Separation_part2_goal21,True
data/why3/frama_c/contiki_list/list_pop_Why3_ide.mlw,list_pop_Why3_ide_VClist_pop_more_post_Separation_2_part1_goal22,True
data/why3/frama_c/contiki_list/list_pop_Why3_ide.mlw,list_pop_Why3_ide_VClist_pop_more_post_Separation_2_part2_goal23,True
data/why3/frama_c/contiki_list/list_pop_Why3_ide.mlw,list_pop_Why3_ide_VClist_pop_more_post_NoMoreHere_part1_goal24,False
data/why3/frama_c/contiki_list/list_pop_Why3_ide.mlw,list_pop_Why3_ide_VClist_pop_more_post_NoMoreHere_part2_goal25,True
data/why3/frama_c/contiki_list/list_pop_Why3_ide.mlw,list_pop_Why3_ide_VClist_pop_more_post_NoMoreHere_2_part1_goal26,False
data/why3/frama_c/contiki_list/list_pop_Why3_ide.mlw,list_pop_Why3_ide_VClist_pop_more_post_NoMoreHere_2_part2_goal27,True
data/why3/frama_c/contiki_list/list_push_Why3_ide.mlw,list_push_Why3_ide_VClist_push_assert_rte_signed_overflow_goal0,True
data/why3/frama_c/contiki_list/list_push_Why3_ide.mlw,list_push_Why3_ide_VClist_push_assert_rte_signed_overflow_2_goal1,True
data/why3/frama_c/contiki_list/list_push_Why3_ide.mlw,list_push_Why3_ide_VClist_push_assert_rte_signed_overflow_3_goal2,True
data/why3/frama_c/contiki_list/list_push_Why3_ide.mlw,list_push_Why3_ide_VClist_push_assert_rte_signed_overflow_10_part1_goal3,True
data/why3/frama_c/contiki_list/list_push_Why3_ide.mlw,list_push_Why3_ide_VClist_push_assert_rte_signed_overflow_10_part4_goal4,True
data/why3/frama_c/contiki_list/list_push_Why3_ide.mlw,list_push_Why3_ide_VClist_push_assert_rte_mem_access_part1_goal5,True
data/why3/frama_c/contiki_list/list_push_Why3_ide.mlw,list_push_Why3_ide_VClist_push_assert_rte_mem_access_part4_goal6,True
data/why3/frama_c/contiki_list/list_push_Why3_ide.mlw,list_push_Why3_ide_VClist_push_assert_rte_mem_access_2_part1_goal7,True
data/why3/frama_c/contiki_list/list_push_Why3_ide.mlw,list_push_Why3_ide_VClist_push_assert_rte_mem_access_2_part4_goal8,True
data/why3/frama_c/contiki_list/list_push_Why3_ide.mlw,list_push_Why3_ide_VClist_push_assert_rte_mem_access_3_part1_goal9,True
data/why3/frama_c/contiki_list/list_push_Why3_ide.mlw,list_push_Why3_ide_VClist_push_assert_rte_mem_access_3_part4_goal10,True
data/why3/frama_c/contiki_list/list_push_Why3_ide.mlw,list_push_Why3_ide_VClist_push_assign_exit_part15_goal11,True
data/why3/frama_c/contiki_list/list_push_Why3_ide.mlw,list_push_Why3_ide_VClist_push_assign_normal_part15_goal12,True
data/why3/frama_c/contiki_list/list_push_Why3_ide.mlw,list_push_Why3_ide_VClist_push_call_index_of_bounds_weak_pre_2_part1_goal13,True
data/why3/frama_c/contiki_list/list_push_Why3_ide.mlw,list_push_Why3_ide_VClist_push_call_index_of_bounds_weak_pre_2_part2_goal14,True
data/why3/frama_c/contiki_list/list_push_Why3_ide.mlw,list_push_Why3_ide_VClist_push_call_index_of_inter_existing_item_pre_3_part4_goal15,True
data/why3/frama_c/contiki_list/list_push_Why3_ide.mlw,list_push_Why3_ide_VClist_push_call_list_remove_pre_part1_goal16,True
data/why3/frama_c/contiki_list/list_push_Why3_ide.mlw,list_push_Why3_ide_VClist_push_call_list_remove_pre_part7_goal17,True
data/why3/frama_c/contiki_list/list_push_Why3_ide.mlw,list_push_Why3_ide_VClist_push_call_list_remove_pre_GhostSeparation_2_part1_goal18,True
data/why3/frama_c/contiki_list/list_push_Why3_ide.mlw,list_push_Why3_ide_VClist_push_call_list_remove_pre_GhostSeparation_2_part4_goal19,True
data/why3/frama_c/contiki_list/list_push_Why3_ide.mlw,list_push_Why3_ide_VClist_push_call_list_remove_pre_Item_Separation_part1_goal20,True
data/why3/frama_c/contiki_list/list_push_Why3_ide.mlw,list_push_Why3_ide_VClist_push_call_list_remove_pre_Item_Separation_part4_goal21,True
data/why3/frama_c/contiki_list/list_push_Why3_ide.mlw,list_push_Why3_ide_VClist_push_call_list_remove_pre_Separation_part1_goal22,True
data/why3/frama_c/contiki_list/list_push_Why3_ide.mlw,list_push_Why3_ide_VClist_push_call_list_remove_pre_Separation_part4_goal23,True
data/why3/frama_c/contiki_list/list_push_Why3_ide.mlw,list_push_Why3_ide_VClist_push_call_list_remove_pre_Separation_2_part1_goal24,True
data/why3/frama_c/contiki_list/list_push_Why3_ide.mlw,list_push_Why3_ide_VClist_push_call_list_remove_pre_Separation_2_part4_goal25,True
data/why3/frama_c/contiki_list/list_push_Why3_ide.mlw,list_push_Why3_ide_VClist_push_call_list_remove_pre_Unique_part1_goal26,True
data/why3/frama_c/contiki_list/list_push_Why3_ide.mlw,list_push_Why3_ide_VClist_push_call_list_remove_pre_Unique_part4_goal27,True
data/why3/frama_c/contiki_list/list_push_Why3_ide.mlw,list_push_Why3_ide_VClist_push_contains_item_post_part1_goal28,True
data/why3/frama_c/contiki_list/list_push_Why3_ide.mlw,list_push_Why3_ide_VClist_push_contains_item_post_part4_goal29,False
data/why3/frama_c/contiki_list/list_push_Why3_ide.mlw,list_push_Why3_ide_VClist_push_contains_item_post_2_part1_goal30,True
data/why3/frama_c/contiki_list/list_push_Why3_ide.mlw,list_push_Why3_ide_VClist_push_contains_item_post_2_part4_goal31,False
data/why3/frama_c/contiki_list/list_push_Why3_ide.mlw,list_push_Why3_ide_VClist_push_contains_item_post_3_part1_goal32,True
data/why3/frama_c/contiki_list/list_push_Why3_ide.mlw,list_push_Why3_ide_VClist_push_contains_item_post_3_part4_goal33,False
data/why3/frama_c/contiki_list/list_push_Why3_ide.mlw,list_push_Why3_ide_VClist_push_contains_item_post_4_part1_goal34,True
data/why3/frama_c/contiki_list/list_push_Why3_ide.mlw,list_push_Why3_ide_VClist_push_contains_item_post_4_part4_goal35,True
data/why3/frama_c/contiki_list/list_push_Why3_ide.mlw,list_push_Why3_ide_VClist_push_contains_item_post_GhostSeparation_part1_goal36,True
data/why3/frama_c/contiki_list/list_push_Why3_ide.mlw,list_push_Why3_ide_VClist_push_contains_item_post_GhostSeparation_part4_goal37,False
data/why3/frama_c/contiki_list/list_push_Why3_ide.mlw,list_push_Why3_ide_VClist_push_contains_item_post_Separation_part1_goal38,True
data/why3/frama_c/contiki_list/list_push_Why3_ide.mlw,list_push_Why3_ide_VClist_push_contains_item_post_Separation_part4_goal39,False
data/why3/frama_c/contiki_list/list_push_Why3_ide.mlw,list_push_Why3_ide_VClist_push_contains_item_post_Separation_2_part1_goal40,True
data/why3/frama_c/contiki_list/list_push_Why3_ide.mlw,list_push_Why3_ide_VClist_push_contains_item_post_Separation_2_part4_goal41,False
data/why3/frama_c/contiki_list/list_push_Why3_ide.mlw,list_push_Why3_ide_VClist_push_contains_item_post_Unique_part1_goal42,True
data/why3/frama_c/contiki_list/list_push_Why3_ide.mlw,list_push_Why3_ide_VClist_push_contains_item_post_Unique_part4_goal43,False
data/why3/frama_c/contiki_list/list_push_Why3_ide.mlw,list_push_Why3_ide_VClist_push_stmt_post_part1_goal44,False
data/why3/frama_c/contiki_list/list_push_Why3_ide.mlw,list_push_Why3_ide_VClist_push_stmt_post_part4_goal45,False
data/why3/frama_c/contiki_list/list_push_Why3_ide.mlw,list_push_Why3_ide_VClist_push_does_not_contain_item_post_part1_goal46,False
data/why3/frama_c/contiki_list/list_push_Why3_ide.mlw,list_push_Why3_ide_VClist_push_does_not_contain_item_post_part4_goal47,True
data/why3/frama_c/contiki_list/list_push_Why3_ide.mlw,list_push_Why3_ide_VClist_push_does_not_contain_item_post_2_part1_goal48,False
data/why3/frama_c/contiki_list/list_push_Why3_ide.mlw,list_push_Why3_ide_VClist_push_does_not_contain_item_post_2_part4_goal49,True
data/why3/frama_c/contiki_list/list_push_Why3_ide.mlw,list_push_Why3_ide_VClist_push_does_not_contain_item_post_3_part1_goal50,True
data/why3/frama_c/contiki_list/list_push_Why3_ide.mlw,list_push_Why3_ide_VClist_push_does_not_contain_item_post_3_part4_goal51,True
data/why3/frama_c/contiki_list/list_push_Why3_ide.mlw,list_push_Why3_ide_VClist_push_does_not_contain_item_post_GhostSeparation_part1_goal52,False
data/why3/frama_c/contiki_list/list_push_Why3_ide.mlw,list_push_Why3_ide_VClist_push_does_not_contain_item_post_GhostSeparation_part4_goal53,True
data/why3/frama_c/contiki_list/list_push_Why3_ide.mlw,list_push_Why3_ide_VClist_push_does_not_contain_item_post_Separation_part1_goal54,False
data/why3/frama_c/contiki_list/list_push_Why3_ide.mlw,list_push_Why3_ide_VClist_push_does_not_contain_item_post_Separation_part4_goal55,True
data/why3/frama_c/contiki_list/list_push_Why3_ide.mlw,list_push_Why3_ide_VClist_push_does_not_contain_item_post_Separation_2_part1_goal56,False
data/why3/frama_c/contiki_list/list_push_Why3_ide.mlw,list_push_Why3_ide_VClist_push_does_not_contain_item_post_Separation_2_part4_goal57,True
data/why3/frama_c/contiki_list/list_push_Why3_ide.mlw,list_push_Why3_ide_VClist_push_does_not_contain_item_post_Unique_part1_goal58,False
data/why3/frama_c/contiki_list/list_push_Why3_ide.mlw,list_push_Why3_ide_VClist_push_does_not_contain_item_post_Unique_part4_goal59,True
data/why3/frama_c/contiki_list/list_remove_Why3_ide.mlw,list_remove_Why3_ide_VClist_remove_post_GhostSeparation_2_part2_goal0,True
data/why3/frama_c/contiki_list/list_remove_Why3_ide.mlw,list_remove_Why3_ide_VClist_remove_post_GhostSeparation_2_part5_goal1,True
data/why3/frama_c/contiki_list/list_remove_Why3_ide.mlw,list_remove_Why3_ide_VClist_remove_post_UnchangedItem_part2_goal2,True
data/why3/frama_c/contiki_list/list_remove_Why3_ide.mlw,list_remove_Why3_ide_VClist_remove_post_UnchangedItem_part5_goal3,True
data/why3/frama_c/contiki_list/list_remove_Why3_ide.mlw,list_remove_Why3_ide_VClist_remove_assert_rte_mem_access_goal4,True
data/why3/frama_c/contiki_list/list_remove_Why3_ide.mlw,list_remove_Why3_ide_VClist_remove_assert_rte_mem_access_4_goal5,True
data/why3/frama_c/contiki_list/list_remove_Why3_ide.mlw,list_remove_Why3_ide_VClist_remove_loop_inv_preserved_part1_goal6,True
data/why3/frama_c/contiki_list/list_remove_Why3_ide.mlw,list_remove_Why3_ide_VClist_remove_loop_inv_preserved_part2_goal7,True
data/why3/frama_c/contiki_list/list_remove_Why3_ide.mlw,list_remove_Why3_ide_VClist_remove_loop_inv_2_preserved_goal8,False
data/why3/frama_c/contiki_list/list_remove_Why3_ide.mlw,list_remove_Why3_ide_VClist_remove_loop_inv_2_established_goal9,True
data/why3/frama_c/contiki_list/list_remove_Why3_ide.mlw,list_remove_Why3_ide_VClist_remove_loop_inv_3_preserved_goal10,True
data/why3/frama_c/contiki_list/list_remove_Why3_ide.mlw,list_remove_Why3_ide_VClist_remove_loop_inv_3_established_goal11,True
data/why3/frama_c/contiki_list/list_remove_Why3_ide.mlw,list_remove_Why3_ide_VClist_remove_loop_inv_4_preserved_goal12,True
data/why3/frama_c/contiki_list/list_remove_Why3_ide.mlw,list_remove_Why3_ide_VClist_remove_loop_inv_4_established_goal13,True
data/why3/frama_c/contiki_list/list_remove_Why3_ide.mlw,list_remove_Why3_ide_VClist_remove_loop_inv_5_preserved_goal14,True
data/why3/frama_c/contiki_list/list_remove_Why3_ide.mlw,list_remove_Why3_ide_VClist_remove_loop_inv_5_established_goal15,True
data/why3/frama_c/contiki_list/list_remove_Why3_ide.mlw,list_remove_Why3_ide_VClist_remove_loop_inv_6_preserved_goal16,True
data/why3/frama_c/contiki_list/list_remove_Why3_ide.mlw,list_remove_Why3_ide_VClist_remove_loop_inv_6_established_goal17,True
data/why3/frama_c/contiki_list/list_remove_Why3_ide.mlw,list_remove_Why3_ide_VClist_remove_loop_inv_7_preserved_goal18,True
data/why3/frama_c/contiki_list/list_remove_Why3_ide.mlw,list_remove_Why3_ide_VClist_remove_assert_rte_mem_access_9_goal19,True
data/why3/frama_c/contiki_list/list_remove_Why3_ide.mlw,list_remove_Why3_ide_VClist_remove_assert_rte_signed_overflow_goal20,True
data/why3/frama_c/contiki_list/list_remove_Why3_ide.mlw,list_remove_Why3_ide_VClist_remove_assert_rte_mem_access_13_part2_goal21,True
data/why3/frama_c/contiki_list/list_remove_Why3_ide.mlw,list_remove_Why3_ide_VClist_remove_assert_rte_mem_access_15_part2_goal22,True
data/why3/frama_c/contiki_list/list_remove_Why3_ide.mlw,list_remove_Why3_ide_VClist_remove_assert_rte_signed_overflow_2_part2_goal23,True
data/why3/frama_c/contiki_list/list_remove_Why3_ide.mlw,list_remove_Why3_ide_VClist_remove_assert_rte_signed_overflow_3_part2_goal24,True
data/why3/frama_c/contiki_list/list_remove_Why3_ide.mlw,list_remove_Why3_ide_VClist_remove_assert_rte_signed_overflow_6_part2_goal25,True
data/why3/frama_c/contiki_list/list_remove_Why3_ide.mlw,list_remove_Why3_ide_VClist_remove_assert_rte_signed_overflow_7_part2_goal26,True
data/why3/frama_c/contiki_list/list_remove_Why3_ide.mlw,list_remove_Why3_ide_VClist_remove_assert_rte_signed_overflow_8_part2_goal27,True
data/why3/frama_c/contiki_list/list_remove_Why3_ide.mlw,list_remove_Why3_ide_VClist_remove_assign_part5_goal28,False
data/why3/frama_c/contiki_list/list_remove_Why3_ide.mlw,list_remove_Why3_ide_VClist_remove_contains_item_post_Linked_part1_goal29,True
data/why3/frama_c/contiki_list/list_remove_Why3_ide.mlw,list_remove_Why3_ide_VClist_remove_contains_item_post_Linked_part2_goal30,False
data/why3/frama_c/contiki_list/list_remove_Why3_ide.mlw,list_remove_Why3_ide_VClist_remove_contains_item_post_Linked_part4_goal31,True
data/why3/frama_c/contiki_list/list_remove_Why3_ide.mlw,list_remove_Why3_ide_VClist_remove_contains_item_post_Linked_part5_goal32,False
data/why3/frama_c/contiki_list/list_remove_Why3_ide.mlw,list_remove_Why3_ide_VClist_remove_contains_item_post_ItemNotIn_part1_goal33,True
data/why3/frama_c/contiki_list/list_remove_Why3_ide.mlw,list_remove_Why3_ide_VClist_remove_contains_item_post_ItemNotIn_part2_goal34,False
data/why3/frama_c/contiki_list/list_remove_Why3_ide.mlw,list_remove_Why3_ide_VClist_remove_contains_item_post_ItemNotIn_part4_goal35,True
data/why3/frama_c/contiki_list/list_remove_Why3_ide.mlw,list_remove_Why3_ide_VClist_remove_contains_item_post_ItemNotIn_part5_goal36,False
data/why3/frama_c/contiki_list/list_remove_Why3_ide.mlw,list_remove_Why3_ide_VClist_remove_contains_item_post_IttemSep_part1_goal37,True
data/why3/frama_c/contiki_list/list_remove_Why3_ide.mlw,list_remove_Why3_ide_VClist_remove_contains_item_post_IttemSep_part2_goal38,False
data/why3/frama_c/contiki_list/list_remove_Why3_ide.mlw,list_remove_Why3_ide_VClist_remove_contains_item_post_IttemSep_part4_goal39,True
data/why3/frama_c/contiki_list/list_remove_Why3_ide.mlw,list_remove_Why3_ide_VClist_remove_contains_item_post_IttemSep_part5_goal40,False
data/why3/frama_c/contiki_list/list_remove_Why3_ide.mlw,list_remove_Why3_ide_VClist_remove_contains_item_post_GhostSeparation_part1_goal41,True
data/why3/frama_c/contiki_list/list_remove_Why3_ide.mlw,list_remove_Why3_ide_VClist_remove_contains_item_post_GhostSeparation_part2_goal42,True
data/why3/frama_c/contiki_list/list_remove_Why3_ide.mlw,list_remove_Why3_ide_VClist_remove_contains_item_post_GhostSeparation_part4_goal43,True
data/why3/frama_c/contiki_list/list_remove_Why3_ide.mlw,list_remove_Why3_ide_VClist_remove_contains_item_post_GhostSeparation_part5_goal44,True
data/why3/frama_c/contiki_list/list_remove_Why3_ide.mlw,list_remove_Why3_ide_VClist_remove_contains_item_post_Separation_part1_goal45,True
data/why3/frama_c/contiki_list/list_remove_Why3_ide.mlw,list_remove_Why3_ide_VClist_remove_contains_item_post_Separation_part2_goal46,True
data/why3/frama_c/contiki_list/list_remove_Why3_ide.mlw,list_remove_Why3_ide_VClist_remove_contains_item_post_Separation_part4_goal47,True
data/why3/frama_c/contiki_list/list_remove_Why3_ide.mlw,list_remove_Why3_ide_VClist_remove_contains_item_post_Separation_part5_goal48,True
data/why3/frama_c/contiki_list/list_remove_Why3_ide.mlw,list_remove_Why3_ide_VClist_remove_contains_item_post_Separation_2_part1_goal49,True
data/why3/frama_c/contiki_list/list_remove_Why3_ide.mlw,list_remove_Why3_ide_VClist_remove_contains_item_post_Separation_2_part2_goal50,True
data/why3/frama_c/contiki_list/list_remove_Why3_ide.mlw,list_remove_Why3_ide_VClist_remove_contains_item_post_Separation_2_part4_goal51,True
data/why3/frama_c/contiki_list/list_remove_Why3_ide.mlw,list_remove_Why3_ide_VClist_remove_contains_item_post_Separation_2_part5_goal52,True
data/why3/frama_c/contiki_list/list_remove_Why3_ide.mlw,list_remove_Why3_ide_VClist_remove_contains_item_post_Unique_part1_goal53,True
data/why3/frama_c/contiki_list/list_remove_Why3_ide.mlw,list_remove_Why3_ide_VClist_remove_contains_item_post_Unique_part2_goal54,True
data/why3/frama_c/contiki_list/list_remove_Why3_ide.mlw,list_remove_Why3_ide_VClist_remove_contains_item_post_Unique_part4_goal55,True
data/why3/frama_c/contiki_list/list_remove_Why3_ide.mlw,list_remove_Why3_ide_VClist_remove_contains_item_post_Unique_part5_goal56,True
data/why3/frama_c/contiki_list/list_remove_Why3_ide.mlw,list_remove_Why3_ide_VClist_remove_contains_item_post_Unchanged_part1_goal57,True
data/why3/frama_c/contiki_list/list_remove_Why3_ide.mlw,list_remove_Why3_ide_VClist_remove_contains_item_post_Unchanged_part2_goal58,True
data/why3/frama_c/contiki_list/list_remove_Why3_ide.mlw,list_remove_Why3_ide_VClist_remove_contains_item_post_Unchanged_part4_goal59,True
data/why3/frama_c/contiki_list/list_remove_Why3_ide.mlw,list_remove_Why3_ide_VClist_remove_contains_item_post_Unchanged_part5_goal60,False
data/why3/frama_c/contiki_list/list_remove_Why3_ide.mlw,list_remove_Why3_ide_VClist_remove_contains_item_post_Swiped_part1_goal61,True
data/why3/frama_c/contiki_list/list_remove_Why3_ide.mlw,list_remove_Why3_ide_VClist_remove_contains_item_post_Swiped_part2_goal62,False
data/why3/frama_c/contiki_list/list_remove_Why3_ide.mlw,list_remove_Why3_ide_VClist_remove_contains_item_post_Swiped_part4_goal63,True
data/why3/frama_c/contiki_list/list_remove_Why3_ide.mlw,list_remove_Why3_ide_VClist_remove_contains_item_post_Swiped_part5_goal64,False
data/why3/frama_c/contiki_list/list_remove_Why3_ide.mlw,list_remove_Why3_ide_VClist_remove_contains_item_post_PrevItem_part2_goal65,True
data/why3/frama_c/contiki_list/list_remove_Why3_ide.mlw,list_remove_Why3_ide_VClist_remove_contains_item_post_PrevItem_part5_goal66,False
data/why3/frama_c/contiki_list/list_remove_Why3_ide.mlw,list_remove_Why3_ide_VClist_remove_contains_item_post_UnchangedSwipe_part1_goal67,True
data/why3/frama_c/contiki_list/list_remove_Why3_ide.mlw,list_remove_Why3_ide_VClist_remove_contains_item_post_UnchangedSwipe_part2_goal68,False
data/why3/frama_c/contiki_list/list_remove_Why3_ide.mlw,list_remove_Why3_ide_VClist_remove_contains_item_post_UnchangedSwipe_part4_goal69,True
data/why3/frama_c/contiki_list/list_remove_Why3_ide.mlw,list_remove_Why3_ide_VClist_remove_contains_item_post_UnchangedSwipe_part5_goal70,False
data/why3/frama_c/contiki_list/list_remove_Why3_ide.mlw,list_remove_Why3_ide_VClist_remove_does_not_contain_item_post_part2_goal71,True
data/why3/frama_c/contiki_list/list_remove_Why3_ide.mlw,list_remove_Why3_ide_VClist_remove_does_not_contain_item_post_part5_goal72,True
data/why3/frama_c/contiki_list/list_remove_Why3_ide.mlw,list_remove_Why3_ide_VClist_remove_does_not_contain_item_post_2_part1_goal73,True
data/why3/frama_c/contiki_list/list_remove_Why3_ide.mlw,list_remove_Why3_ide_VClist_remove_does_not_contain_item_post_2_part2_goal74,True
data/why3/frama_c/contiki_list/list_remove_Why3_ide.mlw,list_remove_Why3_ide_VClist_remove_does_not_contain_item_post_2_part4_goal75,True
data/why3/frama_c/contiki_list/list_remove_Why3_ide.mlw,list_remove_Why3_ide_VClist_remove_does_not_contain_item_post_2_part5_goal76,True
data/why3/frama_c/contiki_list/list_remove_Why3_ide.mlw,list_remove_Why3_ide_VClist_remove_does_not_contain_item_post_3_part1_goal77,True
data/why3/frama_c/contiki_list/list_remove_Why3_ide.mlw,list_remove_Why3_ide_VClist_remove_does_not_contain_item_post_3_part2_goal78,True
data/why3/frama_c/contiki_list/list_remove_Why3_ide.mlw,list_remove_Why3_ide_VClist_remove_does_not_contain_item_post_3_part4_goal79,True
data/why3/frama_c/contiki_list/list_remove_Why3_ide.mlw,list_remove_Why3_ide_VClist_remove_does_not_contain_item_post_3_part5_goal80,True
data/why3/frama_c/contiki_list/list_remove_Why3_ide.mlw,list_remove_Why3_ide_VClist_remove_does_not_contain_item_post_GhostSeparation_part1_goal81,True
data/why3/frama_c/contiki_list/list_remove_Why3_ide.mlw,list_remove_Why3_ide_VClist_remove_does_not_contain_item_post_GhostSeparation_part2_goal82,True
data/why3/frama_c/contiki_list/list_remove_Why3_ide.mlw,list_remove_Why3_ide_VClist_remove_does_not_contain_item_post_GhostSeparation_part4_goal83,True
data/why3/frama_c/contiki_list/list_remove_Why3_ide.mlw,list_remove_Why3_ide_VClist_remove_does_not_contain_item_post_GhostSeparation_part5_goal84,True
data/why3/frama_c/contiki_list/list_remove_Why3_ide.mlw,list_remove_Why3_ide_VClist_remove_does_not_contain_item_post_Separation_part1_goal85,True
data/why3/frama_c/contiki_list/list_remove_Why3_ide.mlw,list_remove_Why3_ide_VClist_remove_does_not_contain_item_post_Separation_part2_goal86,True
data/why3/frama_c/contiki_list/list_remove_Why3_ide.mlw,list_remove_Why3_ide_VClist_remove_does_not_contain_item_post_Separation_part4_goal87,True
data/why3/frama_c/contiki_list/list_remove_Why3_ide.mlw,list_remove_Why3_ide_VClist_remove_does_not_contain_item_post_Separation_part5_goal88,True
data/why3/frama_c/contiki_list/list_remove_Why3_ide.mlw,list_remove_Why3_ide_VClist_remove_does_not_contain_item_post_Separation_2_part1_goal89,True
data/why3/frama_c/contiki_list/list_remove_Why3_ide.mlw,list_remove_Why3_ide_VClist_remove_does_not_contain_item_post_Separation_2_part2_goal90,True
data/why3/frama_c/contiki_list/list_remove_Why3_ide.mlw,list_remove_Why3_ide_VClist_remove_does_not_contain_item_post_Separation_2_part4_goal91,True
data/why3/frama_c/contiki_list/list_remove_Why3_ide.mlw,list_remove_Why3_ide_VClist_remove_does_not_contain_item_post_Separation_2_part5_goal92,True
data/why3/frama_c/contiki_list/list_remove_Why3_ide.mlw,list_remove_Why3_ide_VClist_remove_does_not_contain_item_post_Unique_part1_goal93,True
data/why3/frama_c/contiki_list/list_remove_Why3_ide.mlw,list_remove_Why3_ide_VClist_remove_does_not_contain_item_post_Unique_part2_goal94,True
data/why3/frama_c/contiki_list/list_remove_Why3_ide.mlw,list_remove_Why3_ide_VClist_remove_does_not_contain_item_post_Unique_part4_goal95,True
data/why3/frama_c/contiki_list/list_remove_Why3_ide.mlw,list_remove_Why3_ide_VClist_remove_does_not_contain_item_post_Unique_part5_goal96,True
data/why3/frama_c/contiki_list/list_remove_Why3_ide.mlw,list_remove_Why3_ide_VClist_remove_does_not_contain_item_post_4_part1_goal97,True
data/why3/frama_c/contiki_list/list_remove_Why3_ide.mlw,list_remove_Why3_ide_VClist_remove_does_not_contain_item_post_4_part2_goal98,True
data/why3/frama_c/contiki_list/list_remove_Why3_ide.mlw,list_remove_Why3_ide_VClist_remove_does_not_contain_item_post_4_part4_goal99,True
data/why3/frama_c/contiki_list/list_remove_Why3_ide.mlw,list_remove_Why3_ide_VClist_remove_does_not_contain_item_post_4_part5_goal100,True
data/why3/frama_c/contiki_list/list_tail_Why3_ide.mlw,list_tail_Why3_ide_VClist_tail_assert_rte_mem_access_goal0,True
data/why3/frama_c/contiki_list/list_tail_Why3_ide.mlw,list_tail_Why3_ide_VClist_tail_loop_inv_preserved_part1_goal1,True
data/why3/frama_c/contiki_list/list_tail_Why3_ide.mlw,list_tail_Why3_ide_VClist_tail_loop_inv_preserved_part2_goal2,True
data/why3/frama_c/contiki_list/list_tail_Why3_ide.mlw,list_tail_Why3_ide_VClist_tail_loop_inv_established_part2_goal3,True
data/why3/frama_c/contiki_list/list_tail_Why3_ide.mlw,list_tail_Why3_ide_VClist_tail_loop_inv_2_preserved_goal4,True
data/why3/frama_c/contiki_list/list_tail_Why3_ide.mlw,list_tail_Why3_ide_VClist_tail_loop_inv_2_established_goal5,True
data/why3/frama_c/contiki_list/list_tail_Why3_ide.mlw,list_tail_Why3_ide_VClist_tail_loop_inv_3_preserved_goal6,False
data/why3/frama_c/contiki_list/list_tail_Why3_ide.mlw,list_tail_Why3_ide_VClist_tail_loop_inv_3_established_goal7,True
data/why3/frama_c/contiki_list/list_tail_Why3_ide.mlw,list_tail_Why3_ide_VClist_tail_loop_inv_4_preserved_goal8,True
data/why3/frama_c/contiki_list/list_tail_Why3_ide.mlw,list_tail_Why3_ide_VClist_tail_assert_rte_mem_access_3_goal9,True
data/why3/frama_c/contiki_list/list_tail_Why3_ide.mlw,list_tail_Why3_ide_VClist_tail_assert_rte_signed_overflow_goal10,True
data/why3/frama_c/contiki_list/list_tail_Why3_ide.mlw,list_tail_Why3_ide_VClist_tail_not_empty_post_part2_goal11,True
data/why3/frama_c/contiki_list/list_tail_Why3_ide.mlw,list_tail_Why3_ide_VClist_tail_not_empty_post_2_part2_goal12,True
data/why3/frama_c/contiki_list/list_tail_Why3_ide.mlw,list_tail_Why3_ide_VClist_tail_not_empty_post_3_part2_goal13,True
