data/why3/frama_c/contiki_memb/Axiomatic13.mlw,Axiomatic13_Axiomatic13_Q_mult_simplification,True
data/why3/frama_c/contiki_memb/memb_alloc_Why3_ide.mlw,memb_alloc_Why3_ide_VCmemb_alloc_complete_full_free_found_goal0,True
data/why3/frama_c/contiki_memb/memb_alloc_Why3_ide.mlw,memb_alloc_Why3_ide_VCmemb_alloc_disjoint_full_free_found_goal1,True
data/why3/frama_c/contiki_memb/memb_alloc_Why3_ide.mlw,memb_alloc_Why3_ide_VCmemb_alloc_loop_inv_preserved_goal2,True
data/why3/frama_c/contiki_memb/memb_alloc_Why3_ide.mlw,memb_alloc_Why3_ide_VCmemb_alloc_loop_inv_established_goal3,True
data/why3/frama_c/contiki_memb/memb_alloc_Why3_ide.mlw,memb_alloc_Why3_ide_VCmemb_alloc_loop_inv_2_preserved_goal4,True
data/why3/frama_c/contiki_memb/memb_alloc_Why3_ide.mlw,memb_alloc_Why3_ide_VCmemb_alloc_assert_rte_mem_access_goal5,True
data/why3/frama_c/contiki_memb/memb_alloc_Why3_ide.mlw,memb_alloc_Why3_ide_VCmemb_alloc_assert_rte_mem_access_2_goal6,True
data/why3/frama_c/contiki_memb/memb_alloc_Why3_ide.mlw,memb_alloc_Why3_ide_VCmemb_alloc_assert_rte_mem_access_3_goal7,True
data/why3/frama_c/contiki_memb/memb_alloc_Why3_ide.mlw,memb_alloc_Why3_ide_VCmemb_alloc_assert_rte_mem_access_4_goal8,True
data/why3/frama_c/contiki_memb/memb_alloc_Why3_ide.mlw,memb_alloc_Why3_ide_VCmemb_alloc_assert_rte_mem_access_7_goal9,True
data/why3/frama_c/contiki_memb/memb_alloc_Why3_ide.mlw,memb_alloc_Why3_ide_VCmemb_alloc_assert_rte_mem_access_8_goal10,True
data/why3/frama_c/contiki_memb/memb_alloc_Why3_ide.mlw,memb_alloc_Why3_ide_VCmemb_alloc_assert_rte_signed_overflow_2_goal11,True
data/why3/frama_c/contiki_memb/memb_alloc_Why3_ide.mlw,memb_alloc_Why3_ide_VCmemb_alloc_assert_rte_signed_overflow_3_goal12,True
data/why3/frama_c/contiki_memb/memb_alloc_Why3_ide.mlw,memb_alloc_Why3_ide_VCmemb_alloc_assert_rte_signed_overflow_4_goal13,True
data/why3/frama_c/contiki_memb/memb_alloc_Why3_ide.mlw,memb_alloc_Why3_ide_VCmemb_alloc_assign_part3_goal14,True
data/why3/frama_c/contiki_memb/memb_alloc_Why3_ide.mlw,memb_alloc_Why3_ide_VCmemb_alloc_free_found_post_goal15,True
data/why3/frama_c/contiki_memb/memb_alloc_Why3_ide.mlw,memb_alloc_Why3_ide_VCmemb_alloc_free_found_post_2_goal16,True
data/why3/frama_c/contiki_memb/memb_alloc_Why3_ide.mlw,memb_alloc_Why3_ide_VCmemb_alloc_free_found_post_3_goal17,False
data/why3/frama_c/contiki_memb/memb_alloc_Why3_ide.mlw,memb_alloc_Why3_ide_VCmemb_alloc_free_found_post_4_goal18,True
data/why3/frama_c/contiki_memb/memb_alloc_Why3_ide.mlw,memb_alloc_Why3_ide_VCmemb_alloc_full_post_goal19,True
data/why3/frama_c/contiki_memb/memb_alloc_Why3_ide.mlw,memb_alloc_Why3_ide_VCmemb_alloc_full_post_2_goal20,True
data/why3/frama_c/contiki_memb/memb_alloc_Why3_ide.mlw,memb_alloc_Why3_ide_VCmemb_alloc_full_post_3_goal21,True
data/why3/frama_c/contiki_memb/memb_free_Why3_ide.mlw,memb_free_Why3_ide_VCmemb_free_complete_elem_notfound_already_free_alloc_found_goal0,True
data/why3/frama_c/contiki_memb/memb_free_Why3_ide.mlw,memb_free_Why3_ide_VCmemb_free_assert_rte_mem_access_goal1,True
data/why3/frama_c/contiki_memb/memb_free_Why3_ide.mlw,memb_free_Why3_ide_VCmemb_free_loop_inv_preserved_goal2,True
data/why3/frama_c/contiki_memb/memb_free_Why3_ide.mlw,memb_free_Why3_ide_VCmemb_free_loop_inv_established_goal3,True
data/why3/frama_c/contiki_memb/memb_free_Why3_ide.mlw,memb_free_Why3_ide_VCmemb_free_loop_inv_3_preserved_goal4,True
data/why3/frama_c/contiki_memb/memb_free_Why3_ide.mlw,memb_free_Why3_ide_VCmemb_free_loop_inv_3_established_goal5,True
data/why3/frama_c/contiki_memb/memb_free_Why3_ide.mlw,memb_free_Why3_ide_VCmemb_free_loop_inv_4_preserved_goal6,True
data/why3/frama_c/contiki_memb/memb_free_Why3_ide.mlw,memb_free_Why3_ide_VCmemb_free_loop_inv_4_established_goal7,True
data/why3/frama_c/contiki_memb/memb_free_Why3_ide.mlw,memb_free_Why3_ide_VCmemb_free_loop_inv_5_preserved_goal8,True
data/why3/frama_c/contiki_memb/memb_free_Why3_ide.mlw,memb_free_Why3_ide_VCmemb_free_assert_rte_mem_access_2_goal9,True
data/why3/frama_c/contiki_memb/memb_free_Why3_ide.mlw,memb_free_Why3_ide_VCmemb_free_assert_rte_mem_access_3_goal10,True
data/why3/frama_c/contiki_memb/memb_free_Why3_ide.mlw,memb_free_Why3_ide_VCmemb_free_assert_rte_mem_access_4_goal11,True
data/why3/frama_c/contiki_memb/memb_free_Why3_ide.mlw,memb_free_Why3_ide_VCmemb_free_assert_rte_mem_access_6_goal12,True
data/why3/frama_c/contiki_memb/memb_free_Why3_ide.mlw,memb_free_Why3_ide_VCmemb_free_assert_rte_mem_access_7_goal13,True
data/why3/frama_c/contiki_memb/memb_free_Why3_ide.mlw,memb_free_Why3_ide_VCmemb_free_assert_rte_signed_overflow_goal14,True
data/why3/frama_c/contiki_memb/memb_free_Why3_ide.mlw,memb_free_Why3_ide_VCmemb_free_alloc_found_post_goal15,False
data/why3/frama_c/contiki_memb/memb_free_Why3_ide.mlw,memb_free_Why3_ide_VCmemb_free_alloc_found_post_2_goal16,False
data/why3/frama_c/contiki_memb/memb_free_Why3_ide.mlw,memb_free_Why3_ide_VCmemb_free_alloc_found_post_3_goal17,True
data/why3/frama_c/contiki_memb/memb_free_Why3_ide.mlw,memb_free_Why3_ide_VCmemb_free_already_free_post_goal18,True
data/why3/frama_c/contiki_memb/memb_free_Why3_ide.mlw,memb_free_Why3_ide_VCmemb_free_already_free_post_2_goal19,True
data/why3/frama_c/contiki_memb/memb_free_Why3_ide.mlw,memb_free_Why3_ide_VCmemb_free_already_free_post_3_goal20,True
data/why3/frama_c/contiki_memb/memb_free_Why3_ide.mlw,memb_free_Why3_ide_VCmemb_free_elem_notfound_post_goal21,True
data/why3/frama_c/contiki_memb/memb_free_Why3_ide.mlw,memb_free_Why3_ide_VCmemb_free_elem_notfound_post_2_goal22,True
data/why3/frama_c/contiki_memb/memb_free_Why3_ide.mlw,memb_free_Why3_ide_VCmemb_free_elem_notfound_post_3_goal23,True
data/why3/frama_c/contiki_memb/memb_init_Why3_ide.mlw,memb_init_Why3_ide_VCmemb_init_post_2_goal0,True
data/why3/frama_c/contiki_memb/memb_init_Why3_ide.mlw,memb_init_Why3_ide_VCmemb_init_assert_rte_mem_access_goal1,True
data/why3/frama_c/contiki_memb/memb_init_Why3_ide.mlw,memb_init_Why3_ide_VCmemb_init_assert_rte_mem_access_2_goal2,True
data/why3/frama_c/contiki_memb/memb_init_Why3_ide.mlw,memb_init_Why3_ide_VCmemb_init_assert_rte_mem_access_3_goal3,True
data/why3/frama_c/contiki_memb/memb_init_Why3_ide.mlw,memb_init_Why3_ide_VCmemb_init_assert_rte_mem_access_4_goal4,True
data/why3/frama_c/contiki_memb/memb_init_Why3_ide.mlw,memb_init_Why3_ide_VCmemb_init_assert_rte_signed_overflow_goal5,True
data/why3/frama_c/contiki_memb/memb_init_Why3_ide.mlw,memb_init_Why3_ide_VCmemb_init_assert_rte_signed_overflow_2_goal6,True
data/why3/frama_c/contiki_memb/memb_init_Why3_ide.mlw,memb_init_Why3_ide_VCmemb_init_assign_exit_part2_goal7,True
data/why3/frama_c/contiki_memb/memb_init_Why3_ide.mlw,memb_init_Why3_ide_VCmemb_init_assign_normal_part2_goal8,True
data/why3/frama_c/contiki_memb/memb_init_Why3_ide.mlw,memb_init_Why3_ide_VCmemb_init_call_memset_pre_valid_s_goal9,True
data/why3/frama_c/contiki_memb/memb_init_Why3_ide.mlw,memb_init_Why3_ide_VCmemb_init_call_memset_pre_valid_s_2_goal10,True
data/why3/frama_c/contiki_memb/memb_inmemb_Why3_ide.mlw,memb_inmemb_Why3_ide_VCmemb_inmemb_assert_rte_mem_access_goal0,True
data/why3/frama_c/contiki_memb/memb_inmemb_Why3_ide.mlw,memb_inmemb_Why3_ide_VCmemb_inmemb_assert_rte_mem_access_3_goal1,True
data/why3/frama_c/contiki_memb/memb_inmemb_Why3_ide.mlw,memb_inmemb_Why3_ide_VCmemb_inmemb_assert_rte_mem_access_4_goal2,True
data/why3/frama_c/contiki_memb/memb_inmemb_Why3_ide.mlw,memb_inmemb_Why3_ide_VCmemb_inmemb_assert_rte_signed_overflow_goal3,True
data/why3/frama_c/contiki_memb/memb_inmemb_Why3_ide.mlw,memb_inmemb_Why3_ide_VCmemb_inmemb_assert_rte_signed_overflow_2_goal4,True
data/why3/frama_c/contiki_memb/memb_numfree_Why3_ide.mlw,memb_numfree_Why3_ide_VCmemb_numfree_post_goal0,True
data/why3/frama_c/contiki_memb/memb_numfree_Why3_ide.mlw,memb_numfree_Why3_ide_VCmemb_numfree_loop_inv_preserved_goal1,True
data/why3/frama_c/contiki_memb/memb_numfree_Why3_ide.mlw,memb_numfree_Why3_ide_VCmemb_numfree_loop_inv_established_goal2,True
data/why3/frama_c/contiki_memb/memb_numfree_Why3_ide.mlw,memb_numfree_Why3_ide_VCmemb_numfree_loop_inv_2_preserved_goal3,True
data/why3/frama_c/contiki_memb/memb_numfree_Why3_ide.mlw,memb_numfree_Why3_ide_VCmemb_numfree_loop_inv_3_preserved_goal4,True
data/why3/frama_c/contiki_memb/memb_numfree_Why3_ide.mlw,memb_numfree_Why3_ide_VCmemb_numfree_loop_inv_3_established_goal5,True
data/why3/frama_c/contiki_memb/memb_numfree_Why3_ide.mlw,memb_numfree_Why3_ide_VCmemb_numfree_assert_rte_mem_access_goal6,True
data/why3/frama_c/contiki_memb/memb_numfree_Why3_ide.mlw,memb_numfree_Why3_ide_VCmemb_numfree_assert_rte_mem_access_2_goal7,True
data/why3/frama_c/contiki_memb/memb_numfree_Why3_ide.mlw,memb_numfree_Why3_ide_VCmemb_numfree_assert_rte_mem_access_3_goal8,True
data/why3/frama_c/contiki_memb/memb_numfree_Why3_ide.mlw,memb_numfree_Why3_ide_VCmemb_numfree_assert_rte_signed_overflow_goal9,True
data/why3/frama_c/contiki_memb/memb_numfree_Why3_ide.mlw,memb_numfree_Why3_ide_VCmemb_numfree_assert_rte_signed_overflow_2_goal10,True
data/why3/frama_c/contiki_memb/occ_a_split_Why3_ide.mlw,occ_a_split_Why3_ide_VCocc_a_split_loop_inv_preserved_goal0,True
data/why3/frama_c/contiki_memb/occ_a_split_Why3_ide.mlw,occ_a_split_Why3_ide_VCocc_a_split_loop_inv_2_preserved_goal1,False
data/why3/frama_c/contiki_memb/occ_a_split_Why3_ide.mlw,occ_a_split_Why3_ide_VCocc_a_split_loop_inv_2_established_goal2,True
data/why3/frama_c/contiki_memb/occ_a_split_Why3_ide.mlw,occ_a_split_Why3_ide_VCocc_a_split_assert_rte_signed_overflow_goal3,True
