data/why3/frama_c/klibc_string/__strxspn_Why3_ide.mlw,__strxspn_Why3_ide_VC__strxspn_disjoint_one_zero_goal0,True
data/why3/frama_c/klibc_string/__strxspn_Why3_ide.mlw,__strxspn_Why3_ide_VC__strxspn_loop_inv_2_preserved_part1_goal1,True
data/why3/frama_c/klibc_string/__strxspn_Why3_ide.mlw,__strxspn_Why3_ide_VC__strxspn_loop_inv_2_preserved_part2_goal2,True
data/why3/frama_c/klibc_string/__strxspn_Why3_ide.mlw,__strxspn_Why3_ide_VC__strxspn_loop_inv_2_established_part1_goal3,True
data/why3/frama_c/klibc_string/__strxspn_Why3_ide.mlw,__strxspn_Why3_ide_VC__strxspn_loop_inv_2_established_part2_goal4,True
data/why3/frama_c/klibc_string/__strxspn_Why3_ide.mlw,__strxspn_Why3_ide_VC__strxspn_loop_inv_4_preserved_part1_goal5,True
data/why3/frama_c/klibc_string/__strxspn_Why3_ide.mlw,__strxspn_Why3_ide_VC__strxspn_loop_inv_4_preserved_part2_goal6,True
data/why3/frama_c/klibc_string/__strxspn_Why3_ide.mlw,__strxspn_Why3_ide_VC__strxspn_loop_inv_4_established_part2_goal7,True
data/why3/frama_c/klibc_string/__strxspn_Why3_ide.mlw,__strxspn_Why3_ide_VC__strxspn_loop_inv_6_preserved_goal8,True
data/why3/frama_c/klibc_string/__strxspn_Why3_ide.mlw,__strxspn_Why3_ide_VC__strxspn_loop_inv_6_established_goal9,True
data/why3/frama_c/klibc_string/__strxspn_Why3_ide.mlw,__strxspn_Why3_ide_VC__strxspn_loop_inv_7_preserved_goal10,True
data/why3/frama_c/klibc_string/__strxspn_Why3_ide.mlw,__strxspn_Why3_ide_VC__strxspn_loop_inv_8_preserved_goal11,False
data/why3/frama_c/klibc_string/__strxspn_Why3_ide.mlw,__strxspn_Why3_ide_VC__strxspn_loop_inv_8_established_goal12,False
data/why3/frama_c/klibc_string/__strxspn_Why3_ide.mlw,__strxspn_Why3_ide_VC__strxspn_loop_inv_9_preserved_goal13,False
data/why3/frama_c/klibc_string/bzero_Why3_ide.mlw,bzero_Why3_ide_VCbzero_post_goal0,True
data/why3/frama_c/klibc_string/memccpy_Why3_ide.mlw,memccpy_Why3_ide_VCmemccpy_loop_inv_preserved_part1_goal0,True
data/why3/frama_c/klibc_string/memccpy_Why3_ide.mlw,memccpy_Why3_ide_VCmemccpy_loop_inv_2_preserved_part1_goal1,True
data/why3/frama_c/klibc_string/memccpy_Why3_ide.mlw,memccpy_Why3_ide_VCmemccpy_loop_inv_2_preserved_part2_goal2,True
data/why3/frama_c/klibc_string/memccpy_Why3_ide.mlw,memccpy_Why3_ide_VCmemccpy_loop_inv_2_established_part1_goal3,True
data/why3/frama_c/klibc_string/memccpy_Why3_ide.mlw,memccpy_Why3_ide_VCmemccpy_loop_inv_2_established_part2_goal4,True
data/why3/frama_c/klibc_string/memccpy_Why3_ide.mlw,memccpy_Why3_ide_VCmemccpy_loop_inv_3_preserved_goal5,True
data/why3/frama_c/klibc_string/memccpy_Why3_ide.mlw,memccpy_Why3_ide_VCmemccpy_loop_inv_4_preserved_part1_goal6,True
data/why3/frama_c/klibc_string/memccpy_Why3_ide.mlw,memccpy_Why3_ide_VCmemccpy_loop_inv_4_preserved_part2_goal7,True
data/why3/frama_c/klibc_string/memccpy_Why3_ide.mlw,memccpy_Why3_ide_VCmemccpy_loop_inv_4_established_part1_goal8,True
data/why3/frama_c/klibc_string/memccpy_Why3_ide.mlw,memccpy_Why3_ide_VCmemccpy_loop_inv_4_established_part2_goal9,True
data/why3/frama_c/klibc_string/memccpy_Why3_ide.mlw,memccpy_Why3_ide_VCmemccpy_loop_inv_5_preserved_goal10,True
data/why3/frama_c/klibc_string/memccpy_Why3_ide.mlw,memccpy_Why3_ide_VCmemccpy_loop_inv_6_preserved_goal11,True
data/why3/frama_c/klibc_string/memccpy_Why3_ide.mlw,memccpy_Why3_ide_VCmemccpy_loop_inv_7_preserved_goal12,True
data/why3/frama_c/klibc_string/memccpy_Why3_ide.mlw,memccpy_Why3_ide_VCmemccpy_loop_assign_part2_goal13,True
data/why3/frama_c/klibc_string/memccpy_Why3_ide.mlw,memccpy_Why3_ide_VCmemccpy_loop_assign_part5_goal14,True
data/why3/frama_c/klibc_string/memccpy_Why3_ide.mlw,memccpy_Why3_ide_VCmemccpy_loop_term_decrease_goal15,True
data/why3/frama_c/klibc_string/memccpy_Why3_ide.mlw,memccpy_Why3_ide_VCmemccpy_exists_c_post_part1_goal16,True
data/why3/frama_c/klibc_string/memccpy_Why3_ide.mlw,memccpy_Why3_ide_VCmemccpy_exists_c_post_part2_goal17,True
data/why3/frama_c/klibc_string/memccpy_Why3_ide.mlw,memccpy_Why3_ide_VCmemccpy_exists_c_assign_part05_goal18,False
data/why3/frama_c/klibc_string/memccpy_Why3_ide.mlw,memccpy_Why3_ide_VCmemccpy_exists_c_assign_part11_goal19,False
data/why3/frama_c/klibc_string/memccpy_Why3_ide.mlw,memccpy_Why3_ide_VCmemccpy_not_exists_c_post_part1_goal20,True
data/why3/frama_c/klibc_string/memccpy_Why3_ide.mlw,memccpy_Why3_ide_VCmemccpy_not_exists_c_post_2_part1_goal21,True
data/why3/frama_c/klibc_string/memccpy_Why3_ide.mlw,memccpy_Why3_ide_VCmemccpy_not_exists_c_post_2_part2_goal22,True
data/why3/frama_c/klibc_string/memccpy_Why3_ide.mlw,memccpy_Why3_ide_VCmemccpy_not_exists_c_assign_part05_goal23,True
data/why3/frama_c/klibc_string/memccpy_Why3_ide.mlw,memccpy_Why3_ide_VCmemccpy_not_exists_c_assign_part11_goal24,True
data/why3/frama_c/klibc_string/memchr_Why3_ide.mlw,memchr_Why3_ide_VCmemchr_loop_inv_2_preserved_part1_goal0,True
data/why3/frama_c/klibc_string/memchr_Why3_ide.mlw,memchr_Why3_ide_VCmemchr_loop_inv_2_preserved_part2_goal1,True
data/why3/frama_c/klibc_string/memchr_Why3_ide.mlw,memchr_Why3_ide_VCmemchr_loop_inv_2_established_part1_goal2,True
data/why3/frama_c/klibc_string/memchr_Why3_ide.mlw,memchr_Why3_ide_VCmemchr_loop_inv_2_established_part2_goal3,True
data/why3/frama_c/klibc_string/memchr_Why3_ide.mlw,memchr_Why3_ide_VCmemchr_loop_inv_3_preserved_goal4,True
data/why3/frama_c/klibc_string/memchr_Why3_ide.mlw,memchr_Why3_ide_VCmemchr_loop_inv_4_preserved_part1_goal5,True
data/why3/frama_c/klibc_string/memchr_Why3_ide.mlw,memchr_Why3_ide_VCmemchr_loop_inv_5_preserved_goal6,True
data/why3/frama_c/klibc_string/memchr_Why3_ide.mlw,memchr_Why3_ide_VCmemchr_loop_term_decrease_goal7,True
data/why3/frama_c/klibc_string/memchr_Why3_ide.mlw,memchr_Why3_ide_VCmemchr_found_post_part1_goal8,False
data/why3/frama_c/klibc_string/memchr_Why3_ide.mlw,memchr_Why3_ide_VCmemchr_found_post_part2_goal9,True
data/why3/frama_c/klibc_string/memchr_Why3_ide.mlw,memchr_Why3_ide_VCmemchr_found_post_2_part2_goal10,True
data/why3/frama_c/klibc_string/memchr_Why3_ide.mlw,memchr_Why3_ide_VCmemchr_not_found_post_part1_goal11,True
data/why3/frama_c/klibc_string/memcmp_Why3_ide.mlw,memcmp_Why3_ide_VCmemcmp_complete_not_eq_eq_goal0,False
data/why3/frama_c/klibc_string/memcmp_Why3_ide.mlw,memcmp_Why3_ide_VCmemcmp_disjoint_not_eq_eq_goal1,False
data/why3/frama_c/klibc_string/memcmp_Why3_ide.mlw,memcmp_Why3_ide_VCmemcmp_loop_inv_C1_RANGE_preserved_goal2,False
data/why3/frama_c/klibc_string/memcmp_Why3_ide.mlw,memcmp_Why3_ide_VCmemcmp_loop_inv_C1_RANGE_established_goal3,False
data/why3/frama_c/klibc_string/memcmp_Why3_ide.mlw,memcmp_Why3_ide_VCmemcmp_loop_inv_C2_RANGE_preserved_goal4,False
data/why3/frama_c/klibc_string/memcmp_Why3_ide.mlw,memcmp_Why3_ide_VCmemcmp_loop_inv_C2_RANGE_established_goal5,False
data/why3/frama_c/klibc_string/memcmp_Why3_ide.mlw,memcmp_Why3_ide_VCmemcmp_loop_inv_COMPARE_preserved_goal6,False
data/why3/frama_c/klibc_string/memcmp_Why3_ide.mlw,memcmp_Why3_ide_VCmemcmp_loop_inv_N_RANGE_preserved_part1_goal7,True
data/why3/frama_c/klibc_string/memcmp_Why3_ide.mlw,memcmp_Why3_ide_VCmemcmp_loop_term_decrease_goal8,True
data/why3/frama_c/klibc_string/memcmp_Why3_ide.mlw,memcmp_Why3_ide_VCmemcmp_eq_post_part1_goal9,False
data/why3/frama_c/klibc_string/memcmp_Why3_ide.mlw,memcmp_Why3_ide_VCmemcmp_not_eq_post_part2_goal10,False
data/why3/frama_c/klibc_string/memcpy_Why3_ide.mlw,memcpy_Why3_ide_VCmemcpy_post_goal0,True
data/why3/frama_c/klibc_string/memcpy_Why3_ide.mlw,memcpy_Why3_ide_VCmemcpy_loop_inv_preserved_part1_goal1,True
data/why3/frama_c/klibc_string/memcpy_Why3_ide.mlw,memcpy_Why3_ide_VCmemcpy_loop_inv_2_preserved_goal2,True
data/why3/frama_c/klibc_string/memcpy_Why3_ide.mlw,memcpy_Why3_ide_VCmemcpy_loop_inv_3_preserved_goal3,True
data/why3/frama_c/klibc_string/memcpy_Why3_ide.mlw,memcpy_Why3_ide_VCmemcpy_loop_inv_4_preserved_part1_goal4,True
data/why3/frama_c/klibc_string/memcpy_Why3_ide.mlw,memcpy_Why3_ide_VCmemcpy_loop_inv_4_preserved_part2_goal5,True
data/why3/frama_c/klibc_string/memcpy_Why3_ide.mlw,memcpy_Why3_ide_VCmemcpy_loop_inv_4_established_part1_goal6,True
data/why3/frama_c/klibc_string/memcpy_Why3_ide.mlw,memcpy_Why3_ide_VCmemcpy_loop_inv_4_established_part2_goal7,True
data/why3/frama_c/klibc_string/memcpy_Why3_ide.mlw,memcpy_Why3_ide_VCmemcpy_loop_inv_5_preserved_part1_goal8,True
data/why3/frama_c/klibc_string/memcpy_Why3_ide.mlw,memcpy_Why3_ide_VCmemcpy_loop_inv_5_preserved_part2_goal9,True
data/why3/frama_c/klibc_string/memcpy_Why3_ide.mlw,memcpy_Why3_ide_VCmemcpy_loop_inv_5_established_part1_goal10,True
data/why3/frama_c/klibc_string/memcpy_Why3_ide.mlw,memcpy_Why3_ide_VCmemcpy_loop_inv_5_established_part2_goal11,True
data/why3/frama_c/klibc_string/memcpy_Why3_ide.mlw,memcpy_Why3_ide_VCmemcpy_loop_inv_6_preserved_goal12,True
data/why3/frama_c/klibc_string/memcpy_Why3_ide.mlw,memcpy_Why3_ide_VCmemcpy_loop_assign_part2_goal13,True
data/why3/frama_c/klibc_string/memcpy_Why3_ide.mlw,memcpy_Why3_ide_VCmemcpy_loop_assign_part5_goal14,True
data/why3/frama_c/klibc_string/memcpy_Why3_ide.mlw,memcpy_Why3_ide_VCmemcpy_assign_part4_goal15,True
data/why3/frama_c/klibc_string/memcpy_Why3_ide.mlw,memcpy_Why3_ide_VCmemcpy_loop_term_decrease_goal16,True
data/why3/frama_c/klibc_string/memmem_Why3_ide.mlw,memmem_Why3_ide_VCmemmem_complete_occr_not_occur_err_goal0,False
data/why3/frama_c/klibc_string/memmem_Why3_ide.mlw,memmem_Why3_ide_VCmemmem_disjoint_occr_not_occur_err_part1_goal1,True
data/why3/frama_c/klibc_string/memmem_Why3_ide.mlw,memmem_Why3_ide_VCmemmem_disjoint_occr_not_occur_err_part2_goal2,True
data/why3/frama_c/klibc_string/memmem_Why3_ide.mlw,memmem_Why3_ide_VCmemmem_disjoint_occr_not_occur_err_part3_goal3,False
data/why3/frama_c/klibc_string/memmem_Why3_ide.mlw,memmem_Why3_ide_VCmemmem_loop_inv_3_established_part1_goal4,False
data/why3/frama_c/klibc_string/memmem_Why3_ide.mlw,memmem_Why3_ide_VCmemmem_loop_inv_3_established_part2_goal5,False
data/why3/frama_c/klibc_string/memmem_Why3_ide.mlw,memmem_Why3_ide_VCmemmem_loop_inv_4_established_part1_goal6,False
data/why3/frama_c/klibc_string/memmem_Why3_ide.mlw,memmem_Why3_ide_VCmemmem_loop_inv_4_established_part2_goal7,False
data/why3/frama_c/klibc_string/memmem_Why3_ide.mlw,memmem_Why3_ide_VCmemmem_loop_inv_5_preserved_part02_goal8,True
data/why3/frama_c/klibc_string/memmem_Why3_ide.mlw,memmem_Why3_ide_VCmemmem_loop_inv_5_preserved_part04_goal9,True
data/why3/frama_c/klibc_string/memmem_Why3_ide.mlw,memmem_Why3_ide_VCmemmem_loop_inv_5_preserved_part06_goal10,True
data/why3/frama_c/klibc_string/memmem_Why3_ide.mlw,memmem_Why3_ide_VCmemmem_loop_inv_5_preserved_part08_goal11,True
data/why3/frama_c/klibc_string/memmem_Why3_ide.mlw,memmem_Why3_ide_VCmemmem_loop_inv_5_preserved_part10_goal12,True
data/why3/frama_c/klibc_string/memmem_Why3_ide.mlw,memmem_Why3_ide_VCmemmem_loop_inv_5_preserved_part12_goal13,True
data/why3/frama_c/klibc_string/memmem_Why3_ide.mlw,memmem_Why3_ide_VCmemmem_loop_inv_5_established_part2_goal14,True
data/why3/frama_c/klibc_string/memmem_Why3_ide.mlw,memmem_Why3_ide_VCmemmem_loop_inv_5_established_part4_goal15,True
data/why3/frama_c/klibc_string/memmem_Why3_ide.mlw,memmem_Why3_ide_VCmemmem_loop_inv_6_preserved_part1_goal16,True
data/why3/frama_c/klibc_string/memmem_Why3_ide.mlw,memmem_Why3_ide_VCmemmem_loop_inv_6_preserved_part2_goal17,True
data/why3/frama_c/klibc_string/memmem_Why3_ide.mlw,memmem_Why3_ide_VCmemmem_loop_inv_6_preserved_part3_goal18,True
data/why3/frama_c/klibc_string/memmem_Why3_ide.mlw,memmem_Why3_ide_VCmemmem_loop_inv_6_preserved_part4_goal19,True
data/why3/frama_c/klibc_string/memmem_Why3_ide.mlw,memmem_Why3_ide_VCmemmem_loop_inv_6_preserved_part5_goal20,True
data/why3/frama_c/klibc_string/memmem_Why3_ide.mlw,memmem_Why3_ide_VCmemmem_loop_inv_6_preserved_part6_goal21,True
data/why3/frama_c/klibc_string/memmem_Why3_ide.mlw,memmem_Why3_ide_VCmemmem_loop_inv_7_established_goal22,False
data/why3/frama_c/klibc_string/memmem_Why3_ide.mlw,memmem_Why3_ide_VCmemmem_loop_inv_8_established_goal23,False
data/why3/frama_c/klibc_string/memmem_Why3_ide.mlw,memmem_Why3_ide_VCmemmem_loop_inv_9_preserved_part1_goal24,False
data/why3/frama_c/klibc_string/memmem_Why3_ide.mlw,memmem_Why3_ide_VCmemmem_loop_inv_9_preserved_part2_goal25,False
data/why3/frama_c/klibc_string/memmem_Why3_ide.mlw,memmem_Why3_ide_VCmemmem_loop_inv_9_established_part1_goal26,False
data/why3/frama_c/klibc_string/memmem_Why3_ide.mlw,memmem_Why3_ide_VCmemmem_loop_inv_9_established_part2_goal27,False
data/why3/frama_c/klibc_string/memmem_Why3_ide.mlw,memmem_Why3_ide_VCmemmem_loop_inv_10_preserved_goal28,False
data/why3/frama_c/klibc_string/memmem_Why3_ide.mlw,memmem_Why3_ide_VCmemmem_loop_inv_10_established_goal29,False
data/why3/frama_c/klibc_string/memmem_Why3_ide.mlw,memmem_Why3_ide_VCmemmem_loop_inv_11_preserved_goal30,False
data/why3/frama_c/klibc_string/memmem_Why3_ide.mlw,memmem_Why3_ide_VCmemmem_loop_inv_12_preserved_part1_goal31,True
data/why3/frama_c/klibc_string/memmem_Why3_ide.mlw,memmem_Why3_ide_VCmemmem_loop_inv_12_preserved_part2_goal32,True
data/why3/frama_c/klibc_string/memmem_Why3_ide.mlw,memmem_Why3_ide_VCmemmem_loop_term_decrease_part1_goal33,True
data/why3/frama_c/klibc_string/memmem_Why3_ide.mlw,memmem_Why3_ide_VCmemmem_loop_term_decrease_part2_goal34,True
data/why3/frama_c/klibc_string/memmem_Why3_ide.mlw,memmem_Why3_ide_VCmemmem_loop_term_decrease_part3_goal35,True
data/why3/frama_c/klibc_string/memmem_Why3_ide.mlw,memmem_Why3_ide_VCmemmem_loop_term_decrease_part4_goal36,True
data/why3/frama_c/klibc_string/memmem_Why3_ide.mlw,memmem_Why3_ide_VCmemmem_loop_term_decrease_part5_goal37,True
data/why3/frama_c/klibc_string/memmem_Why3_ide.mlw,memmem_Why3_ide_VCmemmem_loop_term_decrease_part6_goal38,True
data/why3/frama_c/klibc_string/memmem_Why3_ide.mlw,memmem_Why3_ide_VCmemmem_loop_term_positive_part1_goal39,True
data/why3/frama_c/klibc_string/memmem_Why3_ide.mlw,memmem_Why3_ide_VCmemmem_loop_term_positive_part2_goal40,True
data/why3/frama_c/klibc_string/memmem_Why3_ide.mlw,memmem_Why3_ide_VCmemmem_loop_term_positive_part3_goal41,True
data/why3/frama_c/klibc_string/memmem_Why3_ide.mlw,memmem_Why3_ide_VCmemmem_loop_term_positive_part4_goal42,True
data/why3/frama_c/klibc_string/memmem_Why3_ide.mlw,memmem_Why3_ide_VCmemmem_loop_term_positive_part5_goal43,True
data/why3/frama_c/klibc_string/memmem_Why3_ide.mlw,memmem_Why3_ide_VCmemmem_loop_term_positive_part6_goal44,True
data/why3/frama_c/klibc_string/memmem_Why3_ide.mlw,memmem_Why3_ide_VCmemmem_loop_term_2_decrease_goal45,True
data/why3/frama_c/klibc_string/memmem_Why3_ide.mlw,memmem_Why3_ide_VCmemmem_call_memcmp_pre_2_part1_goal46,False
data/why3/frama_c/klibc_string/memmem_Why3_ide.mlw,memmem_Why3_ide_VCmemmem_call_memcmp_pre_2_part2_goal47,False
data/why3/frama_c/klibc_string/memmem_Why3_ide.mlw,memmem_Why3_ide_VCmemmem_call_memcmp_pre_3_part1_goal48,False
data/why3/frama_c/klibc_string/memmem_Why3_ide.mlw,memmem_Why3_ide_VCmemmem_call_memcmp_pre_3_part2_goal49,False
data/why3/frama_c/klibc_string/memmem_Why3_ide.mlw,memmem_Why3_ide_VCmemmem_call_memcmp_pre_4_part1_goal50,False
data/why3/frama_c/klibc_string/memmem_Why3_ide.mlw,memmem_Why3_ide_VCmemmem_call_memcmp_pre_4_part2_goal51,False
data/why3/frama_c/klibc_string/memmem_Why3_ide.mlw,memmem_Why3_ide_VCmemmem_not_occur_post_part4_goal52,False
data/why3/frama_c/klibc_string/memmem_Why3_ide.mlw,memmem_Why3_ide_VCmemmem_not_occur_post_part6_goal53,False
data/why3/frama_c/klibc_string/memmem_Why3_ide.mlw,memmem_Why3_ide_VCmemmem_not_occur_post_part8_goal54,False
data/why3/frama_c/klibc_string/memmem_Why3_ide.mlw,memmem_Why3_ide_VCmemmem_occr_post_part4_goal55,False
data/why3/frama_c/klibc_string/memmem_Why3_ide.mlw,memmem_Why3_ide_VCmemmem_occr_post_part5_goal56,False
data/why3/frama_c/klibc_string/memmem_Why3_ide.mlw,memmem_Why3_ide_VCmemmem_occr_post_part6_goal57,False
data/why3/frama_c/klibc_string/memmem_Why3_ide.mlw,memmem_Why3_ide_VCmemmem_occr_post_part7_goal58,False
data/why3/frama_c/klibc_string/memmem_Why3_ide.mlw,memmem_Why3_ide_VCmemmem_occr_post_part8_goal59,False
data/why3/frama_c/klibc_string/memmem_Why3_ide.mlw,memmem_Why3_ide_VCmemmem_occr_post_part9_goal60,False
data/why3/frama_c/klibc_string/memmove_Why3_ide.mlw,memmove_Why3_ide_VCmemmove_post_part1_goal0,True
data/why3/frama_c/klibc_string/memmove_Why3_ide.mlw,memmove_Why3_ide_VCmemmove_post_part2_goal1,True
data/why3/frama_c/klibc_string/memmove_Why3_ide.mlw,memmove_Why3_ide_VCmemmove_loop_inv_3_preserved_goal2,False
data/why3/frama_c/klibc_string/memmove_Why3_ide.mlw,memmove_Why3_ide_VCmemmove_loop_inv_4_preserved_part1_goal3,True
data/why3/frama_c/klibc_string/memmove_Why3_ide.mlw,memmove_Why3_ide_VCmemmove_loop_inv_5_preserved_goal4,True
data/why3/frama_c/klibc_string/memmove_Why3_ide.mlw,memmove_Why3_ide_VCmemmove_loop_inv_6_preserved_goal5,True
data/why3/frama_c/klibc_string/memmove_Why3_ide.mlw,memmove_Why3_ide_VCmemmove_loop_inv_7_preserved_part1_goal6,True
data/why3/frama_c/klibc_string/memmove_Why3_ide.mlw,memmove_Why3_ide_VCmemmove_loop_inv_7_preserved_part2_goal7,True
data/why3/frama_c/klibc_string/memmove_Why3_ide.mlw,memmove_Why3_ide_VCmemmove_loop_inv_7_established_part1_goal8,True
data/why3/frama_c/klibc_string/memmove_Why3_ide.mlw,memmove_Why3_ide_VCmemmove_loop_inv_7_established_part2_goal9,True
data/why3/frama_c/klibc_string/memmove_Why3_ide.mlw,memmove_Why3_ide_VCmemmove_loop_inv_8_preserved_part1_goal10,True
data/why3/frama_c/klibc_string/memmove_Why3_ide.mlw,memmove_Why3_ide_VCmemmove_loop_inv_8_preserved_part2_goal11,True
data/why3/frama_c/klibc_string/memmove_Why3_ide.mlw,memmove_Why3_ide_VCmemmove_loop_inv_8_established_part1_goal12,True
data/why3/frama_c/klibc_string/memmove_Why3_ide.mlw,memmove_Why3_ide_VCmemmove_loop_inv_8_established_part2_goal13,True
data/why3/frama_c/klibc_string/memmove_Why3_ide.mlw,memmove_Why3_ide_VCmemmove_loop_inv_9_preserved_goal14,True
data/why3/frama_c/klibc_string/memmove_Why3_ide.mlw,memmove_Why3_ide_VCmemmove_loop_inv_10_preserved_goal15,True
data/why3/frama_c/klibc_string/memmove_Why3_ide.mlw,memmove_Why3_ide_VCmemmove_loop_inv_13_preserved_part1_goal16,True
data/why3/frama_c/klibc_string/memmove_Why3_ide.mlw,memmove_Why3_ide_VCmemmove_loop_inv_14_preserved_goal17,True
data/why3/frama_c/klibc_string/memmove_Why3_ide.mlw,memmove_Why3_ide_VCmemmove_loop_inv_15_preserved_goal18,True
data/why3/frama_c/klibc_string/memmove_Why3_ide.mlw,memmove_Why3_ide_VCmemmove_loop_inv_16_preserved_part1_goal19,True
data/why3/frama_c/klibc_string/memmove_Why3_ide.mlw,memmove_Why3_ide_VCmemmove_loop_inv_16_preserved_part2_goal20,True
data/why3/frama_c/klibc_string/memmove_Why3_ide.mlw,memmove_Why3_ide_VCmemmove_loop_inv_16_established_part1_goal21,True
data/why3/frama_c/klibc_string/memmove_Why3_ide.mlw,memmove_Why3_ide_VCmemmove_loop_inv_16_established_part2_goal22,True
data/why3/frama_c/klibc_string/memmove_Why3_ide.mlw,memmove_Why3_ide_VCmemmove_loop_inv_17_preserved_part1_goal23,True
data/why3/frama_c/klibc_string/memmove_Why3_ide.mlw,memmove_Why3_ide_VCmemmove_loop_inv_17_preserved_part2_goal24,True
data/why3/frama_c/klibc_string/memmove_Why3_ide.mlw,memmove_Why3_ide_VCmemmove_loop_inv_17_established_part1_goal25,True
data/why3/frama_c/klibc_string/memmove_Why3_ide.mlw,memmove_Why3_ide_VCmemmove_loop_inv_17_established_part2_goal26,True
data/why3/frama_c/klibc_string/memmove_Why3_ide.mlw,memmove_Why3_ide_VCmemmove_loop_inv_18_preserved_goal27,True
data/why3/frama_c/klibc_string/memmove_Why3_ide.mlw,memmove_Why3_ide_VCmemmove_loop_inv_19_preserved_goal28,True
data/why3/frama_c/klibc_string/memmove_Why3_ide.mlw,memmove_Why3_ide_VCmemmove_loop_assign_part2_goal29,True
data/why3/frama_c/klibc_string/memmove_Why3_ide.mlw,memmove_Why3_ide_VCmemmove_loop_assign_part5_goal30,True
data/why3/frama_c/klibc_string/memmove_Why3_ide.mlw,memmove_Why3_ide_VCmemmove_loop_assign_2_part2_goal31,True
data/why3/frama_c/klibc_string/memmove_Why3_ide.mlw,memmove_Why3_ide_VCmemmove_loop_assign_2_part3_goal32,True
data/why3/frama_c/klibc_string/memmove_Why3_ide.mlw,memmove_Why3_ide_VCmemmove_assign_part04_goal33,True
data/why3/frama_c/klibc_string/memmove_Why3_ide.mlw,memmove_Why3_ide_VCmemmove_assign_part10_goal34,True
data/why3/frama_c/klibc_string/memmove_Why3_ide.mlw,memmove_Why3_ide_VCmemmove_loop_term_decrease_goal35,True
data/why3/frama_c/klibc_string/memmove_Why3_ide.mlw,memmove_Why3_ide_VCmemmove_loop_term_2_decrease_goal36,True
data/why3/frama_c/klibc_string/memrchr_Why3_ide.mlw,memrchr_Why3_ide_VCmemrchr_loop_inv_preserved_goal0,True
data/why3/frama_c/klibc_string/memrchr_Why3_ide.mlw,memrchr_Why3_ide_VCmemrchr_loop_inv_2_preserved_part2_goal1,True
data/why3/frama_c/klibc_string/memrchr_Why3_ide.mlw,memrchr_Why3_ide_VCmemrchr_loop_inv_3_preserved_goal2,True
data/why3/frama_c/klibc_string/memrchr_Why3_ide.mlw,memrchr_Why3_ide_VCmemrchr_loop_term_decrease_goal3,True
data/why3/frama_c/klibc_string/memrchr_Why3_ide.mlw,memrchr_Why3_ide_VCmemrchr_exists_post_part1_goal4,True
data/why3/frama_c/klibc_string/memrchr_Why3_ide.mlw,memrchr_Why3_ide_VCmemrchr_exists_post_part2_goal5,True
data/why3/frama_c/klibc_string/memrchr_Why3_ide.mlw,memrchr_Why3_ide_VCmemrchr_not_exists_post_part1_goal6,True
data/why3/frama_c/klibc_string/memset_Why3_ide.mlw,memset_Why3_ide_VCmemset_post_goal0,True
data/why3/frama_c/klibc_string/memset_Why3_ide.mlw,memset_Why3_ide_VCmemset_loop_inv_preserved_part1_goal1,True
data/why3/frama_c/klibc_string/memset_Why3_ide.mlw,memset_Why3_ide_VCmemset_loop_inv_2_preserved_goal2,True
data/why3/frama_c/klibc_string/memset_Why3_ide.mlw,memset_Why3_ide_VCmemset_loop_inv_3_preserved_goal3,True
data/why3/frama_c/klibc_string/memset_Why3_ide.mlw,memset_Why3_ide_VCmemset_loop_assign_part2_goal4,True
data/why3/frama_c/klibc_string/memset_Why3_ide.mlw,memset_Why3_ide_VCmemset_loop_assign_part4_goal5,True
data/why3/frama_c/klibc_string/memset_Why3_ide.mlw,memset_Why3_ide_VCmemset_assign_part3_goal6,True
data/why3/frama_c/klibc_string/memset_Why3_ide.mlw,memset_Why3_ide_VCmemset_loop_term_decrease_goal7,True
data/why3/frama_c/klibc_string/memswap_Why3_ide.mlw,memswap_Why3_ide_VCmemswap_post_goal0,True
data/why3/frama_c/klibc_string/memswap_Why3_ide.mlw,memswap_Why3_ide_VCmemswap_post_2_goal1,True
data/why3/frama_c/klibc_string/memswap_Why3_ide.mlw,memswap_Why3_ide_VCmemswap_loop_inv_3_preserved_part1_goal2,True
data/why3/frama_c/klibc_string/memswap_Why3_ide.mlw,memswap_Why3_ide_VCmemswap_loop_inv_4_preserved_goal3,True
data/why3/frama_c/klibc_string/memswap_Why3_ide.mlw,memswap_Why3_ide_VCmemswap_loop_inv_5_preserved_goal4,True
data/why3/frama_c/klibc_string/memswap_Why3_ide.mlw,memswap_Why3_ide_VCmemswap_loop_inv_6_preserved_goal5,True
data/why3/frama_c/klibc_string/memswap_Why3_ide.mlw,memswap_Why3_ide_VCmemswap_loop_inv_7_preserved_goal6,True
data/why3/frama_c/klibc_string/memswap_Why3_ide.mlw,memswap_Why3_ide_VCmemswap_loop_inv_8_preserved_goal7,True
data/why3/frama_c/klibc_string/memswap_Why3_ide.mlw,memswap_Why3_ide_VCmemswap_loop_inv_9_preserved_goal8,True
data/why3/frama_c/klibc_string/memswap_Why3_ide.mlw,memswap_Why3_ide_VCmemswap_loop_assign_part2_goal9,True
data/why3/frama_c/klibc_string/memswap_Why3_ide.mlw,memswap_Why3_ide_VCmemswap_loop_assign_part3_goal10,True
data/why3/frama_c/klibc_string/memswap_Why3_ide.mlw,memswap_Why3_ide_VCmemswap_loop_assign_part4_goal11,True
data/why3/frama_c/klibc_string/memswap_Why3_ide.mlw,memswap_Why3_ide_VCmemswap_loop_assign_part5_goal12,True
data/why3/frama_c/klibc_string/memswap_Why3_ide.mlw,memswap_Why3_ide_VCmemswap_assign_part5_goal13,True
data/why3/frama_c/klibc_string/memswap_Why3_ide.mlw,memswap_Why3_ide_VCmemswap_assign_part6_goal14,True
data/why3/frama_c/klibc_string/memswap_Why3_ide.mlw,memswap_Why3_ide_VCmemswap_loop_term_decrease_goal15,True
data/why3/frama_c/klibc_string/strcasecmp_Why3_ide.mlw,strcasecmp_Why3_ide_VCstrcasecmp_complete_not_eq_not_eq_i_j_eq_goal0,True
data/why3/frama_c/klibc_string/strcasecmp_Why3_ide.mlw,strcasecmp_Why3_ide_VCstrcasecmp_disjoint_not_eq_not_eq_i_j_eq_part1_goal1,True
data/why3/frama_c/klibc_string/strcasecmp_Why3_ide.mlw,strcasecmp_Why3_ide_VCstrcasecmp_disjoint_not_eq_not_eq_i_j_eq_part2_goal2,True
data/why3/frama_c/klibc_string/strcasecmp_Why3_ide.mlw,strcasecmp_Why3_ide_VCstrcasecmp_disjoint_not_eq_not_eq_i_j_eq_part3_goal3,True
data/why3/frama_c/klibc_string/strcasecmp_Why3_ide.mlw,strcasecmp_Why3_ide_VCstrcasecmp_loop_inv_preserved_part1_goal4,True
data/why3/frama_c/klibc_string/strcasecmp_Why3_ide.mlw,strcasecmp_Why3_ide_VCstrcasecmp_loop_inv_preserved_part2_goal5,True
data/why3/frama_c/klibc_string/strcasecmp_Why3_ide.mlw,strcasecmp_Why3_ide_VCstrcasecmp_loop_inv_established_part1_goal6,True
data/why3/frama_c/klibc_string/strcasecmp_Why3_ide.mlw,strcasecmp_Why3_ide_VCstrcasecmp_loop_inv_established_part2_goal7,True
data/why3/frama_c/klibc_string/strcasecmp_Why3_ide.mlw,strcasecmp_Why3_ide_VCstrcasecmp_loop_inv_2_preserved_part1_goal8,True
data/why3/frama_c/klibc_string/strcasecmp_Why3_ide.mlw,strcasecmp_Why3_ide_VCstrcasecmp_loop_inv_2_preserved_part2_goal9,True
data/why3/frama_c/klibc_string/strcasecmp_Why3_ide.mlw,strcasecmp_Why3_ide_VCstrcasecmp_loop_inv_2_established_part1_goal10,True
data/why3/frama_c/klibc_string/strcasecmp_Why3_ide.mlw,strcasecmp_Why3_ide_VCstrcasecmp_loop_inv_2_established_part2_goal11,True
data/why3/frama_c/klibc_string/strcasecmp_Why3_ide.mlw,strcasecmp_Why3_ide_VCstrcasecmp_loop_inv_5_preserved_goal12,True
data/why3/frama_c/klibc_string/strcasecmp_Why3_ide.mlw,strcasecmp_Why3_ide_VCstrcasecmp_loop_term_positive_goal13,True
data/why3/frama_c/klibc_string/strcasecmp_Why3_ide.mlw,strcasecmp_Why3_ide_VCstrcasecmp_call_toupper_pre_part1_goal14,False
data/why3/frama_c/klibc_string/strcasecmp_Why3_ide.mlw,strcasecmp_Why3_ide_VCstrcasecmp_call_toupper_pre_part2_goal15,True
data/why3/frama_c/klibc_string/strcasecmp_Why3_ide.mlw,strcasecmp_Why3_ide_VCstrcasecmp_call_toupper_pre_part1_2_goal16,False
data/why3/frama_c/klibc_string/strcasecmp_Why3_ide.mlw,strcasecmp_Why3_ide_VCstrcasecmp_call_toupper_pre_part2_2_goal17,True
data/why3/frama_c/klibc_string/strcasecmp_Why3_ide.mlw,strcasecmp_Why3_ide_VCstrcasecmp_eq_post_part1_goal18,False
data/why3/frama_c/klibc_string/strcasecmp_Why3_ide.mlw,strcasecmp_Why3_ide_VCstrcasecmp_not_eq_post_part2_goal19,True
data/why3/frama_c/klibc_string/strcasecmp_Why3_ide.mlw,strcasecmp_Why3_ide_VCstrcasecmp_not_eq_i_j_post_part2_goal20,True
data/why3/frama_c/klibc_string/strcat_Why3_ide.mlw,strcat_Why3_ide_VCstrcat_post_goal0,True
data/why3/frama_c/klibc_string/strcat_Why3_ide.mlw,strcat_Why3_ide_VCstrcat_assign_exit_part3_goal1,True
data/why3/frama_c/klibc_string/strcat_Why3_ide.mlw,strcat_Why3_ide_VCstrcat_assign_normal_part3_goal2,True
data/why3/frama_c/klibc_string/strcat_Why3_ide.mlw,strcat_Why3_ide_VCstrcat_call_strchr_pre_goal3,True
data/why3/frama_c/klibc_string/strcat_Why3_ide.mlw,strcat_Why3_ide_VCstrcat_call_strcpy_pre_goal4,False
data/why3/frama_c/klibc_string/strcat_Why3_ide.mlw,strcat_Why3_ide_VCstrcat_call_strcpy_pre_2_goal5,True
data/why3/frama_c/klibc_string/strcat_Why3_ide.mlw,strcat_Why3_ide_VCstrcat_call_strcpy_pre_3_goal6,True
data/why3/frama_c/klibc_string/strcat_Why3_ide.mlw,strcat_Why3_ide_VCstrcat_call_strcpy_pre_4_goal7,False
data/why3/frama_c/klibc_string/strcat_Why3_ide.mlw,strcat_Why3_ide_VCstrcat_call_strcpy_pre_5_goal8,False
data/why3/frama_c/klibc_string/strcat_Why3_ide.mlw,strcat_Why3_ide_VCstrcat_call_strcpy_pre_6_goal9,True
data/why3/frama_c/klibc_string/strchr_Why3_ide.mlw,strchr_Why3_ide_VCstrchr_loop_inv_2_preserved_part1_goal0,True
data/why3/frama_c/klibc_string/strchr_Why3_ide.mlw,strchr_Why3_ide_VCstrchr_loop_inv_2_preserved_part2_goal1,True
data/why3/frama_c/klibc_string/strchr_Why3_ide.mlw,strchr_Why3_ide_VCstrchr_loop_inv_2_established_part1_goal2,True
data/why3/frama_c/klibc_string/strchr_Why3_ide.mlw,strchr_Why3_ide_VCstrchr_loop_inv_2_established_part2_goal3,True
data/why3/frama_c/klibc_string/strchr_Why3_ide.mlw,strchr_Why3_ide_VCstrchr_loop_inv_3_preserved_goal4,True
data/why3/frama_c/klibc_string/strchr_Why3_ide.mlw,strchr_Why3_ide_VCstrchr_loop_term_positive_goal5,True
data/why3/frama_c/klibc_string/strchr_Why3_ide.mlw,strchr_Why3_ide_VCstrchr_exists_post_part1_goal6,False
data/why3/frama_c/klibc_string/strchr_Why3_ide.mlw,strchr_Why3_ide_VCstrchr_exists_post_2_part1_goal7,False
data/why3/frama_c/klibc_string/strchr_Why3_ide.mlw,strchr_Why3_ide_VCstrchr_exists_post_2_part2_goal8,False
data/why3/frama_c/klibc_string/strchr_Why3_ide.mlw,strchr_Why3_ide_VCstrchr_exists_post_3_part1_goal9,False
data/why3/frama_c/klibc_string/strchr_Why3_ide.mlw,strchr_Why3_ide_VCstrchr_exists_post_3_part2_goal10,True
data/why3/frama_c/klibc_string/strchr_Why3_ide.mlw,strchr_Why3_ide_VCstrchr_exists_post_4_part1_goal11,False
data/why3/frama_c/klibc_string/strchr_Why3_ide.mlw,strchr_Why3_ide_VCstrchr_not_exists_post_part2_goal12,False
data/why3/frama_c/klibc_string/strcmp_Why3_ide.mlw,strcmp_Why3_ide_VCstrcmp_complete_not_eq_not_eq_i_j_eq_goal0,True
data/why3/frama_c/klibc_string/strcmp_Why3_ide.mlw,strcmp_Why3_ide_VCstrcmp_disjoint_not_eq_not_eq_i_j_eq_part1_goal1,True
data/why3/frama_c/klibc_string/strcmp_Why3_ide.mlw,strcmp_Why3_ide_VCstrcmp_disjoint_not_eq_not_eq_i_j_eq_part2_goal2,True
data/why3/frama_c/klibc_string/strcmp_Why3_ide.mlw,strcmp_Why3_ide_VCstrcmp_disjoint_not_eq_not_eq_i_j_eq_part3_goal3,True
data/why3/frama_c/klibc_string/strcmp_Why3_ide.mlw,strcmp_Why3_ide_VCstrcmp_loop_inv_3_preserved_part1_goal4,True
data/why3/frama_c/klibc_string/strcmp_Why3_ide.mlw,strcmp_Why3_ide_VCstrcmp_loop_inv_3_preserved_part2_goal5,True
data/why3/frama_c/klibc_string/strcmp_Why3_ide.mlw,strcmp_Why3_ide_VCstrcmp_loop_inv_3_established_part1_goal6,True
data/why3/frama_c/klibc_string/strcmp_Why3_ide.mlw,strcmp_Why3_ide_VCstrcmp_loop_inv_3_established_part2_goal7,True
data/why3/frama_c/klibc_string/strcmp_Why3_ide.mlw,strcmp_Why3_ide_VCstrcmp_loop_inv_4_preserved_part1_goal8,True
data/why3/frama_c/klibc_string/strcmp_Why3_ide.mlw,strcmp_Why3_ide_VCstrcmp_loop_inv_4_preserved_part2_goal9,True
data/why3/frama_c/klibc_string/strcmp_Why3_ide.mlw,strcmp_Why3_ide_VCstrcmp_loop_inv_4_established_part1_goal10,True
data/why3/frama_c/klibc_string/strcmp_Why3_ide.mlw,strcmp_Why3_ide_VCstrcmp_loop_inv_4_established_part2_goal11,True
data/why3/frama_c/klibc_string/strcmp_Why3_ide.mlw,strcmp_Why3_ide_VCstrcmp_loop_inv_7_preserved_goal12,True
data/why3/frama_c/klibc_string/strcmp_Why3_ide.mlw,strcmp_Why3_ide_VCstrcmp_loop_term_positive_goal13,True
data/why3/frama_c/klibc_string/strcmp_Why3_ide.mlw,strcmp_Why3_ide_VCstrcmp_eq_post_part1_goal14,True
data/why3/frama_c/klibc_string/strcmp_Why3_ide.mlw,strcmp_Why3_ide_VCstrcmp_not_eq_post_part2_goal15,True
data/why3/frama_c/klibc_string/strcmp_Why3_ide.mlw,strcmp_Why3_ide_VCstrcmp_not_eq_i_j_post_part2_goal16,True
data/why3/frama_c/klibc_string/strcpy_Why3_ide.mlw,strcpy_Why3_ide_VCstrcpy_post_goal0,False
data/why3/frama_c/klibc_string/strcpy_Why3_ide.mlw,strcpy_Why3_ide_VCstrcpy_post_2_goal1,False
data/why3/frama_c/klibc_string/strcpy_Why3_ide.mlw,strcpy_Why3_ide_VCstrcpy_loop_inv_4_preserved_part1_goal2,True
data/why3/frama_c/klibc_string/strcpy_Why3_ide.mlw,strcpy_Why3_ide_VCstrcpy_loop_inv_4_preserved_part2_goal3,False
data/why3/frama_c/klibc_string/strcpy_Why3_ide.mlw,strcpy_Why3_ide_VCstrcpy_loop_inv_4_established_part2_goal4,True
data/why3/frama_c/klibc_string/strcpy_Why3_ide.mlw,strcpy_Why3_ide_VCstrcpy_loop_inv_8_preserved_part1_goal5,True
data/why3/frama_c/klibc_string/strcpy_Why3_ide.mlw,strcpy_Why3_ide_VCstrcpy_loop_inv_8_preserved_part2_goal6,False
data/why3/frama_c/klibc_string/strcpy_Why3_ide.mlw,strcpy_Why3_ide_VCstrcpy_loop_inv_8_established_part1_goal7,True
data/why3/frama_c/klibc_string/strcpy_Why3_ide.mlw,strcpy_Why3_ide_VCstrcpy_loop_inv_8_established_part2_goal8,True
data/why3/frama_c/klibc_string/strcpy_Why3_ide.mlw,strcpy_Why3_ide_VCstrcpy_loop_inv_9_preserved_part1_goal9,True
data/why3/frama_c/klibc_string/strcpy_Why3_ide.mlw,strcpy_Why3_ide_VCstrcpy_loop_inv_9_preserved_part2_goal10,False
data/why3/frama_c/klibc_string/strcpy_Why3_ide.mlw,strcpy_Why3_ide_VCstrcpy_loop_inv_9_established_part1_goal11,True
data/why3/frama_c/klibc_string/strcpy_Why3_ide.mlw,strcpy_Why3_ide_VCstrcpy_loop_inv_9_established_part2_goal12,True
data/why3/frama_c/klibc_string/strcpy_Why3_ide.mlw,strcpy_Why3_ide_VCstrcpy_loop_inv_12_preserved_goal13,False
data/why3/frama_c/klibc_string/strcpy_Why3_ide.mlw,strcpy_Why3_ide_VCstrcpy_loop_inv_13_preserved_goal14,True
data/why3/frama_c/klibc_string/strcpy_Why3_ide.mlw,strcpy_Why3_ide_VCstrcpy_loop_assign_part5_goal15,True
data/why3/frama_c/klibc_string/strcpy_Why3_ide.mlw,strcpy_Why3_ide_VCstrcpy_assign_part05_goal16,False
data/why3/frama_c/klibc_string/strcpy_Why3_ide.mlw,strcpy_Why3_ide_VCstrcpy_assign_part11_goal17,False
data/why3/frama_c/klibc_string/strcpy_Why3_ide.mlw,strcpy_Why3_ide_VCstrcpy_loop_term_positive_goal18,False
data/why3/frama_c/klibc_string/strcspn_Why3_ide.mlw,strcspn_Why3_ide_VCstrcspn_post_goal0,True
data/why3/frama_c/klibc_string/strcspn_Why3_ide.mlw,strcspn_Why3_ide_VCstrcspn_call___strxspn_pre_2_goal1,True
data/why3/frama_c/klibc_string/strcspn_Why3_ide.mlw,strcspn_Why3_ide_VCstrcspn_call___strxspn_pre_3_goal2,True
data/why3/frama_c/klibc_string/strdup_Why3_ide.mlw,strdup_Why3_ide_VCstrdup_post_part1_goal0,False
data/why3/frama_c/klibc_string/strdup_Why3_ide.mlw,strdup_Why3_ide_VCstrdup_assign_exit_part4_goal1,False
data/why3/frama_c/klibc_string/strdup_Why3_ide.mlw,strdup_Why3_ide_VCstrdup_assign_normal_part4_goal2,False
data/why3/frama_c/klibc_string/strdup_Why3_ide.mlw,strdup_Why3_ide_VCstrdup_call_strlen_pre_goal3,True
data/why3/frama_c/klibc_string/strdup_Why3_ide.mlw,strdup_Why3_ide_VCstrdup_call_memcpy_pre_goal4,False
data/why3/frama_c/klibc_string/strdup_Why3_ide.mlw,strdup_Why3_ide_VCstrdup_call_memcpy_pre_3_goal5,True
data/why3/frama_c/klibc_string/strdup_Why3_ide.mlw,strdup_Why3_ide_VCstrdup_call_memcpy_pre_4_goal6,True
data/why3/frama_c/klibc_string/strerror_Why3_ide.mlw,strerror_Why3_ide_VCstrerror_call_memcpy_pre_goal0,False
data/why3/frama_c/klibc_string/strerror_Why3_ide.mlw,strerror_Why3_ide_VCstrerror_call_memcpy_pre_3_goal1,False
data/why3/frama_c/klibc_string/strerror_Why3_ide.mlw,strerror_Why3_ide_VCstrerror_call_memcpy_pre_4_goal2,False
data/why3/frama_c/klibc_string/strlcat_Why3_ide.mlw,strlcat_Why3_ide_VCstrlcat_loop_inv_preserved_part1_goal0,True
data/why3/frama_c/klibc_string/strlcat_Why3_ide.mlw,strlcat_Why3_ide_VCstrlcat_loop_inv_preserved_part2_goal1,True
data/why3/frama_c/klibc_string/strlcat_Why3_ide.mlw,strlcat_Why3_ide_VCstrlcat_loop_inv_established_part1_goal2,True
data/why3/frama_c/klibc_string/strlcat_Why3_ide.mlw,strlcat_Why3_ide_VCstrlcat_loop_inv_established_part2_goal3,True
data/why3/frama_c/klibc_string/strlcat_Why3_ide.mlw,strlcat_Why3_ide_VCstrlcat_loop_inv_2_preserved_goal4,True
data/why3/frama_c/klibc_string/strlcat_Why3_ide.mlw,strlcat_Why3_ide_VCstrlcat_loop_inv_3_preserved_goal5,True
data/why3/frama_c/klibc_string/strlcat_Why3_ide.mlw,strlcat_Why3_ide_VCstrlcat_loop_inv_4_preserved_goal6,True
data/why3/frama_c/klibc_string/strlcat_Why3_ide.mlw,strlcat_Why3_ide_VCstrlcat_loop_inv_5_preserved_part1_goal7,True
data/why3/frama_c/klibc_string/strlcat_Why3_ide.mlw,strlcat_Why3_ide_VCstrlcat_loop_inv_5_preserved_part2_goal8,False
data/why3/frama_c/klibc_string/strlcat_Why3_ide.mlw,strlcat_Why3_ide_VCstrlcat_loop_inv_5_preserved_part3_goal9,True
data/why3/frama_c/klibc_string/strlcat_Why3_ide.mlw,strlcat_Why3_ide_VCstrlcat_loop_inv_5_preserved_part4_goal10,False
data/why3/frama_c/klibc_string/strlcat_Why3_ide.mlw,strlcat_Why3_ide_VCstrlcat_loop_inv_5_established_part1_goal11,True
data/why3/frama_c/klibc_string/strlcat_Why3_ide.mlw,strlcat_Why3_ide_VCstrlcat_loop_inv_5_established_part2_goal12,True
data/why3/frama_c/klibc_string/strlcat_Why3_ide.mlw,strlcat_Why3_ide_VCstrlcat_loop_inv_7_preserved_part2_goal13,True
data/why3/frama_c/klibc_string/strlcat_Why3_ide.mlw,strlcat_Why3_ide_VCstrlcat_loop_inv_8_preserved_part1_goal14,True
data/why3/frama_c/klibc_string/strlcat_Why3_ide.mlw,strlcat_Why3_ide_VCstrlcat_loop_inv_8_preserved_part2_goal15,True
data/why3/frama_c/klibc_string/strlcat_Why3_ide.mlw,strlcat_Why3_ide_VCstrlcat_loop_inv_9_preserved_part1_goal16,True
data/why3/frama_c/klibc_string/strlcat_Why3_ide.mlw,strlcat_Why3_ide_VCstrlcat_loop_inv_9_preserved_part2_goal17,False
data/why3/frama_c/klibc_string/strlcat_Why3_ide.mlw,strlcat_Why3_ide_VCstrlcat_loop_inv_9_preserved_part3_goal18,True
data/why3/frama_c/klibc_string/strlcat_Why3_ide.mlw,strlcat_Why3_ide_VCstrlcat_loop_inv_9_preserved_part4_goal19,False
data/why3/frama_c/klibc_string/strlcat_Why3_ide.mlw,strlcat_Why3_ide_VCstrlcat_loop_inv_9_established_part2_goal20,True
data/why3/frama_c/klibc_string/strlcat_Why3_ide.mlw,strlcat_Why3_ide_VCstrlcat_loop_inv_10_preserved_part1_goal21,True
data/why3/frama_c/klibc_string/strlcat_Why3_ide.mlw,strlcat_Why3_ide_VCstrlcat_loop_inv_10_preserved_part2_goal22,False
data/why3/frama_c/klibc_string/strlcat_Why3_ide.mlw,strlcat_Why3_ide_VCstrlcat_loop_assign_2_part12_goal23,False
data/why3/frama_c/klibc_string/strlcat_Why3_ide.mlw,strlcat_Why3_ide_VCstrlcat_assign_normal_part14_goal24,False
data/why3/frama_c/klibc_string/strlcat_Why3_ide.mlw,strlcat_Why3_ide_VCstrlcat_assign_normal_part28_goal25,False
data/why3/frama_c/klibc_string/strlcat_Why3_ide.mlw,strlcat_Why3_ide_VCstrlcat_loop_term_decrease_goal26,True
data/why3/frama_c/klibc_string/strlcat_Why3_ide.mlw,strlcat_Why3_ide_VCstrlcat_loop_term_positive_goal27,True
data/why3/frama_c/klibc_string/strlcat_Why3_ide.mlw,strlcat_Why3_ide_VCstrlcat_loop_term_2_positive_part1_goal28,False
data/why3/frama_c/klibc_string/strlcat_Why3_ide.mlw,strlcat_Why3_ide_VCstrlcat_call_strlen_pre_part2_goal29,True
data/why3/frama_c/klibc_string/strlcpy_Why3_ide.mlw,strlcpy_Why3_ide_VCstrlcpy_loop_inv_preserved_part1_goal0,True
data/why3/frama_c/klibc_string/strlcpy_Why3_ide.mlw,strlcpy_Why3_ide_VCstrlcpy_loop_inv_preserved_part2_goal1,False
data/why3/frama_c/klibc_string/strlcpy_Why3_ide.mlw,strlcpy_Why3_ide_VCstrlcpy_loop_inv_preserved_part3_goal2,True
data/why3/frama_c/klibc_string/strlcpy_Why3_ide.mlw,strlcpy_Why3_ide_VCstrlcpy_loop_inv_preserved_part4_goal3,False
data/why3/frama_c/klibc_string/strlcpy_Why3_ide.mlw,strlcpy_Why3_ide_VCstrlcpy_loop_inv_established_part2_goal4,True
data/why3/frama_c/klibc_string/strlcpy_Why3_ide.mlw,strlcpy_Why3_ide_VCstrlcpy_loop_inv_2_preserved_part1_goal5,True
data/why3/frama_c/klibc_string/strlcpy_Why3_ide.mlw,strlcpy_Why3_ide_VCstrlcpy_loop_inv_2_preserved_part2_goal6,False
data/why3/frama_c/klibc_string/strlcpy_Why3_ide.mlw,strlcpy_Why3_ide_VCstrlcpy_loop_inv_3_preserved_part1_goal7,False
data/why3/frama_c/klibc_string/strlcpy_Why3_ide.mlw,strlcpy_Why3_ide_VCstrlcpy_loop_inv_3_preserved_part2_goal8,False
data/why3/frama_c/klibc_string/strlcpy_Why3_ide.mlw,strlcpy_Why3_ide_VCstrlcpy_loop_inv_4_preserved_part1_goal9,False
data/why3/frama_c/klibc_string/strlcpy_Why3_ide.mlw,strlcpy_Why3_ide_VCstrlcpy_loop_inv_4_preserved_part2_goal10,True
data/why3/frama_c/klibc_string/strlcpy_Why3_ide.mlw,strlcpy_Why3_ide_VCstrlcpy_loop_inv_5_preserved_part1_goal11,False
data/why3/frama_c/klibc_string/strlcpy_Why3_ide.mlw,strlcpy_Why3_ide_VCstrlcpy_loop_inv_5_preserved_part2_goal12,False
data/why3/frama_c/klibc_string/strlcpy_Why3_ide.mlw,strlcpy_Why3_ide_VCstrlcpy_loop_inv_5_established_part1_goal13,True
data/why3/frama_c/klibc_string/strlcpy_Why3_ide.mlw,strlcpy_Why3_ide_VCstrlcpy_loop_inv_5_established_part2_goal14,True
data/why3/frama_c/klibc_string/strlcpy_Why3_ide.mlw,strlcpy_Why3_ide_VCstrlcpy_loop_inv_6_preserved_part1_goal15,True
data/why3/frama_c/klibc_string/strlcpy_Why3_ide.mlw,strlcpy_Why3_ide_VCstrlcpy_loop_inv_6_preserved_part2_goal16,False
data/why3/frama_c/klibc_string/strlcpy_Why3_ide.mlw,strlcpy_Why3_ide_VCstrlcpy_loop_inv_6_preserved_part3_goal17,True
data/why3/frama_c/klibc_string/strlcpy_Why3_ide.mlw,strlcpy_Why3_ide_VCstrlcpy_loop_inv_6_preserved_part4_goal18,False
data/why3/frama_c/klibc_string/strlcpy_Why3_ide.mlw,strlcpy_Why3_ide_VCstrlcpy_loop_inv_6_established_part1_goal19,True
data/why3/frama_c/klibc_string/strlcpy_Why3_ide.mlw,strlcpy_Why3_ide_VCstrlcpy_loop_inv_6_established_part2_goal20,True
data/why3/frama_c/klibc_string/strlcpy_Why3_ide.mlw,strlcpy_Why3_ide_VCstrlcpy_loop_inv_7_preserved_part1_goal21,False
data/why3/frama_c/klibc_string/strlcpy_Why3_ide.mlw,strlcpy_Why3_ide_VCstrlcpy_loop_inv_7_preserved_part2_goal22,True
data/why3/frama_c/klibc_string/strlcpy_Why3_ide.mlw,strlcpy_Why3_ide_VCstrlcpy_loop_assign_part7_goal23,False
data/why3/frama_c/klibc_string/strlcpy_Why3_ide.mlw,strlcpy_Why3_ide_VCstrlcpy_assign_part09_goal24,False
data/why3/frama_c/klibc_string/strlcpy_Why3_ide.mlw,strlcpy_Why3_ide_VCstrlcpy_loop_term_decrease_part1_goal25,False
data/why3/frama_c/klibc_string/strlcpy_Why3_ide.mlw,strlcpy_Why3_ide_VCstrlcpy_loop_term_decrease_part2_goal26,False
data/why3/frama_c/klibc_string/strlcpy_Why3_ide.mlw,strlcpy_Why3_ide_VCstrlcpy_loop_term_positive_part1_goal27,False
data/why3/frama_c/klibc_string/strlcpy_Why3_ide.mlw,strlcpy_Why3_ide_VCstrlcpy_src_larger_post_part1_goal28,False
data/why3/frama_c/klibc_string/strlcpy_Why3_ide.mlw,strlcpy_Why3_ide_VCstrlcpy_src_larger_post_2_part1_goal29,False
data/why3/frama_c/klibc_string/strlcpy_Why3_ide.mlw,strlcpy_Why3_ide_VCstrlcpy_src_smaller_post_part1_goal30,False
data/why3/frama_c/klibc_string/strlcpy_Why3_ide.mlw,strlcpy_Why3_ide_VCstrlcpy_src_smaller_post_2_part1_goal31,False
data/why3/frama_c/klibc_string/strlen_Why3_ide.mlw,strlen_Why3_ide_VCstrlen_post_goal0,True
data/why3/frama_c/klibc_string/strlen_Why3_ide.mlw,strlen_Why3_ide_VCstrlen_loop_inv_2_preserved_part1_goal1,True
data/why3/frama_c/klibc_string/strlen_Why3_ide.mlw,strlen_Why3_ide_VCstrlen_loop_inv_2_preserved_part2_goal2,True
data/why3/frama_c/klibc_string/strlen_Why3_ide.mlw,strlen_Why3_ide_VCstrlen_loop_inv_2_established_part1_goal3,True
data/why3/frama_c/klibc_string/strlen_Why3_ide.mlw,strlen_Why3_ide_VCstrlen_loop_inv_2_established_part2_goal4,True
data/why3/frama_c/klibc_string/strlen_Why3_ide.mlw,strlen_Why3_ide_VCstrlen_loop_inv_3_preserved_goal5,True
data/why3/frama_c/klibc_string/strlen_Why3_ide.mlw,strlen_Why3_ide_VCstrlen_loop_term_positive_goal6,True
data/why3/frama_c/klibc_string/strncasecmp_Why3_ide.mlw,strncasecmp_Why3_ide_VCstrncasecmp_loop_inv_preserved_part1_goal0,True
data/why3/frama_c/klibc_string/strncasecmp_Why3_ide.mlw,strncasecmp_Why3_ide_VCstrncasecmp_loop_inv_2_preserved_goal1,False
data/why3/frama_c/klibc_string/strncasecmp_Why3_ide.mlw,strncasecmp_Why3_ide_VCstrncasecmp_loop_inv_3_preserved_part1_goal2,False
data/why3/frama_c/klibc_string/strncasecmp_Why3_ide.mlw,strncasecmp_Why3_ide_VCstrncasecmp_loop_inv_3_preserved_part2_goal3,False
data/why3/frama_c/klibc_string/strncasecmp_Why3_ide.mlw,strncasecmp_Why3_ide_VCstrncasecmp_loop_inv_3_established_part1_goal4,False
data/why3/frama_c/klibc_string/strncasecmp_Why3_ide.mlw,strncasecmp_Why3_ide_VCstrncasecmp_loop_inv_3_established_part2_goal5,False
data/why3/frama_c/klibc_string/strncasecmp_Why3_ide.mlw,strncasecmp_Why3_ide_VCstrncasecmp_loop_inv_4_preserved_part1_goal6,False
data/why3/frama_c/klibc_string/strncasecmp_Why3_ide.mlw,strncasecmp_Why3_ide_VCstrncasecmp_loop_inv_4_preserved_part2_goal7,False
data/why3/frama_c/klibc_string/strncasecmp_Why3_ide.mlw,strncasecmp_Why3_ide_VCstrncasecmp_loop_inv_4_established_part1_goal8,False
data/why3/frama_c/klibc_string/strncasecmp_Why3_ide.mlw,strncasecmp_Why3_ide_VCstrncasecmp_loop_inv_4_established_part2_goal9,False
data/why3/frama_c/klibc_string/strncasecmp_Why3_ide.mlw,strncasecmp_Why3_ide_VCstrncasecmp_loop_inv_5_preserved_goal10,False
data/why3/frama_c/klibc_string/strncasecmp_Why3_ide.mlw,strncasecmp_Why3_ide_VCstrncasecmp_loop_inv_5_established_goal11,False
data/why3/frama_c/klibc_string/strncasecmp_Why3_ide.mlw,strncasecmp_Why3_ide_VCstrncasecmp_loop_inv_6_preserved_goal12,False
data/why3/frama_c/klibc_string/strncasecmp_Why3_ide.mlw,strncasecmp_Why3_ide_VCstrncasecmp_loop_inv_6_established_goal13,False
data/why3/frama_c/klibc_string/strncasecmp_Why3_ide.mlw,strncasecmp_Why3_ide_VCstrncasecmp_loop_term_decrease_goal14,True
data/why3/frama_c/klibc_string/strncasecmp_Why3_ide.mlw,strncasecmp_Why3_ide_VCstrncasecmp_call_toupper_pre_part1_goal15,True
data/why3/frama_c/klibc_string/strncasecmp_Why3_ide.mlw,strncasecmp_Why3_ide_VCstrncasecmp_call_toupper_pre_part2_goal16,True
data/why3/frama_c/klibc_string/strncasecmp_Why3_ide.mlw,strncasecmp_Why3_ide_VCstrncasecmp_call_toupper_pre_part1_2_goal17,True
data/why3/frama_c/klibc_string/strncasecmp_Why3_ide.mlw,strncasecmp_Why3_ide_VCstrncasecmp_call_toupper_pre_part2_2_goal18,True
data/why3/frama_c/klibc_string/strncasecmp_Why3_ide.mlw,strncasecmp_Why3_ide_VCstrncasecmp_eq_post_part1_goal19,False
data/why3/frama_c/klibc_string/strncasecmp_Why3_ide.mlw,strncasecmp_Why3_ide_VCstrncasecmp_not_eq_post_part2_goal20,False
data/why3/frama_c/klibc_string/strncasecmp_Why3_ide.mlw,strncasecmp_Why3_ide_VCstrncasecmp_not_eq_post_part3_goal21,True
data/why3/frama_c/klibc_string/strncat_Why3_ide.mlw,strncat_Why3_ide_VCstrncat_complete_smaller_larger_goal0,False
data/why3/frama_c/klibc_string/strncat_Why3_ide.mlw,strncat_Why3_ide_VCstrncat_loop_inv_preserved_part1_goal1,True
data/why3/frama_c/klibc_string/strncat_Why3_ide.mlw,strncat_Why3_ide_VCstrncat_loop_inv_2_preserved_goal2,True
data/why3/frama_c/klibc_string/strncat_Why3_ide.mlw,strncat_Why3_ide_VCstrncat_loop_inv_3_preserved_goal3,False
data/why3/frama_c/klibc_string/strncat_Why3_ide.mlw,strncat_Why3_ide_VCstrncat_loop_inv_3_established_goal4,False
data/why3/frama_c/klibc_string/strncat_Why3_ide.mlw,strncat_Why3_ide_VCstrncat_loop_inv_4_preserved_part1_goal5,True
data/why3/frama_c/klibc_string/strncat_Why3_ide.mlw,strncat_Why3_ide_VCstrncat_loop_inv_4_preserved_part2_goal6,False
data/why3/frama_c/klibc_string/strncat_Why3_ide.mlw,strncat_Why3_ide_VCstrncat_loop_inv_4_established_part1_goal7,False
data/why3/frama_c/klibc_string/strncat_Why3_ide.mlw,strncat_Why3_ide_VCstrncat_loop_inv_4_established_part2_goal8,False
data/why3/frama_c/klibc_string/strncat_Why3_ide.mlw,strncat_Why3_ide_VCstrncat_loop_inv_5_preserved_part1_goal9,True
data/why3/frama_c/klibc_string/strncat_Why3_ide.mlw,strncat_Why3_ide_VCstrncat_loop_inv_5_preserved_part2_goal10,True
data/why3/frama_c/klibc_string/strncat_Why3_ide.mlw,strncat_Why3_ide_VCstrncat_loop_inv_5_established_part1_goal11,True
data/why3/frama_c/klibc_string/strncat_Why3_ide.mlw,strncat_Why3_ide_VCstrncat_loop_inv_5_established_part2_goal12,True
data/why3/frama_c/klibc_string/strncat_Why3_ide.mlw,strncat_Why3_ide_VCstrncat_loop_inv_6_preserved_goal13,False
data/why3/frama_c/klibc_string/strncat_Why3_ide.mlw,strncat_Why3_ide_VCstrncat_loop_assign_part2_goal14,False
data/why3/frama_c/klibc_string/strncat_Why3_ide.mlw,strncat_Why3_ide_VCstrncat_loop_assign_part5_goal15,False
data/why3/frama_c/klibc_string/strncat_Why3_ide.mlw,strncat_Why3_ide_VCstrncat_loop_term_decrease_goal16,True
data/why3/frama_c/klibc_string/strncat_Why3_ide.mlw,strncat_Why3_ide_VCstrncat_call_strchr_pre_goal17,True
data/why3/frama_c/klibc_string/strncat_Why3_ide.mlw,strncat_Why3_ide_VCstrncat_larger_post_2_part1_goal18,False
data/why3/frama_c/klibc_string/strncat_Why3_ide.mlw,strncat_Why3_ide_VCstrncat_larger_post_2_part2_goal19,False
data/why3/frama_c/klibc_string/strncat_Why3_ide.mlw,strncat_Why3_ide_VCstrncat_larger_assign_normal_part07_goal20,False
data/why3/frama_c/klibc_string/strncat_Why3_ide.mlw,strncat_Why3_ide_VCstrncat_larger_assign_normal_part13_goal21,False
data/why3/frama_c/klibc_string/strncat_Why3_ide.mlw,strncat_Why3_ide_VCstrncat_larger_assign_normal_part15_goal22,False
data/why3/frama_c/klibc_string/strncat_Why3_ide.mlw,strncat_Why3_ide_VCstrncat_smaller_post_2_part1_goal23,True
data/why3/frama_c/klibc_string/strncat_Why3_ide.mlw,strncat_Why3_ide_VCstrncat_smaller_post_2_part2_goal24,True
data/why3/frama_c/klibc_string/strncat_Why3_ide.mlw,strncat_Why3_ide_VCstrncat_smaller_assign_normal_part07_goal25,True
data/why3/frama_c/klibc_string/strncat_Why3_ide.mlw,strncat_Why3_ide_VCstrncat_smaller_assign_normal_part13_goal26,True
data/why3/frama_c/klibc_string/strncat_Why3_ide.mlw,strncat_Why3_ide_VCstrncat_smaller_assign_normal_part15_goal27,True
data/why3/frama_c/klibc_string/strncmp_Why3_ide.mlw,strncmp_Why3_ide_VCstrncmp_complete_zero_s2_smaller_s1_smaller_s1_s2_smaller____goal0,False
data/why3/frama_c/klibc_string/strncmp_Why3_ide.mlw,strncmp_Why3_ide_VCstrncmp_disjoint_zero_s2_smaller_s1_smaller_s1_s2_smaller____goal1,True
data/why3/frama_c/klibc_string/strncmp_Why3_ide.mlw,strncmp_Why3_ide_VCstrncmp_disjoint_zero_s2_smaller_s1_smaller_s1_s2_smaller____2_goal2,True
data/why3/frama_c/klibc_string/strncmp_Why3_ide.mlw,strncmp_Why3_ide_VCstrncmp_disjoint_zero_s2_smaller_s1_smaller_s1_s2_smaller____3_goal3,False
data/why3/frama_c/klibc_string/strncmp_Why3_ide.mlw,strncmp_Why3_ide_VCstrncmp_disjoint_zero_s2_smaller_s1_smaller_s1_s2_smaller____4_goal4,True
data/why3/frama_c/klibc_string/strncmp_Why3_ide.mlw,strncmp_Why3_ide_VCstrncmp_disjoint_zero_s2_smaller_s1_smaller_s1_s2_smaller____5_goal5,True
data/why3/frama_c/klibc_string/strncmp_Why3_ide.mlw,strncmp_Why3_ide_VCstrncmp_disjoint_zero_s2_smaller_s1_smaller_s1_s2_smaller____6_goal6,True
data/why3/frama_c/klibc_string/strncmp_Why3_ide.mlw,strncmp_Why3_ide_VCstrncmp_disjoint_zero_s2_smaller_s1_smaller_s1_s2_smaller____7_goal7,True
data/why3/frama_c/klibc_string/strncmp_Why3_ide.mlw,strncmp_Why3_ide_VCstrncmp_disjoint_zero_s2_smaller_s1_smaller_s1_s2_smaller____8_goal8,True
data/why3/frama_c/klibc_string/strncmp_Why3_ide.mlw,strncmp_Why3_ide_VCstrncmp_disjoint_zero_s2_smaller_s1_smaller_s1_s2_smaller____9_goal9,True
data/why3/frama_c/klibc_string/strncmp_Why3_ide.mlw,strncmp_Why3_ide_VCstrncmp_disjoint_zero_s2_smaller_s1_smaller_s1_s2_smaller____10_goal10,True
data/why3/frama_c/klibc_string/strncmp_Why3_ide.mlw,strncmp_Why3_ide_VCstrncmp_disjoint_zero_s2_smaller_s1_smaller_s1_s2_smaller____11_goal11,True
data/why3/frama_c/klibc_string/strncmp_Why3_ide.mlw,strncmp_Why3_ide_VCstrncmp_disjoint_zero_s2_smaller_s1_smaller_s1_s2_smaller____12_goal12,True
data/why3/frama_c/klibc_string/strncmp_Why3_ide.mlw,strncmp_Why3_ide_VCstrncmp_disjoint_zero_s2_smaller_s1_smaller_s1_s2_smaller____13_goal13,True
data/why3/frama_c/klibc_string/strncmp_Why3_ide.mlw,strncmp_Why3_ide_VCstrncmp_disjoint_zero_s2_smaller_s1_smaller_s1_s2_smaller____14_goal14,True
data/why3/frama_c/klibc_string/strncmp_Why3_ide.mlw,strncmp_Why3_ide_VCstrncmp_disjoint_zero_s2_smaller_s1_smaller_s1_s2_smaller____15_goal15,True
data/why3/frama_c/klibc_string/strncmp_Why3_ide.mlw,strncmp_Why3_ide_VCstrncmp_disjoint_zero_s2_smaller_s1_smaller_s1_s2_smaller____16_goal16,True
data/why3/frama_c/klibc_string/strncmp_Why3_ide.mlw,strncmp_Why3_ide_VCstrncmp_disjoint_zero_s2_smaller_s1_smaller_s1_s2_smaller____17_goal17,True
data/why3/frama_c/klibc_string/strncmp_Why3_ide.mlw,strncmp_Why3_ide_VCstrncmp_disjoint_zero_s2_smaller_s1_smaller_s1_s2_smaller____18_goal18,True
data/why3/frama_c/klibc_string/strncmp_Why3_ide.mlw,strncmp_Why3_ide_VCstrncmp_disjoint_zero_s2_smaller_s1_smaller_s1_s2_smaller____19_goal19,True
data/why3/frama_c/klibc_string/strncmp_Why3_ide.mlw,strncmp_Why3_ide_VCstrncmp_disjoint_zero_s2_smaller_s1_smaller_s1_s2_smaller____20_goal20,True
data/why3/frama_c/klibc_string/strncmp_Why3_ide.mlw,strncmp_Why3_ide_VCstrncmp_disjoint_zero_s2_smaller_s1_smaller_s1_s2_smaller____21_goal21,True
data/why3/frama_c/klibc_string/strncmp_Why3_ide.mlw,strncmp_Why3_ide_VCstrncmp_disjoint_zero_s2_smaller_s1_smaller_s1_s2_smaller____22_goal22,True
data/why3/frama_c/klibc_string/strncmp_Why3_ide.mlw,strncmp_Why3_ide_VCstrncmp_disjoint_zero_s2_smaller_s1_smaller_s1_s2_smaller____23_goal23,True
data/why3/frama_c/klibc_string/strncmp_Why3_ide.mlw,strncmp_Why3_ide_VCstrncmp_disjoint_zero_s2_smaller_s1_smaller_s1_s2_smaller____24_goal24,True
data/why3/frama_c/klibc_string/strncmp_Why3_ide.mlw,strncmp_Why3_ide_VCstrncmp_disjoint_zero_s2_smaller_s1_smaller_s1_s2_smaller____25_goal25,True
data/why3/frama_c/klibc_string/strncmp_Why3_ide.mlw,strncmp_Why3_ide_VCstrncmp_disjoint_zero_s2_smaller_s1_smaller_s1_s2_smaller____26_goal26,True
data/why3/frama_c/klibc_string/strncmp_Why3_ide.mlw,strncmp_Why3_ide_VCstrncmp_disjoint_zero_s2_smaller_s1_smaller_s1_s2_smaller____27_goal27,True
data/why3/frama_c/klibc_string/strncmp_Why3_ide.mlw,strncmp_Why3_ide_VCstrncmp_loop_inv_3_preserved_part1_goal28,True
data/why3/frama_c/klibc_string/strncmp_Why3_ide.mlw,strncmp_Why3_ide_VCstrncmp_loop_inv_4_preserved_goal29,True
data/why3/frama_c/klibc_string/strncmp_Why3_ide.mlw,strncmp_Why3_ide_VCstrncmp_loop_inv_5_preserved_part1_goal30,True
data/why3/frama_c/klibc_string/strncmp_Why3_ide.mlw,strncmp_Why3_ide_VCstrncmp_loop_inv_5_preserved_part2_goal31,True
data/why3/frama_c/klibc_string/strncmp_Why3_ide.mlw,strncmp_Why3_ide_VCstrncmp_loop_inv_5_established_part1_goal32,True
data/why3/frama_c/klibc_string/strncmp_Why3_ide.mlw,strncmp_Why3_ide_VCstrncmp_loop_inv_5_established_part2_goal33,True
data/why3/frama_c/klibc_string/strncmp_Why3_ide.mlw,strncmp_Why3_ide_VCstrncmp_loop_inv_6_preserved_part1_goal34,True
data/why3/frama_c/klibc_string/strncmp_Why3_ide.mlw,strncmp_Why3_ide_VCstrncmp_loop_inv_6_preserved_part2_goal35,True
data/why3/frama_c/klibc_string/strncmp_Why3_ide.mlw,strncmp_Why3_ide_VCstrncmp_loop_inv_6_established_part1_goal36,True
data/why3/frama_c/klibc_string/strncmp_Why3_ide.mlw,strncmp_Why3_ide_VCstrncmp_loop_inv_6_established_part2_goal37,True
data/why3/frama_c/klibc_string/strncmp_Why3_ide.mlw,strncmp_Why3_ide_VCstrncmp_loop_inv_7_preserved_goal38,True
data/why3/frama_c/klibc_string/strncmp_Why3_ide.mlw,strncmp_Why3_ide_VCstrncmp_loop_inv_8_preserved_goal39,True
data/why3/frama_c/klibc_string/strncmp_Why3_ide.mlw,strncmp_Why3_ide_VCstrncmp_loop_term_decrease_goal40,True
data/why3/frama_c/klibc_string/strncmp_Why3_ide.mlw,strncmp_Why3_ide_VCstrncmp_larger_n_eq_post_part1_goal41,True
data/why3/frama_c/klibc_string/strncmp_Why3_ide.mlw,strncmp_Why3_ide_VCstrncmp_larger_n_not_eq_post_part2_goal42,True
data/why3/frama_c/klibc_string/strncmp_Why3_ide.mlw,strncmp_Why3_ide_VCstrncmp_larger_n_not_eq_post_part3_goal43,True
data/why3/frama_c/klibc_string/strncmp_Why3_ide.mlw,strncmp_Why3_ide_VCstrncmp_normal_n_eq_post_part1_goal44,False
data/why3/frama_c/klibc_string/strncmp_Why3_ide.mlw,strncmp_Why3_ide_VCstrncmp_normal_n_not_eq_post_part2_goal45,True
data/why3/frama_c/klibc_string/strncmp_Why3_ide.mlw,strncmp_Why3_ide_VCstrncmp_normal_n_not_eq_post_part3_goal46,True
data/why3/frama_c/klibc_string/strncmp_Why3_ide.mlw,strncmp_Why3_ide_VCstrncmp_s1_s2_smaller_post_part2_goal47,True
data/why3/frama_c/klibc_string/strncmp_Why3_ide.mlw,strncmp_Why3_ide_VCstrncmp_s1_s2_smaller_post_part3_goal48,True
data/why3/frama_c/klibc_string/strncmp_Why3_ide.mlw,strncmp_Why3_ide_VCstrncmp_s1_smaller_post_part2_goal49,True
data/why3/frama_c/klibc_string/strncmp_Why3_ide.mlw,strncmp_Why3_ide_VCstrncmp_s1_smaller_post_part3_goal50,True
data/why3/frama_c/klibc_string/strncmp_Why3_ide.mlw,strncmp_Why3_ide_VCstrncmp_s2_smaller_post_part2_goal51,True
data/why3/frama_c/klibc_string/strncmp_Why3_ide.mlw,strncmp_Why3_ide_VCstrncmp_s2_smaller_post_part3_goal52,True
data/why3/frama_c/klibc_string/strncpy_Why3_ide.mlw,strncpy_Why3_ide_VCstrncpy_loop_inv_4_preserved_part1_goal0,True
data/why3/frama_c/klibc_string/strncpy_Why3_ide.mlw,strncpy_Why3_ide_VCstrncpy_loop_inv_4_preserved_part2_goal1,True
data/why3/frama_c/klibc_string/strncpy_Why3_ide.mlw,strncpy_Why3_ide_VCstrncpy_loop_inv_4_established_part1_goal2,True
data/why3/frama_c/klibc_string/strncpy_Why3_ide.mlw,strncpy_Why3_ide_VCstrncpy_loop_inv_4_established_part2_goal3,True
data/why3/frama_c/klibc_string/strncpy_Why3_ide.mlw,strncpy_Why3_ide_VCstrncpy_loop_inv_5_preserved_part1_goal4,True
data/why3/frama_c/klibc_string/strncpy_Why3_ide.mlw,strncpy_Why3_ide_VCstrncpy_loop_inv_5_preserved_part2_goal5,True
data/why3/frama_c/klibc_string/strncpy_Why3_ide.mlw,strncpy_Why3_ide_VCstrncpy_loop_inv_5_established_part1_goal6,True
data/why3/frama_c/klibc_string/strncpy_Why3_ide.mlw,strncpy_Why3_ide_VCstrncpy_loop_inv_5_established_part2_goal7,True
data/why3/frama_c/klibc_string/strncpy_Why3_ide.mlw,strncpy_Why3_ide_VCstrncpy_loop_inv_6_preserved_goal8,False
data/why3/frama_c/klibc_string/strncpy_Why3_ide.mlw,strncpy_Why3_ide_VCstrncpy_loop_inv_7_preserved_goal9,False
data/why3/frama_c/klibc_string/strncpy_Why3_ide.mlw,strncpy_Why3_ide_VCstrncpy_loop_inv_8_preserved_part1_goal10,True
data/why3/frama_c/klibc_string/strncpy_Why3_ide.mlw,strncpy_Why3_ide_VCstrncpy_loop_assign_part2_goal11,False
data/why3/frama_c/klibc_string/strncpy_Why3_ide.mlw,strncpy_Why3_ide_VCstrncpy_loop_assign_part5_goal12,False
data/why3/frama_c/klibc_string/strncpy_Why3_ide.mlw,strncpy_Why3_ide_VCstrncpy_assign_exit_part05_goal13,False
data/why3/frama_c/klibc_string/strncpy_Why3_ide.mlw,strncpy_Why3_ide_VCstrncpy_assign_exit_part12_goal14,True
data/why3/frama_c/klibc_string/strncpy_Why3_ide.mlw,strncpy_Why3_ide_VCstrncpy_assign_exit_part13_goal15,True
data/why3/frama_c/klibc_string/strncpy_Why3_ide.mlw,strncpy_Why3_ide_VCstrncpy_assign_normal_part05_goal16,False
data/why3/frama_c/klibc_string/strncpy_Why3_ide.mlw,strncpy_Why3_ide_VCstrncpy_assign_normal_part12_goal17,True
data/why3/frama_c/klibc_string/strncpy_Why3_ide.mlw,strncpy_Why3_ide_VCstrncpy_assign_normal_part13_goal18,True
data/why3/frama_c/klibc_string/strncpy_Why3_ide.mlw,strncpy_Why3_ide_VCstrncpy_loop_term_decrease_goal19,True
data/why3/frama_c/klibc_string/strncpy_Why3_ide.mlw,strncpy_Why3_ide_VCstrncpy_call_memset_pre_2_part1_goal20,True
data/why3/frama_c/klibc_string/strncpy_Why3_ide.mlw,strncpy_Why3_ide_VCstrncpy_call_memset_pre_2_part2_goal21,True
data/why3/frama_c/klibc_string/strndup_Why3_ide.mlw,strndup_Why3_ide_VCstrndup_call_strnlen_pre_goal0,True
data/why3/frama_c/klibc_string/strndup_Why3_ide.mlw,strndup_Why3_ide_VCstrndup_call_strnlen_pre_2_goal1,False
data/why3/frama_c/klibc_string/strndup_Why3_ide.mlw,strndup_Why3_ide_VCstrndup_call_memcpy_pre_goal2,False
data/why3/frama_c/klibc_string/strndup_Why3_ide.mlw,strndup_Why3_ide_VCstrndup_call_memcpy_pre_2_goal3,True
data/why3/frama_c/klibc_string/strndup_Why3_ide.mlw,strndup_Why3_ide_VCstrndup_call_memcpy_pre_3_goal4,False
data/why3/frama_c/klibc_string/strndup_Why3_ide.mlw,strndup_Why3_ide_VCstrndup_call_memcpy_pre_4_goal5,True
data/why3/frama_c/klibc_string/strnlen_Why3_ide.mlw,strnlen_Why3_ide_VCstrnlen_loop_inv_preserved_part1_goal0,True
data/why3/frama_c/klibc_string/strnlen_Why3_ide.mlw,strnlen_Why3_ide_VCstrnlen_loop_inv_2_preserved_goal1,True
data/why3/frama_c/klibc_string/strnlen_Why3_ide.mlw,strnlen_Why3_ide_VCstrnlen_loop_inv_3_preserved_goal2,True
data/why3/frama_c/klibc_string/strnlen_Why3_ide.mlw,strnlen_Why3_ide_VCstrnlen_loop_inv_4_preserved_part1_goal3,True
data/why3/frama_c/klibc_string/strnlen_Why3_ide.mlw,strnlen_Why3_ide_VCstrnlen_loop_inv_4_preserved_part2_goal4,True
data/why3/frama_c/klibc_string/strnlen_Why3_ide.mlw,strnlen_Why3_ide_VCstrnlen_loop_inv_4_established_part1_goal5,True
data/why3/frama_c/klibc_string/strnlen_Why3_ide.mlw,strnlen_Why3_ide_VCstrnlen_loop_inv_4_established_part2_goal6,True
data/why3/frama_c/klibc_string/strnlen_Why3_ide.mlw,strnlen_Why3_ide_VCstrnlen_loop_term_decrease_goal7,True
data/why3/frama_c/klibc_string/strnlen_Why3_ide.mlw,strnlen_Why3_ide_VCstrnlen_bigger_post_part1_goal8,True
data/why3/frama_c/klibc_string/strnlen_Why3_ide.mlw,strnlen_Why3_ide_VCstrnlen_smaller_post_part1_goal9,True
data/why3/frama_c/klibc_string/strpbrk_Why3_ide.mlw,strpbrk_Why3_ide_VCstrpbrk_call___strxspn_pre_2_goal0,True
data/why3/frama_c/klibc_string/strpbrk_Why3_ide.mlw,strpbrk_Why3_ide_VCstrpbrk_call___strxspn_pre_3_goal1,True
data/why3/frama_c/klibc_string/strpbrk_Why3_ide.mlw,strpbrk_Why3_ide_VCstrpbrk_exists_post_part1_goal2,True
data/why3/frama_c/klibc_string/strpbrk_Why3_ide.mlw,strpbrk_Why3_ide_VCstrpbrk_exists_post_part2_goal3,True
data/why3/frama_c/klibc_string/strpbrk_Why3_ide.mlw,strpbrk_Why3_ide_VCstrpbrk_exists_post_2_part2_goal4,True
data/why3/frama_c/klibc_string/strpbrk_Why3_ide.mlw,strpbrk_Why3_ide_VCstrpbrk_exists_post_3_part2_goal5,True
data/why3/frama_c/klibc_string/strpbrk_Why3_ide.mlw,strpbrk_Why3_ide_VCstrpbrk_exists_post_4_part1_goal6,True
data/why3/frama_c/klibc_string/strpbrk_Why3_ide.mlw,strpbrk_Why3_ide_VCstrpbrk_exists_post_4_part2_goal7,True
data/why3/frama_c/klibc_string/strpbrk_Why3_ide.mlw,strpbrk_Why3_ide_VCstrpbrk_exists_post_4_part3_goal8,True
data/why3/frama_c/klibc_string/strpbrk_Why3_ide.mlw,strpbrk_Why3_ide_VCstrpbrk_exists_post_4_part4_goal9,True
data/why3/frama_c/klibc_string/strpbrk_Why3_ide.mlw,strpbrk_Why3_ide_VCstrpbrk_not_exists_post_part1_goal10,True
data/why3/frama_c/klibc_string/strrchr_Why3_ide.mlw,strrchr_Why3_ide_VCstrrchr_loop_inv_4_preserved_part1_goal0,True
data/why3/frama_c/klibc_string/strrchr_Why3_ide.mlw,strrchr_Why3_ide_VCstrrchr_loop_inv_4_preserved_part2_goal1,True
data/why3/frama_c/klibc_string/strrchr_Why3_ide.mlw,strrchr_Why3_ide_VCstrrchr_loop_inv_4_preserved_part3_goal2,True
data/why3/frama_c/klibc_string/strrchr_Why3_ide.mlw,strrchr_Why3_ide_VCstrrchr_loop_inv_4_preserved_part4_goal3,True
data/why3/frama_c/klibc_string/strrchr_Why3_ide.mlw,strrchr_Why3_ide_VCstrrchr_loop_inv_4_established_part1_goal4,True
data/why3/frama_c/klibc_string/strrchr_Why3_ide.mlw,strrchr_Why3_ide_VCstrrchr_loop_inv_4_established_part2_goal5,True
data/why3/frama_c/klibc_string/strrchr_Why3_ide.mlw,strrchr_Why3_ide_VCstrrchr_loop_inv_5_preserved_part1_goal6,True
data/why3/frama_c/klibc_string/strrchr_Why3_ide.mlw,strrchr_Why3_ide_VCstrrchr_loop_inv_5_preserved_part2_goal7,True
data/why3/frama_c/klibc_string/strrchr_Why3_ide.mlw,strrchr_Why3_ide_VCstrrchr_loop_inv_6_preserved_part1_goal8,True
data/why3/frama_c/klibc_string/strrchr_Why3_ide.mlw,strrchr_Why3_ide_VCstrrchr_loop_inv_6_preserved_part2_goal9,True
data/why3/frama_c/klibc_string/strrchr_Why3_ide.mlw,strrchr_Why3_ide_VCstrrchr_loop_inv_7_preserved_part2_goal10,True
data/why3/frama_c/klibc_string/strrchr_Why3_ide.mlw,strrchr_Why3_ide_VCstrrchr_loop_inv_8_preserved_part1_goal11,True
data/why3/frama_c/klibc_string/strrchr_Why3_ide.mlw,strrchr_Why3_ide_VCstrrchr_loop_inv_10_preserved_part1_goal12,True
data/why3/frama_c/klibc_string/strrchr_Why3_ide.mlw,strrchr_Why3_ide_VCstrrchr_loop_inv_10_preserved_part2_goal13,True
data/why3/frama_c/klibc_string/strrchr_Why3_ide.mlw,strrchr_Why3_ide_VCstrrchr_loop_inv_10_preserved_part3_goal14,True
data/why3/frama_c/klibc_string/strrchr_Why3_ide.mlw,strrchr_Why3_ide_VCstrrchr_loop_inv_10_preserved_part4_goal15,True
data/why3/frama_c/klibc_string/strrchr_Why3_ide.mlw,strrchr_Why3_ide_VCstrrchr_loop_inv_10_established_part2_goal16,True
data/why3/frama_c/klibc_string/strrchr_Why3_ide.mlw,strrchr_Why3_ide_VCstrrchr_contains_post_goal17,False
data/why3/frama_c/klibc_string/strrchr_Why3_ide.mlw,strrchr_Why3_ide_VCstrrchr_contains_post_2_goal18,False
data/why3/frama_c/klibc_string/strrchr_Why3_ide.mlw,strrchr_Why3_ide_VCstrrchr_not_contains_post_goal19,False
data/why3/frama_c/klibc_string/strsep_Why3_ide.mlw,strsep_Why3_ide_VCstrsep_complete_not_found_found_null_goal0,True
data/why3/frama_c/klibc_string/strsep_Why3_ide.mlw,strsep_Why3_ide_VCstrsep_disjoint_not_found_found_null_part1_goal1,True
data/why3/frama_c/klibc_string/strsep_Why3_ide.mlw,strsep_Why3_ide_VCstrsep_disjoint_not_found_found_null_part2_goal2,True
data/why3/frama_c/klibc_string/strsep_Why3_ide.mlw,strsep_Why3_ide_VCstrsep_call_strpbrk_pre_2_goal3,True
data/why3/frama_c/klibc_string/strsep_Why3_ide.mlw,strsep_Why3_ide_VCstrsep_found_post_2_part1_goal4,True
data/why3/frama_c/klibc_string/strsep_Why3_ide.mlw,strsep_Why3_ide_VCstrsep_found_post_2_part3_goal5,True
data/why3/frama_c/klibc_string/strsep_Why3_ide.mlw,strsep_Why3_ide_VCstrsep_found_post_3_part1_goal6,True
data/why3/frama_c/klibc_string/strsep_Why3_ide.mlw,strsep_Why3_ide_VCstrsep_found_post_3_part2_goal7,True
data/why3/frama_c/klibc_string/strsep_Why3_ide.mlw,strsep_Why3_ide_VCstrsep_found_post_3_part3_goal8,True
data/why3/frama_c/klibc_string/strsep_Why3_ide.mlw,strsep_Why3_ide_VCstrsep_found_post_4_part3_goal9,True
data/why3/frama_c/klibc_string/strsep_Why3_ide.mlw,strsep_Why3_ide_VCstrsep_found_post_5_part1_goal10,True
data/why3/frama_c/klibc_string/strsep_Why3_ide.mlw,strsep_Why3_ide_VCstrsep_found_post_5_part2_goal11,True
data/why3/frama_c/klibc_string/strsep_Why3_ide.mlw,strsep_Why3_ide_VCstrsep_found_post_5_part3_goal12,True
data/why3/frama_c/klibc_string/strsep_Why3_ide.mlw,strsep_Why3_ide_VCstrsep_found_post_5_part4_goal13,True
data/why3/frama_c/klibc_string/strsep_Why3_ide.mlw,strsep_Why3_ide_VCstrsep_found_post_5_part5_goal14,True
data/why3/frama_c/klibc_string/strsep_Why3_ide.mlw,strsep_Why3_ide_VCstrsep_found_post_5_part6_goal15,True
data/why3/frama_c/klibc_string/strspn_Why3_ide.mlw,strspn_Why3_ide_VCstrspn_post_goal0,True
data/why3/frama_c/klibc_string/strspn_Why3_ide.mlw,strspn_Why3_ide_VCstrspn_call___strxspn_pre_2_goal1,True
data/why3/frama_c/klibc_string/strspn_Why3_ide.mlw,strspn_Why3_ide_VCstrspn_call___strxspn_pre_3_goal2,True
data/why3/frama_c/klibc_string/strstr_Why3_ide.mlw,strstr_Why3_ide_VCstrstr_call_strlen_pre_goal0,False
data/why3/frama_c/klibc_string/strstr_Why3_ide.mlw,strstr_Why3_ide_VCstrstr_call_strlen_pre_2_goal1,False
data/why3/frama_c/klibc_string/strstr_Why3_ide.mlw,strstr_Why3_ide_VCstrstr_call_memmem_pre_3_goal2,True
data/why3/frama_c/klibc_string/strstr_Why3_ide.mlw,strstr_Why3_ide_VCstrstr_call_memmem_pre_4_goal3,True
data/why3/frama_c/klibc_string/strstr_Why3_ide.mlw,strstr_Why3_ide_VCstrstr_call_memmem_pre_5_goal4,False
data/why3/frama_c/klibc_string/strtok_Why3_ide.mlw,strtok_Why3_ide_VCstrtok_call_strtok_r_pre_2_goal0,False
data/why3/frama_c/klibc_string/strtok_Why3_ide.mlw,strtok_Why3_ide_VCstrtok_call_strtok_r_pre_3_goal1,False
data/why3/frama_c/klibc_string/strtok_Why3_ide.mlw,strtok_Why3_ide_VCstrtok_call_strtok_r_pre_4_goal2,False
data/why3/frama_c/klibc_string/strtok_Why3_ide.mlw,strtok_Why3_ide_VCstrtok_call_strtok_r_pre_5_goal3,False
data/why3/frama_c/klibc_string/strtok_r_Why3_ide.mlw,strtok_r_Why3_ide_VCstrtok_r_loop_inv_preserved_part1_goal0,True
data/why3/frama_c/klibc_string/strtok_r_Why3_ide.mlw,strtok_r_Why3_ide_VCstrtok_r_loop_inv_preserved_part2_goal1,True
data/why3/frama_c/klibc_string/strtok_r_Why3_ide.mlw,strtok_r_Why3_ide_VCstrtok_r_loop_inv_2_preserved_part1_goal2,True
data/why3/frama_c/klibc_string/strtok_r_Why3_ide.mlw,strtok_r_Why3_ide_VCstrtok_r_loop_inv_2_preserved_part2_goal3,True
data/why3/frama_c/klibc_string/strtok_r_Why3_ide.mlw,strtok_r_Why3_ide_VCstrtok_r_loop_inv_2_preserved_part3_goal4,True
data/why3/frama_c/klibc_string/strtok_r_Why3_ide.mlw,strtok_r_Why3_ide_VCstrtok_r_loop_inv_2_preserved_part4_goal5,True
data/why3/frama_c/klibc_string/strtok_r_Why3_ide.mlw,strtok_r_Why3_ide_VCstrtok_r_loop_inv_2_established_part1_goal6,True
data/why3/frama_c/klibc_string/strtok_r_Why3_ide.mlw,strtok_r_Why3_ide_VCstrtok_r_loop_inv_2_established_part2_goal7,True
data/why3/frama_c/klibc_string/strtok_r_Why3_ide.mlw,strtok_r_Why3_ide_VCstrtok_r_loop_inv_3_preserved_part1_goal8,True
data/why3/frama_c/klibc_string/strtok_r_Why3_ide.mlw,strtok_r_Why3_ide_VCstrtok_r_loop_inv_3_preserved_part2_goal9,True
data/why3/frama_c/klibc_string/strtok_r_Why3_ide.mlw,strtok_r_Why3_ide_VCstrtok_r_loop_inv_4_preserved_part1_goal10,True
data/why3/frama_c/klibc_string/strtok_r_Why3_ide.mlw,strtok_r_Why3_ide_VCstrtok_r_loop_inv_4_preserved_part2_goal11,True
data/why3/frama_c/klibc_string/strtok_r_Why3_ide.mlw,strtok_r_Why3_ide_VCstrtok_r_loop_inv_4_preserved_part3_goal12,True
data/why3/frama_c/klibc_string/strtok_r_Why3_ide.mlw,strtok_r_Why3_ide_VCstrtok_r_loop_inv_4_preserved_part4_goal13,True
data/why3/frama_c/klibc_string/strtok_r_Why3_ide.mlw,strtok_r_Why3_ide_VCstrtok_r_loop_inv_4_established_part1_goal14,True
data/why3/frama_c/klibc_string/strtok_r_Why3_ide.mlw,strtok_r_Why3_ide_VCstrtok_r_loop_inv_4_established_part2_goal15,True
data/why3/frama_c/klibc_string/strtok_r_Why3_ide.mlw,strtok_r_Why3_ide_VCstrtok_r_assign_exit_part2_goal16,False
data/why3/frama_c/klibc_string/strtok_r_Why3_ide.mlw,strtok_r_Why3_ide_VCstrtok_r_assign_exit_part3_goal17,False
data/why3/frama_c/klibc_string/strtok_r_Why3_ide.mlw,strtok_r_Why3_ide_VCstrtok_r_assign_exit_part4_goal18,False
data/why3/frama_c/klibc_string/strtok_r_Why3_ide.mlw,strtok_r_Why3_ide_VCstrtok_r_assign_exit_part5_goal19,False
data/why3/frama_c/klibc_string/strtok_r_Why3_ide.mlw,strtok_r_Why3_ide_VCstrtok_r_assign_normal_part2_goal20,False
data/why3/frama_c/klibc_string/strtok_r_Why3_ide.mlw,strtok_r_Why3_ide_VCstrtok_r_assign_normal_part3_goal21,False
data/why3/frama_c/klibc_string/strtok_r_Why3_ide.mlw,strtok_r_Why3_ide_VCstrtok_r_assign_normal_part4_goal22,False
data/why3/frama_c/klibc_string/strtok_r_Why3_ide.mlw,strtok_r_Why3_ide_VCstrtok_r_assign_normal_part5_goal23,False
data/why3/frama_c/klibc_string/strtok_r_Why3_ide.mlw,strtok_r_Why3_ide_VCstrtok_r_call_strsep_pre_part1_goal24,False
data/why3/frama_c/klibc_string/strtok_r_Why3_ide.mlw,strtok_r_Why3_ide_VCstrtok_r_call_strsep_pre_part2_goal25,False
data/why3/frama_c/klibc_string/strtok_r_Why3_ide.mlw,strtok_r_Why3_ide_VCstrtok_r_call_strsep_pre_2_part1_goal26,False
data/why3/frama_c/klibc_string/strtok_r_Why3_ide.mlw,strtok_r_Why3_ide_VCstrtok_r_call_strsep_pre_2_part2_goal27,False
data/why3/frama_c/klibc_string/strtok_r_Why3_ide.mlw,strtok_r_Why3_ide_VCstrtok_r_call_strsep_pre_3_part1_goal28,False
data/why3/frama_c/klibc_string/strtok_r_Why3_ide.mlw,strtok_r_Why3_ide_VCstrtok_r_call_strsep_pre_3_part2_goal29,False
data/why3/frama_c/klibc_string/strtok_r_Why3_ide.mlw,strtok_r_Why3_ide_VCstrtok_r_call_strsep_pre_4_part1_goal30,False
data/why3/frama_c/klibc_string/strtok_r_Why3_ide.mlw,strtok_r_Why3_ide_VCstrtok_r_call_strsep_pre_4_part2_goal31,False
data/why3/frama_c/klibc_string/strtok_r_Why3_ide.mlw,strtok_r_Why3_ide_VCstrtok_r_call_strsep_pre_5_part01_goal32,False
data/why3/frama_c/klibc_string/strtok_r_Why3_ide.mlw,strtok_r_Why3_ide_VCstrtok_r_call_strsep_pre_5_part02_goal33,False
data/why3/frama_c/klibc_string/strtok_r_Why3_ide.mlw,strtok_r_Why3_ide_VCstrtok_r_call_strsep_pre_5_part03_goal34,False
data/why3/frama_c/klibc_string/strtok_r_Why3_ide.mlw,strtok_r_Why3_ide_VCstrtok_r_call_strsep_pre_5_part04_goal35,False
data/why3/frama_c/klibc_string/strtok_r_Why3_ide.mlw,strtok_r_Why3_ide_VCstrtok_r_call_strsep_pre_5_part05_goal36,False
data/why3/frama_c/klibc_string/strtok_r_Why3_ide.mlw,strtok_r_Why3_ide_VCstrtok_r_call_strsep_pre_5_part06_goal37,False
data/why3/frama_c/klibc_string/strtok_r_Why3_ide.mlw,strtok_r_Why3_ide_VCstrtok_r_call_strsep_pre_5_part07_goal38,False
data/why3/frama_c/klibc_string/strtok_r_Why3_ide.mlw,strtok_r_Why3_ide_VCstrtok_r_call_strsep_pre_5_part08_goal39,False
data/why3/frama_c/klibc_string/strtok_r_Why3_ide.mlw,strtok_r_Why3_ide_VCstrtok_r_call_strsep_pre_5_part09_goal40,False
data/why3/frama_c/klibc_string/strtok_r_Why3_ide.mlw,strtok_r_Why3_ide_VCstrtok_r_call_strsep_pre_5_part10_goal41,False
data/why3/frama_c/klibc_string/strtok_r_Why3_ide.mlw,strtok_r_Why3_ide_VCstrtok_r_call_strsep_pre_5_part11_goal42,False
data/why3/frama_c/klibc_string/strtok_r_Why3_ide.mlw,strtok_r_Why3_ide_VCstrtok_r_call_strsep_pre_5_part12_goal43,False
data/why3/frama_c/klibc_string/toupper_Why3_ide.mlw,toupper_Why3_ide_VCtoupper_complete_else_isupper_islower_goal0,True
data/why3/frama_c/klibc_string/toupper_Why3_ide.mlw,toupper_Why3_ide_VCtoupper_disjoint_else_isupper_islower_goal1,True
data/why3/frama_c/klibc_string/toupper_Why3_ide.mlw,toupper_Why3_ide_VCtoupper_assign_exit_goal2,False
data/why3/frama_c/klibc_string/toupper_Why3_ide.mlw,toupper_Why3_ide_VCtoupper_assign_normal_goal3,False
data/why3/frama_c/klibc_string/toupper_Why3_ide.mlw,toupper_Why3_ide_VCtoupper_else_post_goal4,False
data/why3/frama_c/klibc_string/toupper_Why3_ide.mlw,toupper_Why3_ide_VCtoupper_islower_post_goal5,False
data/why3/frama_c/klibc_string/toupper_Why3_ide.mlw,toupper_Why3_ide_VCtoupper_isupper_post_goal6,False
