data/why3/frama_c/airborne/double_quat_of_eulers/double_quat_of_eulers_Why3_ide.mlw,double_quat_of_eulers_Why3_ide_VCdouble_quat_of_eulers_call_sin_pre_finite_arg_goal0,True
data/why3/frama_c/airborne/double_quat_of_eulers/double_quat_of_eulers_Why3_ide.mlw,double_quat_of_eulers_Why3_ide_VCdouble_quat_of_eulers_call_sin_pre_finite_arg_2_goal1,True
data/why3/frama_c/airborne/double_quat_of_eulers/double_quat_of_eulers_Why3_ide.mlw,double_quat_of_eulers_Why3_ide_VCdouble_quat_of_eulers_call_sin_pre_finite_arg_3_goal2,True
data/why3/frama_c/airborne/double_rmat_of_eulers_321/double_rmat_of_eulers_321_Why3_ide.mlw,double_rmat_of_eulers_321_Why3_ide_VCdouble_rmat_of_eulers_321_call_sin_pre_finite_arg_goal0,True
data/why3/frama_c/airborne/double_rmat_of_eulers_321/double_rmat_of_eulers_321_Why3_ide.mlw,double_rmat_of_eulers_321_Why3_ide_VCdouble_rmat_of_eulers_321_call_sin_pre_finite_arg_2_goal1,True
data/why3/frama_c/airborne/double_rmat_of_eulers_321/double_rmat_of_eulers_321_Why3_ide.mlw,double_rmat_of_eulers_321_Why3_ide_VCdouble_rmat_of_eulers_321_call_sin_pre_finite_arg_3_goal2,True
data/why3/frama_c/airborne/float_mat_inv_2d/float_mat_inv_2d_Why3_ide.mlw,float_mat_inv_2d_Why3_ide_VCfloat_mat_inv_2d_call_fabsf_pre_finite_arg_goal0,True
data/why3/frama_c/airborne/float_mat_inv_4d/float_mat_inv_4d_Why3_ide.mlw,float_mat_inv_4d_Why3_ide_VCfloat_mat_inv_4d_loop_inv_preserved_goal0,True
data/why3/frama_c/airborne/float_mat_inv_4d/float_mat_inv_4d_Why3_ide.mlw,float_mat_inv_4d_Why3_ide_VCfloat_mat_inv_4d_call_fabsf_pre_finite_arg_goal1,True
data/why3/frama_c/airborne/float_mat_norm_li/float_mat_norm_li_Why3_ide.mlw,float_mat_norm_li_Why3_ide_VCfloat_mat_norm_li_loop_inv_preserved_goal0,True
data/why3/frama_c/airborne/float_mat_norm_li/float_mat_norm_li_Why3_ide.mlw,float_mat_norm_li_Why3_ide_VCfloat_mat_norm_li_loop_inv_established_goal1,True
data/why3/frama_c/airborne/float_mat_norm_li/float_mat_norm_li_Why3_ide.mlw,float_mat_norm_li_Why3_ide_VCfloat_mat_norm_li_loop_inv_2_preserved_goal2,True
data/why3/frama_c/airborne/float_mat_norm_li/float_mat_norm_li_Why3_ide.mlw,float_mat_norm_li_Why3_ide_VCfloat_mat_norm_li_loop_inv_3_preserved_goal3,True
data/why3/frama_c/airborne/float_mat_norm_li/float_mat_norm_li_Why3_ide.mlw,float_mat_norm_li_Why3_ide_VCfloat_mat_norm_li_loop_inv_3_established_goal4,True
data/why3/frama_c/airborne/float_mat_norm_li/float_mat_norm_li_Why3_ide.mlw,float_mat_norm_li_Why3_ide_VCfloat_mat_norm_li_call_fabsf_pre_finite_arg_goal5,True
data/why3/frama_c/airborne/float_quat_comp/float_quat_comp_Why3_ide.mlw,float_quat_comp_Why3_ide_VCfloat_quat_comp_post_goal0,False
data/why3/frama_c/airborne/float_quat_comp_inv_norm_shortest/float_quat_comp_inv_norm_shortest_Why3_ide.mlw,float_quat_comp_inv_norm_shortest_Why3_ide_VCfloat_quat_comp_inv_norm_shortest_call_float_quat_wrap_sh____2_goal0,True
data/why3/frama_c/airborne/float_quat_comp_inv_norm_shortest/float_quat_comp_inv_norm_shortest_Why3_ide.mlw,float_quat_comp_inv_norm_shortest_Why3_ide_VCfloat_quat_comp_inv_norm_shortest_call_float_quat_normali____2_goal1,True
data/why3/frama_c/airborne/float_quat_comp_norm_shortest/float_quat_comp_norm_shortest_Why3_ide.mlw,float_quat_comp_norm_shortest_Why3_ide_VCfloat_quat_comp_norm_shortest_call_float_quat_comp_pre_4_goal0,False
data/why3/frama_c/airborne/float_quat_comp_norm_shortest/float_quat_comp_norm_shortest_Why3_ide.mlw,float_quat_comp_norm_shortest_Why3_ide_VCfloat_quat_comp_norm_shortest_call_float_quat_wrap_shorte____2_goal1,True
data/why3/frama_c/airborne/float_quat_comp_norm_shortest/float_quat_comp_norm_shortest_Why3_ide.mlw,float_quat_comp_norm_shortest_Why3_ide_VCfloat_quat_comp_norm_shortest_call_float_quat_normalize_p____goal2,True
data/why3/frama_c/airborne/float_quat_differential/float_quat_differential_Why3_ide.mlw,float_quat_differential_Why3_ide_VCfloat_quat_differential_call_sqrtf_pre_finite_arg_goal0,True
data/why3/frama_c/airborne/float_quat_differential/float_quat_differential_Why3_ide.mlw,float_quat_differential_Why3_ide_VCfloat_quat_differential_call_sqrtf_pre_arg_positive_goal1,True
data/why3/frama_c/airborne/float_quat_differential/float_quat_differential_Why3_ide.mlw,float_quat_differential_Why3_ide_VCfloat_quat_differential_call_cos_pre_finite_arg_goal2,True
data/why3/frama_c/airborne/float_quat_integrate/float_quat_integrate_Why3_ide.mlw,float_quat_integrate_Why3_ide_VCfloat_quat_integrate_call_sqrtf_pre_finite_arg_goal0,True
data/why3/frama_c/airborne/float_quat_integrate/float_quat_integrate_Why3_ide.mlw,float_quat_integrate_Why3_ide_VCfloat_quat_integrate_call_sqrtf_pre_arg_positive_goal1,True
data/why3/frama_c/airborne/float_quat_integrate/float_quat_integrate_Why3_ide.mlw,float_quat_integrate_Why3_ide_VCfloat_quat_integrate_call_cosf_pre_finite_arg_goal2,True
data/why3/frama_c/airborne/float_quat_inv_comp_norm_shortest/float_quat_inv_comp_norm_shortest_Why3_ide.mlw,float_quat_inv_comp_norm_shortest_Why3_ide_VCfloat_quat_inv_comp_norm_shortest_call_float_quat_wrap_sh____2_goal0,True
data/why3/frama_c/airborne/float_quat_inv_comp_norm_shortest/float_quat_inv_comp_norm_shortest_Why3_ide.mlw,float_quat_inv_comp_norm_shortest_Why3_ide_VCfloat_quat_inv_comp_norm_shortest_call_float_quat_normali____2_goal1,True
data/why3/frama_c/airborne/float_quat_of_axis_angle/float_quat_of_axis_angle_Why3_ide.mlw,float_quat_of_axis_angle_Why3_ide_VCfloat_quat_of_axis_angle_call_sinf_pre_finite_arg_goal0,True
data/why3/frama_c/airborne/float_quat_of_eulers/float_quat_of_eulers_Why3_ide.mlw,float_quat_of_eulers_Why3_ide_VCfloat_quat_of_eulers_call_sinf_pre_finite_arg_goal0,True
data/why3/frama_c/airborne/float_quat_of_eulers/float_quat_of_eulers_Why3_ide.mlw,float_quat_of_eulers_Why3_ide_VCfloat_quat_of_eulers_call_sinf_pre_finite_arg_2_goal1,True
data/why3/frama_c/airborne/float_quat_of_eulers/float_quat_of_eulers_Why3_ide.mlw,float_quat_of_eulers_Why3_ide_VCfloat_quat_of_eulers_call_sinf_pre_finite_arg_3_goal2,True
data/why3/frama_c/airborne/float_quat_of_eulers_yxz/float_quat_of_eulers_yxz_Why3_ide.mlw,float_quat_of_eulers_yxz_Why3_ide_VCfloat_quat_of_eulers_yxz_call_sinf_pre_finite_arg_goal0,True
data/why3/frama_c/airborne/float_quat_of_eulers_yxz/float_quat_of_eulers_yxz_Why3_ide.mlw,float_quat_of_eulers_yxz_Why3_ide_VCfloat_quat_of_eulers_yxz_call_sinf_pre_finite_arg_2_goal1,True
data/why3/frama_c/airborne/float_quat_of_eulers_yxz/float_quat_of_eulers_yxz_Why3_ide.mlw,float_quat_of_eulers_yxz_Why3_ide_VCfloat_quat_of_eulers_yxz_call_sinf_pre_finite_arg_3_goal2,True
data/why3/frama_c/airborne/float_quat_of_eulers_zxy/float_quat_of_eulers_zxy_Why3_ide.mlw,float_quat_of_eulers_zxy_Why3_ide_VCfloat_quat_of_eulers_zxy_call_sinf_pre_finite_arg_goal0,True
data/why3/frama_c/airborne/float_quat_of_eulers_zxy/float_quat_of_eulers_zxy_Why3_ide.mlw,float_quat_of_eulers_zxy_Why3_ide_VCfloat_quat_of_eulers_zxy_call_sinf_pre_finite_arg_2_goal1,True
data/why3/frama_c/airborne/float_quat_of_eulers_zxy/float_quat_of_eulers_zxy_Why3_ide.mlw,float_quat_of_eulers_zxy_Why3_ide_VCfloat_quat_of_eulers_zxy_call_sinf_pre_finite_arg_3_goal2,True
data/why3/frama_c/airborne/float_quat_of_orientation_vect/float_quat_of_orientation_vect_Why3_ide.mlw,float_quat_of_orientation_vect_Why3_ide_VCfloat_quat_of_orientation_vect_call_sqrtf_pre_finite_arg_goal0,True
data/why3/frama_c/airborne/float_quat_of_orientation_vect/float_quat_of_orientation_vect_Why3_ide.mlw,float_quat_of_orientation_vect_Why3_ide_VCfloat_quat_of_orientation_vect_call_sqrtf_pre_arg_positive_goal1,True
data/why3/frama_c/airborne/float_quat_of_orientation_vect/float_quat_of_orientation_vect_Why3_ide.mlw,float_quat_of_orientation_vect_Why3_ide_VCfloat_quat_of_orientation_vect_call_sinf_pre_finite_arg_goal2,True
data/why3/frama_c/airborne/float_quat_of_rmat/float_quat_of_rmat_Why3_ide.mlw,float_quat_of_rmat_Why3_ide_VCfloat_quat_of_rmat_complete_a22_max_a11_max_a00_max_trace____goal0,True
data/why3/frama_c/airborne/float_quat_of_rmat/float_quat_of_rmat_Why3_ide.mlw,float_quat_of_rmat_Why3_ide_VCfloat_quat_of_rmat_call_sqrtf_pre_finite_arg_goal1,True
data/why3/frama_c/airborne/float_quat_of_rmat/float_quat_of_rmat_Why3_ide.mlw,float_quat_of_rmat_Why3_ide_VCfloat_quat_of_rmat_call_sqrtf_pre_arg_positive_goal2,True
data/why3/frama_c/airborne/float_quat_of_rmat/float_quat_of_rmat_Why3_ide.mlw,float_quat_of_rmat_Why3_ide_VCfloat_quat_of_rmat_call_sqrtf_pre_finite_arg_2_goal3,True
data/why3/frama_c/airborne/float_quat_of_rmat/float_quat_of_rmat_Why3_ide.mlw,float_quat_of_rmat_Why3_ide_VCfloat_quat_of_rmat_call_sqrtf_pre_arg_positive_2_goal4,True
data/why3/frama_c/airborne/float_quat_of_rmat/float_quat_of_rmat_Why3_ide.mlw,float_quat_of_rmat_Why3_ide_VCfloat_quat_of_rmat_call_sqrtf_pre_finite_arg_3_goal5,True
data/why3/frama_c/airborne/float_quat_of_rmat/float_quat_of_rmat_Why3_ide.mlw,float_quat_of_rmat_Why3_ide_VCfloat_quat_of_rmat_call_sqrtf_pre_arg_positive_3_goal6,True
data/why3/frama_c/airborne/float_quat_of_rmat/float_quat_of_rmat_Why3_ide.mlw,float_quat_of_rmat_Why3_ide_VCfloat_quat_of_rmat_call_sqrtf_pre_finite_arg_4_goal7,True
data/why3/frama_c/airborne/float_quat_of_rmat/float_quat_of_rmat_Why3_ide.mlw,float_quat_of_rmat_Why3_ide_VCfloat_quat_of_rmat_call_sqrtf_pre_arg_positive_4_goal8,True
data/why3/frama_c/airborne/float_quat_of_rmat/float_quat_of_rmat_Why3_ide.mlw,float_quat_of_rmat_Why3_ide_VCfloat_quat_of_rmat_a00_max_post_goal9,False
data/why3/frama_c/airborne/float_quat_of_rmat/float_quat_of_rmat_Why3_ide.mlw,float_quat_of_rmat_Why3_ide_VCfloat_quat_of_rmat_a11_max_post_goal10,False
data/why3/frama_c/airborne/float_quat_of_rmat/float_quat_of_rmat_Why3_ide.mlw,float_quat_of_rmat_Why3_ide_VCfloat_quat_of_rmat_a22_max_post_goal11,False
data/why3/frama_c/airborne/float_quat_of_rmat/float_quat_of_rmat_Why3_ide.mlw,float_quat_of_rmat_Why3_ide_VCfloat_quat_of_rmat_trace_pos_post_goal12,False
data/why3/frama_c/airborne/float_rates_of_euler_dot/float_rates_of_euler_dot_Why3_ide.mlw,float_rates_of_euler_dot_Why3_ide_VCfloat_rates_of_euler_dot_call_sinf_pre_finite_arg_goal0,True
data/why3/frama_c/airborne/float_rates_of_euler_dot/float_rates_of_euler_dot_Why3_ide.mlw,float_rates_of_euler_dot_Why3_ide_VCfloat_rates_of_euler_dot_call_cosf_pre_finite_arg_goal1,True
data/why3/frama_c/airborne/float_rmat_integrate_fi/float_rmat_integrate_fi_Why3_ide.mlw,float_rmat_integrate_fi_Why3_ide_VCfloat_rmat_integrate_fi_call_float_rmat_comp_pre_2_goal0,True
data/why3/frama_c/airborne/float_rmat_integrate_fi/float_rmat_integrate_fi_Why3_ide.mlw,float_rmat_integrate_fi_Why3_ide_VCfloat_rmat_integrate_fi_call_float_rmat_comp_pre_3_goal1,False
data/why3/frama_c/airborne/float_rmat_inv/float_rmat_inv_Why3_ide.mlw,float_rmat_inv_Why3_ide_VCfloat_rmat_inv_post_goal0,True
data/why3/frama_c/airborne/float_rmat_norm/float_rmat_norm_Why3_ide.mlw,float_rmat_norm_Why3_ide_VCfloat_rmat_norm_call_sqrtf_pre_finite_arg_goal0,True
data/why3/frama_c/airborne/float_rmat_norm/float_rmat_norm_Why3_ide.mlw,float_rmat_norm_Why3_ide_VCfloat_rmat_norm_call_sqrtf_pre_arg_positive_goal1,True
data/why3/frama_c/airborne/float_rmat_of_axis_angle/float_rmat_of_axis_angle_Why3_ide.mlw,float_rmat_of_axis_angle_Why3_ide_VCfloat_rmat_of_axis_angle_call_cosf_pre_finite_arg_goal0,True
data/why3/frama_c/airborne/float_rmat_of_eulers_312/float_rmat_of_eulers_312_Why3_ide.mlw,float_rmat_of_eulers_312_Why3_ide_VCfloat_rmat_of_eulers_312_post_goal0,False
data/why3/frama_c/airborne/float_rmat_of_eulers_312/float_rmat_of_eulers_312_Why3_ide.mlw,float_rmat_of_eulers_312_Why3_ide_VCfloat_rmat_of_eulers_312_post_2_goal1,False
data/why3/frama_c/airborne/float_rmat_of_eulers_312/float_rmat_of_eulers_312_Why3_ide.mlw,float_rmat_of_eulers_312_Why3_ide_VCfloat_rmat_of_eulers_312_call_sinf_pre_finite_arg_goal2,True
data/why3/frama_c/airborne/float_rmat_of_eulers_312/float_rmat_of_eulers_312_Why3_ide.mlw,float_rmat_of_eulers_312_Why3_ide_VCfloat_rmat_of_eulers_312_call_sinf_pre_finite_arg_2_goal3,True
data/why3/frama_c/airborne/float_rmat_of_eulers_312/float_rmat_of_eulers_312_Why3_ide.mlw,float_rmat_of_eulers_312_Why3_ide_VCfloat_rmat_of_eulers_312_call_sinf_pre_finite_arg_3_goal4,True
data/why3/frama_c/airborne/float_rmat_of_eulers_321/float_rmat_of_eulers_321_Why3_ide.mlw,float_rmat_of_eulers_321_Why3_ide_VCfloat_rmat_of_eulers_321_post_goal0,False
data/why3/frama_c/airborne/float_rmat_of_eulers_321/float_rmat_of_eulers_321_Why3_ide.mlw,float_rmat_of_eulers_321_Why3_ide_VCfloat_rmat_of_eulers_321_post_2_goal1,False
data/why3/frama_c/airborne/float_rmat_of_eulers_321/float_rmat_of_eulers_321_Why3_ide.mlw,float_rmat_of_eulers_321_Why3_ide_VCfloat_rmat_of_eulers_321_call_sinf_pre_finite_arg_goal2,True
data/why3/frama_c/airborne/float_rmat_of_eulers_321/float_rmat_of_eulers_321_Why3_ide.mlw,float_rmat_of_eulers_321_Why3_ide_VCfloat_rmat_of_eulers_321_call_sinf_pre_finite_arg_2_goal3,True
data/why3/frama_c/airborne/float_rmat_of_eulers_321/float_rmat_of_eulers_321_Why3_ide.mlw,float_rmat_of_eulers_321_Why3_ide_VCfloat_rmat_of_eulers_321_call_sinf_pre_finite_arg_3_goal4,True
data/why3/frama_c/airborne/float_rmat_of_quat/float_rmat_of_quat_Why3_ide.mlw,float_rmat_of_quat_Why3_ide_VCfloat_rmat_of_quat_post_goal0,False
data/why3/frama_c/airborne/float_rmat_of_quat/float_rmat_of_quat_Why3_ide.mlw,float_rmat_of_quat_Why3_ide_VCfloat_rmat_of_quat_post_2_goal1,False
data/why3/frama_c/airborne/float_rmat_of_quat/float_rmat_of_quat_Why3_ide.mlw,float_rmat_of_quat_Why3_ide_VCfloat_rmat_of_quat_post_3_goal2,False
data/why3/frama_c/airborne/float_rmat_transp_vmult/float_rmat_transp_vmult_Why3_ide.mlw,float_rmat_transp_vmult_Why3_ide_VCfloat_rmat_transp_vmult_post_goal0,False
data/why3/frama_c/airborne/float_rmat_vmult/float_rmat_vmult_Why3_ide.mlw,float_rmat_vmult_Why3_ide_VCfloat_rmat_vmult_post_goal0,False
data/why3/frama_c/airborne/int32_gcd/int32_gcd_Why3_ide.mlw,int32_gcd_Why3_ide_VCint32_gcd_loop_term_decrease_goal0,True
data/why3/frama_c/airborne/int32_gcd/int32_gcd_Why3_ide.mlw,int32_gcd_Why3_ide_VCint32_gcd_loop_term_positive_goal1,True
data/why3/frama_c/airborne/int32_quat_comp/int32_quat_comp_Why3_ide.mlw,int32_quat_comp_Why3_ide_VCint32_quat_comp_general_post_goal0,False
data/why3/frama_c/airborne/int32_quat_comp/int32_quat_comp_Why3_ide.mlw,int32_quat_comp_Why3_ide_VCint32_quat_comp_general_post_2_goal1,False
data/why3/frama_c/airborne/int32_quat_comp/int32_quat_comp_Why3_ide.mlw,int32_quat_comp_Why3_ide_VCint32_quat_comp_general_post_3_goal2,False
data/why3/frama_c/airborne/int32_quat_comp/int32_quat_comp_Why3_ide.mlw,int32_quat_comp_Why3_ide_VCint32_quat_comp_general_post_4_goal3,False
data/why3/frama_c/airborne/int32_quat_comp/int32_quat_comp_Why3_ide.mlw,int32_quat_comp_Why3_ide_VCint32_quat_comp_max_norm_post_goal4,False
data/why3/frama_c/airborne/int32_quat_comp/int32_quat_comp_Why3_ide.mlw,int32_quat_comp_Why3_ide_VCint32_quat_comp_max_norm_post_2_goal5,False
data/why3/frama_c/airborne/int32_quat_comp/int32_quat_comp_Why3_ide.mlw,int32_quat_comp_Why3_ide_VCint32_quat_comp_max_norm_post_3_goal6,False
data/why3/frama_c/airborne/int32_quat_comp/int32_quat_comp_Why3_ide.mlw,int32_quat_comp_Why3_ide_VCint32_quat_comp_max_norm_post_4_goal7,False
data/why3/frama_c/airborne/int32_quat_comp_inv/int32_quat_comp_inv_Why3_ide.mlw,int32_quat_comp_inv_Why3_ide_VCint32_quat_comp_inv_general_post_goal0,False
data/why3/frama_c/airborne/int32_quat_comp_inv/int32_quat_comp_inv_Why3_ide.mlw,int32_quat_comp_inv_Why3_ide_VCint32_quat_comp_inv_general_post_2_goal1,False
data/why3/frama_c/airborne/int32_quat_comp_inv/int32_quat_comp_inv_Why3_ide.mlw,int32_quat_comp_inv_Why3_ide_VCint32_quat_comp_inv_general_post_3_goal2,False
data/why3/frama_c/airborne/int32_quat_comp_inv/int32_quat_comp_inv_Why3_ide.mlw,int32_quat_comp_inv_Why3_ide_VCint32_quat_comp_inv_general_post_4_goal3,False
data/why3/frama_c/airborne/int32_quat_comp_inv/int32_quat_comp_inv_Why3_ide.mlw,int32_quat_comp_inv_Why3_ide_VCint32_quat_comp_inv_max_norm_post_goal4,False
data/why3/frama_c/airborne/int32_quat_comp_inv/int32_quat_comp_inv_Why3_ide.mlw,int32_quat_comp_inv_Why3_ide_VCint32_quat_comp_inv_max_norm_post_2_goal5,False
data/why3/frama_c/airborne/int32_quat_comp_inv/int32_quat_comp_inv_Why3_ide.mlw,int32_quat_comp_inv_Why3_ide_VCint32_quat_comp_inv_max_norm_post_3_goal6,False
data/why3/frama_c/airborne/int32_quat_comp_inv/int32_quat_comp_inv_Why3_ide.mlw,int32_quat_comp_inv_Why3_ide_VCint32_quat_comp_inv_max_norm_post_4_goal7,False
data/why3/frama_c/airborne/int32_quat_comp_inv_norm_shortest/int32_quat_comp_inv_norm_shortest_Why3_ide.mlw,int32_quat_comp_inv_norm_shortest_Why3_ide_VCint32_quat_comp_inv_norm_shortest_call_int32_quat_comp_in____2_goal0,True
data/why3/frama_c/airborne/int32_quat_comp_inv_norm_shortest/int32_quat_comp_inv_norm_shortest_Why3_ide.mlw,int32_quat_comp_inv_norm_shortest_Why3_ide_VCint32_quat_comp_inv_norm_shortest_call_int32_quat_comp_in____3_goal1,True
data/why3/frama_c/airborne/int32_quat_comp_inv_norm_shortest/int32_quat_comp_inv_norm_shortest_Why3_ide.mlw,int32_quat_comp_inv_norm_shortest_Why3_ide_VCint32_quat_comp_inv_norm_shortest_call_int32_quat_comp_in____4_goal2,True
data/why3/frama_c/airborne/int32_quat_comp_inv_norm_shortest/int32_quat_comp_inv_norm_shortest_Why3_ide.mlw,int32_quat_comp_inv_norm_shortest_Why3_ide_VCint32_quat_comp_inv_norm_shortest_call_int32_quat_comp_in____5_goal3,True
data/why3/frama_c/airborne/int32_quat_comp_inv_norm_shortest/int32_quat_comp_inv_norm_shortest_Why3_ide.mlw,int32_quat_comp_inv_norm_shortest_Why3_ide_VCint32_quat_comp_inv_norm_shortest_call_int32_quat_wrap_sh____2_goal4,True
data/why3/frama_c/airborne/int32_quat_comp_inv_norm_shortest/int32_quat_comp_inv_norm_shortest_Why3_ide.mlw,int32_quat_comp_inv_norm_shortest_Why3_ide_VCint32_quat_comp_inv_norm_shortest_call_int32_quat_normali____2_goal5,True
data/why3/frama_c/airborne/int32_quat_comp_norm_shortest/int32_quat_comp_norm_shortest_Why3_ide.mlw,int32_quat_comp_norm_shortest_Why3_ide_VCint32_quat_comp_norm_shortest_call_int32_quat_comp_pre_2_goal0,True
data/why3/frama_c/airborne/int32_quat_comp_norm_shortest/int32_quat_comp_norm_shortest_Why3_ide.mlw,int32_quat_comp_norm_shortest_Why3_ide_VCint32_quat_comp_norm_shortest_call_int32_quat_comp_pre_3_goal1,True
data/why3/frama_c/airborne/int32_quat_comp_norm_shortest/int32_quat_comp_norm_shortest_Why3_ide.mlw,int32_quat_comp_norm_shortest_Why3_ide_VCint32_quat_comp_norm_shortest_call_int32_quat_comp_pre_4_goal2,True
data/why3/frama_c/airborne/int32_quat_comp_norm_shortest/int32_quat_comp_norm_shortest_Why3_ide.mlw,int32_quat_comp_norm_shortest_Why3_ide_VCint32_quat_comp_norm_shortest_call_int32_quat_comp_pre_5_goal3,True
data/why3/frama_c/airborne/int32_quat_comp_norm_shortest/int32_quat_comp_norm_shortest_Why3_ide.mlw,int32_quat_comp_norm_shortest_Why3_ide_VCint32_quat_comp_norm_shortest_call_int32_quat_wrap_shorte____2_goal4,True
data/why3/frama_c/airborne/int32_quat_comp_norm_shortest/int32_quat_comp_norm_shortest_Why3_ide.mlw,int32_quat_comp_norm_shortest_Why3_ide_VCint32_quat_comp_norm_shortest_call_int32_quat_normalize_p____goal5,True
data/why3/frama_c/airborne/int32_quat_inv_comp/int32_quat_inv_comp_Why3_ide.mlw,int32_quat_inv_comp_Why3_ide_VCint32_quat_inv_comp_general_post_goal0,False
data/why3/frama_c/airborne/int32_quat_inv_comp/int32_quat_inv_comp_Why3_ide.mlw,int32_quat_inv_comp_Why3_ide_VCint32_quat_inv_comp_general_post_2_goal1,False
data/why3/frama_c/airborne/int32_quat_inv_comp/int32_quat_inv_comp_Why3_ide.mlw,int32_quat_inv_comp_Why3_ide_VCint32_quat_inv_comp_general_post_3_goal2,False
data/why3/frama_c/airborne/int32_quat_inv_comp/int32_quat_inv_comp_Why3_ide.mlw,int32_quat_inv_comp_Why3_ide_VCint32_quat_inv_comp_general_post_4_goal3,False
data/why3/frama_c/airborne/int32_quat_inv_comp/int32_quat_inv_comp_Why3_ide.mlw,int32_quat_inv_comp_Why3_ide_VCint32_quat_inv_comp_max_norm_post_goal4,False
data/why3/frama_c/airborne/int32_quat_inv_comp/int32_quat_inv_comp_Why3_ide.mlw,int32_quat_inv_comp_Why3_ide_VCint32_quat_inv_comp_max_norm_post_2_goal5,False
data/why3/frama_c/airborne/int32_quat_inv_comp/int32_quat_inv_comp_Why3_ide.mlw,int32_quat_inv_comp_Why3_ide_VCint32_quat_inv_comp_max_norm_post_3_goal6,False
data/why3/frama_c/airborne/int32_quat_inv_comp/int32_quat_inv_comp_Why3_ide.mlw,int32_quat_inv_comp_Why3_ide_VCint32_quat_inv_comp_max_norm_post_4_goal7,False
data/why3/frama_c/airborne/int32_quat_inv_comp_norm_shortest/int32_quat_inv_comp_norm_shortest_Why3_ide.mlw,int32_quat_inv_comp_norm_shortest_Why3_ide_VCint32_quat_inv_comp_norm_shortest_call_int32_quat_inv_com____2_goal0,True
data/why3/frama_c/airborne/int32_quat_inv_comp_norm_shortest/int32_quat_inv_comp_norm_shortest_Why3_ide.mlw,int32_quat_inv_comp_norm_shortest_Why3_ide_VCint32_quat_inv_comp_norm_shortest_call_int32_quat_inv_com____3_goal1,True
data/why3/frama_c/airborne/int32_quat_inv_comp_norm_shortest/int32_quat_inv_comp_norm_shortest_Why3_ide.mlw,int32_quat_inv_comp_norm_shortest_Why3_ide_VCint32_quat_inv_comp_norm_shortest_call_int32_quat_inv_com____4_goal2,True
data/why3/frama_c/airborne/int32_quat_inv_comp_norm_shortest/int32_quat_inv_comp_norm_shortest_Why3_ide.mlw,int32_quat_inv_comp_norm_shortest_Why3_ide_VCint32_quat_inv_comp_norm_shortest_call_int32_quat_inv_com____5_goal3,True
data/why3/frama_c/airborne/int32_quat_inv_comp_norm_shortest/int32_quat_inv_comp_norm_shortest_Why3_ide.mlw,int32_quat_inv_comp_norm_shortest_Why3_ide_VCint32_quat_inv_comp_norm_shortest_call_int32_quat_wrap_sh____2_goal4,True
data/why3/frama_c/airborne/int32_quat_inv_comp_norm_shortest/int32_quat_inv_comp_norm_shortest_Why3_ide.mlw,int32_quat_inv_comp_norm_shortest_Why3_ide_VCint32_quat_inv_comp_norm_shortest_call_int32_quat_normali____2_goal5,True
data/why3/frama_c/airborne/int32_quat_of_rmat/int32_quat_of_rmat_Why3_ide.mlw,int32_quat_of_rmat_Why3_ide_VCint32_quat_of_rmat_call_int32_sqrt_pre_goal0,False
data/why3/frama_c/airborne/int32_quat_of_rmat/int32_quat_of_rmat_Why3_ide.mlw,int32_quat_of_rmat_Why3_ide_VCint32_quat_of_rmat_call_int32_sqrt_pre_2_goal1,False
data/why3/frama_c/airborne/int32_quat_of_rmat/int32_quat_of_rmat_Why3_ide.mlw,int32_quat_of_rmat_Why3_ide_VCint32_quat_of_rmat_call_int32_sqrt_pre_3_goal2,False
data/why3/frama_c/airborne/int32_quat_of_rmat/int32_quat_of_rmat_Why3_ide.mlw,int32_quat_of_rmat_Why3_ide_VCint32_quat_of_rmat_call_int32_sqrt_pre_4_goal3,False
data/why3/frama_c/airborne/int32_sqrt/int32_sqrt_Why3_ide.mlw,int32_sqrt_Why3_ide_VCint32_sqrt_post_goal0,True
data/why3/frama_c/airborne/int32_sqrt/int32_sqrt_Why3_ide.mlw,int32_sqrt_Why3_ide_VCint32_sqrt_loop_inv_preserved_goal1,True
data/why3/frama_c/airborne/int32_sqrt/int32_sqrt_Why3_ide.mlw,int32_sqrt_Why3_ide_VCint32_sqrt_loop_inv_established_goal2,True
data/why3/frama_c/airborne/int32_sqrt/int32_sqrt_Why3_ide.mlw,int32_sqrt_Why3_ide_VCint32_sqrt_loop_inv_2_preserved_goal3,True
data/why3/frama_c/airborne/int32_sqrt/int32_sqrt_Why3_ide.mlw,int32_sqrt_Why3_ide_VCint32_sqrt_loop_inv_3_preserved_goal4,True
data/why3/frama_c/airborne/int32_sqrt/int32_sqrt_Why3_ide.mlw,int32_sqrt_Why3_ide_VCint32_sqrt_loop_inv_4_preserved_goal5,True
data/why3/frama_c/airborne/int32_sqrt/int32_sqrt_Why3_ide.mlw,int32_sqrt_Why3_ide_VCint32_sqrt_loop_term_decrease_goal6,True
data/why3/frama_c/airborne/int32_sqrt/int32_sqrt_Why3_ide.mlw,int32_sqrt_Why3_ide_VCint32_sqrt_result_bounded_post_goal7,True
data/why3/frama_c/airborne/renorm_factor/renorm_factor_Why3_ide.mlw,renorm_factor_Why3_ide_VCrenorm_factor_call_sqrtf_pre_finite_arg_goal0,True
data/why3/frama_c/airborne/renorm_factor/renorm_factor_Why3_ide.mlw,renorm_factor_Why3_ide_VCrenorm_factor_call_sqrtf_pre_arg_positive_goal1,True
data/why3/frama_c/airborne/vect_bound_in_2d/vect_bound_in_2d_Why3_ide.mlw,vect_bound_in_2d_Why3_ide_VCvect_bound_in_2d_call_sqrtf_pre_finite_arg_goal0,True
data/why3/frama_c/airborne/vect_bound_in_2d/vect_bound_in_2d_Why3_ide.mlw,vect_bound_in_2d_Why3_ide_VCvect_bound_in_2d_call_sqrtf_pre_arg_positive_goal1,True
data/why3/frama_c/airborne/vect_scale/vect_scale_Why3_ide.mlw,vect_scale_Why3_ide_VCvect_scale_call_sqrtf_pre_finite_arg_goal0,True
data/why3/frama_c/airborne/vect_scale/vect_scale_Why3_ide.mlw,vect_scale_Why3_ide_VCvect_scale_call_sqrtf_pre_arg_positive_goal1,True
