data/why3/frama_c/klibc_stdio/__fflush_Why3_ide.mlw,__fflush_Why3_ide_VC__fflush_post_part1_goal0,True
data/why3/frama_c/klibc_stdio/__fflush_Why3_ide.mlw,__fflush_Why3_ide_VC__fflush_loop_inv_established_goal1,True
data/why3/frama_c/klibc_stdio/__fflush_Why3_ide.mlw,__fflush_Why3_ide_VC__fflush_loop_inv_3_preserved_part5_goal2,False
data/why3/frama_c/klibc_stdio/__fflush_Why3_ide.mlw,__fflush_Why3_ide_VC__fflush_loop_inv_3_established_part1_goal3,True
data/why3/frama_c/klibc_stdio/__fflush_Why3_ide.mlw,__fflush_Why3_ide_VC__fflush_loop_inv_4_established_part1_goal4,True
data/why3/frama_c/klibc_stdio/__fflush_Why3_ide.mlw,__fflush_Why3_ide_VC__fflush_loop_inv_4_established_part2_goal5,True
data/why3/frama_c/klibc_stdio/__fflush_Why3_ide.mlw,__fflush_Why3_ide_VC__fflush_loop_inv_5_preserved_part5_goal6,True
data/why3/frama_c/klibc_stdio/__fflush_Why3_ide.mlw,__fflush_Why3_ide_VC__fflush_loop_inv_5_preserved_part6_goal7,False
data/why3/frama_c/klibc_stdio/__fflush_Why3_ide.mlw,__fflush_Why3_ide_VC__fflush_loop_inv_5_established_part1_goal8,True
data/why3/frama_c/klibc_stdio/__fflush_Why3_ide.mlw,__fflush_Why3_ide_VC__fflush_loop_inv_5_established_part2_goal9,True
data/why3/frama_c/klibc_stdio/__fflush_Why3_ide.mlw,__fflush_Why3_ide_VC__fflush_loop_inv_6_preserved_part3_goal10,True
data/why3/frama_c/klibc_stdio/__fflush_Why3_ide.mlw,__fflush_Why3_ide_VC__fflush_loop_inv_6_established_goal11,True
data/why3/frama_c/klibc_stdio/__fflush_Why3_ide.mlw,__fflush_Why3_ide_VC__fflush_loop_assign_part02_goal12,False
data/why3/frama_c/klibc_stdio/__fflush_Why3_ide.mlw,__fflush_Why3_ide_VC__fflush_loop_assign_part03_goal13,False
data/why3/frama_c/klibc_stdio/__fflush_Why3_ide.mlw,__fflush_Why3_ide_VC__fflush_loop_assign_part04_goal14,False
data/why3/frama_c/klibc_stdio/__fflush_Why3_ide.mlw,__fflush_Why3_ide_VC__fflush_loop_assign_part08_goal15,False
data/why3/frama_c/klibc_stdio/__fflush_Why3_ide.mlw,__fflush_Why3_ide_VC__fflush_loop_assign_part09_goal16,False
data/why3/frama_c/klibc_stdio/__fflush_Why3_ide.mlw,__fflush_Why3_ide_VC__fflush_loop_assign_part10_goal17,False
data/why3/frama_c/klibc_stdio/__fflush_Why3_ide.mlw,__fflush_Why3_ide_VC__fflush_assign_exit_part02_goal18,False
data/why3/frama_c/klibc_stdio/__fflush_Why3_ide.mlw,__fflush_Why3_ide_VC__fflush_assign_exit_part03_goal19,False
data/why3/frama_c/klibc_stdio/__fflush_Why3_ide.mlw,__fflush_Why3_ide_VC__fflush_assign_exit_part05_goal20,False
data/why3/frama_c/klibc_stdio/__fflush_Why3_ide.mlw,__fflush_Why3_ide_VC__fflush_assign_exit_part07_goal21,False
data/why3/frama_c/klibc_stdio/__fflush_Why3_ide.mlw,__fflush_Why3_ide_VC__fflush_assign_normal_part02_goal22,False
data/why3/frama_c/klibc_stdio/__fflush_Why3_ide.mlw,__fflush_Why3_ide_VC__fflush_assign_normal_part03_goal23,False
data/why3/frama_c/klibc_stdio/__fflush_Why3_ide.mlw,__fflush_Why3_ide_VC__fflush_assign_normal_part05_goal24,False
data/why3/frama_c/klibc_stdio/__fflush_Why3_ide.mlw,__fflush_Why3_ide_VC__fflush_assign_normal_part07_goal25,False
data/why3/frama_c/klibc_stdio/__fflush_Why3_ide.mlw,__fflush_Why3_ide_VC__fflush_loop_term_decrease_part1_goal26,False
data/why3/frama_c/klibc_stdio/__fflush_Why3_ide.mlw,__fflush_Why3_ide_VC__fflush_loop_term_decrease_part2_goal27,False
data/why3/frama_c/klibc_stdio/__fflush_Why3_ide.mlw,__fflush_Why3_ide_VC__fflush_loop_term_decrease_part3_goal28,True
data/why3/frama_c/klibc_stdio/__fflush_Why3_ide.mlw,__fflush_Why3_ide_VC__fflush_call_fseek_pre_goal29,False
data/why3/frama_c/klibc_stdio/__fflush_Why3_ide.mlw,__fflush_Why3_ide_VC__fflush_call_fseek_pre_2_goal30,False
data/why3/frama_c/klibc_stdio/__fflush_Why3_ide.mlw,__fflush_Why3_ide_VC__fflush_call_write_pre_goal31,True
data/why3/frama_c/klibc_stdio/__init_stdio_Why3_ide.mlw,__init_stdio_Why3_ide_VC__init_stdio_post_part1_goal0,False
data/why3/frama_c/klibc_stdio/__init_stdio_Why3_ide.mlw,__init_stdio_Why3_ide_VC__init_stdio_post_part2_goal1,False
data/why3/frama_c/klibc_stdio/__init_stdio_Why3_ide.mlw,__init_stdio_Why3_ide_VC__init_stdio_post_part3_goal2,False
data/why3/frama_c/klibc_stdio/__init_stdio_Why3_ide.mlw,__init_stdio_Why3_ide_VC__init_stdio_post_2_goal3,False
data/why3/frama_c/klibc_stdio/__init_stdio_Why3_ide.mlw,__init_stdio_Why3_ide_VC__init_stdio_post_3_goal4,False
data/why3/frama_c/klibc_stdio/__init_stdio_Why3_ide.mlw,__init_stdio_Why3_ide_VC__init_stdio_post_4_goal5,False
data/why3/frama_c/klibc_stdio/__init_stdio_Why3_ide.mlw,__init_stdio_Why3_ide_VC__init_stdio_post_5_goal6,False
data/why3/frama_c/klibc_stdio/__init_stdio_Why3_ide.mlw,__init_stdio_Why3_ide_VC__init_stdio_assign_exit_part2_goal7,False
data/why3/frama_c/klibc_stdio/__init_stdio_Why3_ide.mlw,__init_stdio_Why3_ide_VC__init_stdio_assign_exit_part3_goal8,False
data/why3/frama_c/klibc_stdio/__init_stdio_Why3_ide.mlw,__init_stdio_Why3_ide_VC__init_stdio_assign_exit_part4_goal9,False
data/why3/frama_c/klibc_stdio/__init_stdio_Why3_ide.mlw,__init_stdio_Why3_ide_VC__init_stdio_assign_normal_part2_goal10,False
data/why3/frama_c/klibc_stdio/__init_stdio_Why3_ide.mlw,__init_stdio_Why3_ide_VC__init_stdio_assign_normal_part3_goal11,False
data/why3/frama_c/klibc_stdio/__init_stdio_Why3_ide.mlw,__init_stdio_Why3_ide_VC__init_stdio_assign_normal_part4_goal12,False
data/why3/frama_c/klibc_stdio/__init_stdio_Why3_ide.mlw,__init_stdio_Why3_ide_VC__init_stdio_assign_normal_part5_goal13,False
data/why3/frama_c/klibc_stdio/__parse_open_mode_Why3_ide.mlw,__parse_open_mode_Why3_ide_VC__parse_open_mode_loop_inv_2_preserved_part1_goal0,True
data/why3/frama_c/klibc_stdio/__parse_open_mode_Why3_ide.mlw,__parse_open_mode_Why3_ide_VC__parse_open_mode_loop_inv_2_preserved_part2_goal1,True
data/why3/frama_c/klibc_stdio/__parse_open_mode_Why3_ide.mlw,__parse_open_mode_Why3_ide_VC__parse_open_mode_loop_inv_2_preserved_part3_goal2,True
data/why3/frama_c/klibc_stdio/__parse_open_mode_Why3_ide.mlw,__parse_open_mode_Why3_ide_VC__parse_open_mode_loop_inv_2_preserved_part4_goal3,True
data/why3/frama_c/klibc_stdio/__parse_open_mode_Why3_ide.mlw,__parse_open_mode_Why3_ide_VC__parse_open_mode_loop_inv_2_preserved_part5_goal4,True
data/why3/frama_c/klibc_stdio/__parse_open_mode_Why3_ide.mlw,__parse_open_mode_Why3_ide_VC__parse_open_mode_loop_inv_2_preserved_part6_goal5,True
data/why3/frama_c/klibc_stdio/__parse_open_mode_Why3_ide.mlw,__parse_open_mode_Why3_ide_VC__parse_open_mode_loop_inv_2_preserved_part7_goal6,True
data/why3/frama_c/klibc_stdio/__parse_open_mode_Why3_ide.mlw,__parse_open_mode_Why3_ide_VC__parse_open_mode_loop_inv_3_preserved_part01_goal7,True
data/why3/frama_c/klibc_stdio/__parse_open_mode_Why3_ide.mlw,__parse_open_mode_Why3_ide_VC__parse_open_mode_loop_inv_3_preserved_part02_goal8,True
data/why3/frama_c/klibc_stdio/__parse_open_mode_Why3_ide.mlw,__parse_open_mode_Why3_ide_VC__parse_open_mode_loop_inv_3_preserved_part03_goal9,True
data/why3/frama_c/klibc_stdio/__parse_open_mode_Why3_ide.mlw,__parse_open_mode_Why3_ide_VC__parse_open_mode_loop_inv_3_preserved_part04_goal10,True
data/why3/frama_c/klibc_stdio/__parse_open_mode_Why3_ide.mlw,__parse_open_mode_Why3_ide_VC__parse_open_mode_loop_inv_3_preserved_part05_goal11,True
data/why3/frama_c/klibc_stdio/__parse_open_mode_Why3_ide.mlw,__parse_open_mode_Why3_ide_VC__parse_open_mode_loop_inv_3_preserved_part06_goal12,True
data/why3/frama_c/klibc_stdio/__parse_open_mode_Why3_ide.mlw,__parse_open_mode_Why3_ide_VC__parse_open_mode_loop_inv_3_preserved_part07_goal13,True
data/why3/frama_c/klibc_stdio/__parse_open_mode_Why3_ide.mlw,__parse_open_mode_Why3_ide_VC__parse_open_mode_loop_inv_3_preserved_part08_goal14,True
data/why3/frama_c/klibc_stdio/__parse_open_mode_Why3_ide.mlw,__parse_open_mode_Why3_ide_VC__parse_open_mode_loop_inv_3_preserved_part09_goal15,True
data/why3/frama_c/klibc_stdio/__parse_open_mode_Why3_ide.mlw,__parse_open_mode_Why3_ide_VC__parse_open_mode_loop_inv_3_preserved_part10_goal16,True
data/why3/frama_c/klibc_stdio/__parse_open_mode_Why3_ide.mlw,__parse_open_mode_Why3_ide_VC__parse_open_mode_loop_inv_3_preserved_part11_goal17,True
data/why3/frama_c/klibc_stdio/__parse_open_mode_Why3_ide.mlw,__parse_open_mode_Why3_ide_VC__parse_open_mode_loop_inv_3_preserved_part12_goal18,True
data/why3/frama_c/klibc_stdio/__parse_open_mode_Why3_ide.mlw,__parse_open_mode_Why3_ide_VC__parse_open_mode_loop_inv_3_preserved_part13_goal19,True
data/why3/frama_c/klibc_stdio/__parse_open_mode_Why3_ide.mlw,__parse_open_mode_Why3_ide_VC__parse_open_mode_loop_inv_3_preserved_part14_goal20,True
data/why3/frama_c/klibc_stdio/__parse_open_mode_Why3_ide.mlw,__parse_open_mode_Why3_ide_VC__parse_open_mode_loop_inv_3_established_part1_goal21,True
data/why3/frama_c/klibc_stdio/__parse_open_mode_Why3_ide.mlw,__parse_open_mode_Why3_ide_VC__parse_open_mode_loop_inv_3_established_part2_goal22,True
data/why3/frama_c/klibc_stdio/__parse_open_mode_Why3_ide.mlw,__parse_open_mode_Why3_ide_VC__parse_open_mode_loop_term_positive_part1_goal23,True
data/why3/frama_c/klibc_stdio/__parse_open_mode_Why3_ide.mlw,__parse_open_mode_Why3_ide_VC__parse_open_mode_loop_term_positive_part2_goal24,True
data/why3/frama_c/klibc_stdio/__parse_open_mode_Why3_ide.mlw,__parse_open_mode_Why3_ide_VC__parse_open_mode_loop_term_positive_part3_goal25,True
data/why3/frama_c/klibc_stdio/__parse_open_mode_Why3_ide.mlw,__parse_open_mode_Why3_ide_VC__parse_open_mode_loop_term_positive_part4_goal26,True
data/why3/frama_c/klibc_stdio/__parse_open_mode_Why3_ide.mlw,__parse_open_mode_Why3_ide_VC__parse_open_mode_loop_term_positive_part5_goal27,True
data/why3/frama_c/klibc_stdio/__parse_open_mode_Why3_ide.mlw,__parse_open_mode_Why3_ide_VC__parse_open_mode_loop_term_positive_part6_goal28,True
data/why3/frama_c/klibc_stdio/__parse_open_mode_Why3_ide.mlw,__parse_open_mode_Why3_ide_VC__parse_open_mode_loop_term_positive_part7_goal29,True
data/why3/frama_c/klibc_stdio/_fread_Why3_ide.mlw,_fread_Why3_ide_VC_fread_loop_inv_preserved_part1_goal0,False
data/why3/frama_c/klibc_stdio/_fread_Why3_ide.mlw,_fread_Why3_ide_VC_fread_loop_inv_preserved_part2_goal1,False
data/why3/frama_c/klibc_stdio/_fread_Why3_ide.mlw,_fread_Why3_ide_VC_fread_loop_inv_preserved_part3_goal2,False
data/why3/frama_c/klibc_stdio/_fread_Why3_ide.mlw,_fread_Why3_ide_VC_fread_loop_inv_preserved_part5_goal3,False
data/why3/frama_c/klibc_stdio/_fread_Why3_ide.mlw,_fread_Why3_ide_VC_fread_loop_inv_preserved_part6_goal4,False
data/why3/frama_c/klibc_stdio/_fread_Why3_ide.mlw,_fread_Why3_ide_VC_fread_loop_inv_preserved_part7_goal5,False
data/why3/frama_c/klibc_stdio/_fread_Why3_ide.mlw,_fread_Why3_ide_VC_fread_loop_inv_2_preserved_part2_goal6,True
data/why3/frama_c/klibc_stdio/_fread_Why3_ide.mlw,_fread_Why3_ide_VC_fread_loop_inv_2_preserved_part6_goal7,True
data/why3/frama_c/klibc_stdio/_fread_Why3_ide.mlw,_fread_Why3_ide_VC_fread_loop_inv_3_preserved_part1_goal8,False
data/why3/frama_c/klibc_stdio/_fread_Why3_ide.mlw,_fread_Why3_ide_VC_fread_loop_inv_3_preserved_part2_goal9,False
data/why3/frama_c/klibc_stdio/_fread_Why3_ide.mlw,_fread_Why3_ide_VC_fread_loop_inv_3_preserved_part3_goal10,False
data/why3/frama_c/klibc_stdio/_fread_Why3_ide.mlw,_fread_Why3_ide_VC_fread_loop_inv_3_preserved_part5_goal11,False
data/why3/frama_c/klibc_stdio/_fread_Why3_ide.mlw,_fread_Why3_ide_VC_fread_loop_inv_3_preserved_part6_goal12,False
data/why3/frama_c/klibc_stdio/_fread_Why3_ide.mlw,_fread_Why3_ide_VC_fread_loop_inv_3_preserved_part7_goal13,False
data/why3/frama_c/klibc_stdio/_fread_Why3_ide.mlw,_fread_Why3_ide_VC_fread_loop_inv_3_established_part1_goal14,False
data/why3/frama_c/klibc_stdio/_fread_Why3_ide.mlw,_fread_Why3_ide_VC_fread_loop_inv_3_established_part2_goal15,False
data/why3/frama_c/klibc_stdio/_fread_Why3_ide.mlw,_fread_Why3_ide_VC_fread_loop_inv_4_preserved_part01_goal16,False
data/why3/frama_c/klibc_stdio/_fread_Why3_ide.mlw,_fread_Why3_ide_VC_fread_loop_inv_4_preserved_part02_goal17,False
data/why3/frama_c/klibc_stdio/_fread_Why3_ide.mlw,_fread_Why3_ide_VC_fread_loop_inv_4_preserved_part03_goal18,False
data/why3/frama_c/klibc_stdio/_fread_Why3_ide.mlw,_fread_Why3_ide_VC_fread_loop_inv_4_preserved_part04_goal19,False
data/why3/frama_c/klibc_stdio/_fread_Why3_ide.mlw,_fread_Why3_ide_VC_fread_loop_inv_4_preserved_part05_goal20,False
data/why3/frama_c/klibc_stdio/_fread_Why3_ide.mlw,_fread_Why3_ide_VC_fread_loop_inv_4_preserved_part06_goal21,False
data/why3/frama_c/klibc_stdio/_fread_Why3_ide.mlw,_fread_Why3_ide_VC_fread_loop_inv_4_preserved_part09_goal22,False
data/why3/frama_c/klibc_stdio/_fread_Why3_ide.mlw,_fread_Why3_ide_VC_fread_loop_inv_4_preserved_part10_goal23,False
data/why3/frama_c/klibc_stdio/_fread_Why3_ide.mlw,_fread_Why3_ide_VC_fread_loop_inv_4_preserved_part11_goal24,False
data/why3/frama_c/klibc_stdio/_fread_Why3_ide.mlw,_fread_Why3_ide_VC_fread_loop_inv_4_preserved_part12_goal25,False
data/why3/frama_c/klibc_stdio/_fread_Why3_ide.mlw,_fread_Why3_ide_VC_fread_loop_inv_4_preserved_part13_goal26,False
data/why3/frama_c/klibc_stdio/_fread_Why3_ide.mlw,_fread_Why3_ide_VC_fread_loop_inv_4_preserved_part14_goal27,False
data/why3/frama_c/klibc_stdio/_fread_Why3_ide.mlw,_fread_Why3_ide_VC_fread_loop_inv_4_established_part1_goal28,False
data/why3/frama_c/klibc_stdio/_fread_Why3_ide.mlw,_fread_Why3_ide_VC_fread_loop_inv_4_established_part2_goal29,False
data/why3/frama_c/klibc_stdio/_fread_Why3_ide.mlw,_fread_Why3_ide_VC_fread_loop_inv_4_established_part3_goal30,False
data/why3/frama_c/klibc_stdio/_fread_Why3_ide.mlw,_fread_Why3_ide_VC_fread_loop_inv_4_established_part4_goal31,False
data/why3/frama_c/klibc_stdio/_fread_Why3_ide.mlw,_fread_Why3_ide_VC_fread_loop_inv_5_preserved_part01_goal32,False
data/why3/frama_c/klibc_stdio/_fread_Why3_ide.mlw,_fread_Why3_ide_VC_fread_loop_inv_5_preserved_part02_goal33,False
data/why3/frama_c/klibc_stdio/_fread_Why3_ide.mlw,_fread_Why3_ide_VC_fread_loop_inv_5_preserved_part03_goal34,False
data/why3/frama_c/klibc_stdio/_fread_Why3_ide.mlw,_fread_Why3_ide_VC_fread_loop_inv_5_preserved_part04_goal35,False
data/why3/frama_c/klibc_stdio/_fread_Why3_ide.mlw,_fread_Why3_ide_VC_fread_loop_inv_5_preserved_part05_goal36,False
data/why3/frama_c/klibc_stdio/_fread_Why3_ide.mlw,_fread_Why3_ide_VC_fread_loop_inv_5_preserved_part06_goal37,False
data/why3/frama_c/klibc_stdio/_fread_Why3_ide.mlw,_fread_Why3_ide_VC_fread_loop_inv_5_preserved_part09_goal38,False
data/why3/frama_c/klibc_stdio/_fread_Why3_ide.mlw,_fread_Why3_ide_VC_fread_loop_inv_5_preserved_part10_goal39,False
data/why3/frama_c/klibc_stdio/_fread_Why3_ide.mlw,_fread_Why3_ide_VC_fread_loop_inv_5_preserved_part11_goal40,False
data/why3/frama_c/klibc_stdio/_fread_Why3_ide.mlw,_fread_Why3_ide_VC_fread_loop_inv_5_preserved_part12_goal41,False
data/why3/frama_c/klibc_stdio/_fread_Why3_ide.mlw,_fread_Why3_ide_VC_fread_loop_inv_5_preserved_part13_goal42,False
data/why3/frama_c/klibc_stdio/_fread_Why3_ide.mlw,_fread_Why3_ide_VC_fread_loop_inv_5_preserved_part14_goal43,False
data/why3/frama_c/klibc_stdio/_fread_Why3_ide.mlw,_fread_Why3_ide_VC_fread_loop_inv_5_established_part1_goal44,True
data/why3/frama_c/klibc_stdio/_fread_Why3_ide.mlw,_fread_Why3_ide_VC_fread_loop_inv_5_established_part2_goal45,True
data/why3/frama_c/klibc_stdio/_fread_Why3_ide.mlw,_fread_Why3_ide_VC_fread_loop_inv_5_established_part3_goal46,True
data/why3/frama_c/klibc_stdio/_fread_Why3_ide.mlw,_fread_Why3_ide_VC_fread_loop_inv_5_established_part4_goal47,True
data/why3/frama_c/klibc_stdio/_fread_Why3_ide.mlw,_fread_Why3_ide_VC_fread_loop_assign_part02_goal48,False
data/why3/frama_c/klibc_stdio/_fread_Why3_ide.mlw,_fread_Why3_ide_VC_fread_loop_assign_part03_goal49,False
data/why3/frama_c/klibc_stdio/_fread_Why3_ide.mlw,_fread_Why3_ide_VC_fread_loop_assign_part04_goal50,False
data/why3/frama_c/klibc_stdio/_fread_Why3_ide.mlw,_fread_Why3_ide_VC_fread_loop_assign_part05_goal51,False
data/why3/frama_c/klibc_stdio/_fread_Why3_ide.mlw,_fread_Why3_ide_VC_fread_loop_assign_part06_goal52,False
data/why3/frama_c/klibc_stdio/_fread_Why3_ide.mlw,_fread_Why3_ide_VC_fread_loop_assign_part07_goal53,False
data/why3/frama_c/klibc_stdio/_fread_Why3_ide.mlw,_fread_Why3_ide_VC_fread_loop_assign_part08_goal54,False
data/why3/frama_c/klibc_stdio/_fread_Why3_ide.mlw,_fread_Why3_ide_VC_fread_loop_assign_part09_goal55,False
data/why3/frama_c/klibc_stdio/_fread_Why3_ide.mlw,_fread_Why3_ide_VC_fread_loop_assign_part10_goal56,False
data/why3/frama_c/klibc_stdio/_fread_Why3_ide.mlw,_fread_Why3_ide_VC_fread_loop_assign_part11_goal57,False
data/why3/frama_c/klibc_stdio/_fread_Why3_ide.mlw,_fread_Why3_ide_VC_fread_loop_assign_part12_goal58,False
data/why3/frama_c/klibc_stdio/_fread_Why3_ide.mlw,_fread_Why3_ide_VC_fread_loop_assign_part13_goal59,False
data/why3/frama_c/klibc_stdio/_fread_Why3_ide.mlw,_fread_Why3_ide_VC_fread_loop_assign_part18_goal60,False
data/why3/frama_c/klibc_stdio/_fread_Why3_ide.mlw,_fread_Why3_ide_VC_fread_loop_assign_part19_goal61,False
data/why3/frama_c/klibc_stdio/_fread_Why3_ide.mlw,_fread_Why3_ide_VC_fread_loop_assign_part20_goal62,False
data/why3/frama_c/klibc_stdio/_fread_Why3_ide.mlw,_fread_Why3_ide_VC_fread_loop_assign_part21_goal63,False
data/why3/frama_c/klibc_stdio/_fread_Why3_ide.mlw,_fread_Why3_ide_VC_fread_loop_assign_part22_goal64,False
data/why3/frama_c/klibc_stdio/_fread_Why3_ide.mlw,_fread_Why3_ide_VC_fread_loop_assign_part23_goal65,False
data/why3/frama_c/klibc_stdio/_fread_Why3_ide.mlw,_fread_Why3_ide_VC_fread_loop_assign_part24_goal66,False
data/why3/frama_c/klibc_stdio/_fread_Why3_ide.mlw,_fread_Why3_ide_VC_fread_loop_assign_part25_goal67,False
data/why3/frama_c/klibc_stdio/_fread_Why3_ide.mlw,_fread_Why3_ide_VC_fread_loop_assign_part26_goal68,False
data/why3/frama_c/klibc_stdio/_fread_Why3_ide.mlw,_fread_Why3_ide_VC_fread_loop_assign_part27_goal69,False
data/why3/frama_c/klibc_stdio/_fread_Why3_ide.mlw,_fread_Why3_ide_VC_fread_loop_assign_part28_goal70,False
data/why3/frama_c/klibc_stdio/_fread_Why3_ide.mlw,_fread_Why3_ide_VC_fread_loop_assign_part29_goal71,False
data/why3/frama_c/klibc_stdio/_fread_Why3_ide.mlw,_fread_Why3_ide_VC_fread_loop_assign_part34_goal72,False
data/why3/frama_c/klibc_stdio/_fread_Why3_ide.mlw,_fread_Why3_ide_VC_fread_loop_assign_part35_goal73,False
data/why3/frama_c/klibc_stdio/_fread_Why3_ide.mlw,_fread_Why3_ide_VC_fread_loop_assign_part36_goal74,False
data/why3/frama_c/klibc_stdio/_fread_Why3_ide.mlw,_fread_Why3_ide_VC_fread_loop_assign_part37_goal75,False
data/why3/frama_c/klibc_stdio/_fread_Why3_ide.mlw,_fread_Why3_ide_VC_fread_loop_assign_part38_goal76,False
data/why3/frama_c/klibc_stdio/_fread_Why3_ide.mlw,_fread_Why3_ide_VC_fread_loop_assign_part39_goal77,False
data/why3/frama_c/klibc_stdio/_fread_Why3_ide.mlw,_fread_Why3_ide_VC_fread_loop_term_decrease_part1_goal78,True
data/why3/frama_c/klibc_stdio/_fread_Why3_ide.mlw,_fread_Why3_ide_VC_fread_loop_term_decrease_part2_goal79,True
data/why3/frama_c/klibc_stdio/_fread_Why3_ide.mlw,_fread_Why3_ide_VC_fread_loop_term_decrease_part3_goal80,False
data/why3/frama_c/klibc_stdio/_fread_Why3_ide.mlw,_fread_Why3_ide_VC_fread_loop_term_decrease_part5_goal81,True
data/why3/frama_c/klibc_stdio/_fread_Why3_ide.mlw,_fread_Why3_ide_VC_fread_loop_term_decrease_part6_goal82,True
data/why3/frama_c/klibc_stdio/_fread_Why3_ide.mlw,_fread_Why3_ide_VC_fread_loop_term_decrease_part7_goal83,False
data/why3/frama_c/klibc_stdio/_fread_Why3_ide.mlw,_fread_Why3_ide_VC_fread_call___fflush_pre_goal84,False
data/why3/frama_c/klibc_stdio/_fread_Why3_ide.mlw,_fread_Why3_ide_VC_fread_call_read_pre_part1_goal85,False
data/why3/frama_c/klibc_stdio/_fread_Why3_ide.mlw,_fread_Why3_ide_VC_fread_call_read_pre_part2_goal86,False
data/why3/frama_c/klibc_stdio/_fread_Why3_ide.mlw,_fread_Why3_ide_VC_fread_call_read_pre_part3_goal87,False
data/why3/frama_c/klibc_stdio/_fread_Why3_ide.mlw,_fread_Why3_ide_VC_fread_call_read_pre_part4_goal88,False
data/why3/frama_c/klibc_stdio/_fread_Why3_ide.mlw,_fread_Why3_ide_VC_fread_call_read_pre_2_part1_goal89,False
data/why3/frama_c/klibc_stdio/_fread_Why3_ide.mlw,_fread_Why3_ide_VC_fread_call_read_pre_2_part2_goal90,False
data/why3/frama_c/klibc_stdio/_fread_Why3_ide.mlw,_fread_Why3_ide_VC_fread_call_read_pre_2_part3_goal91,False
data/why3/frama_c/klibc_stdio/_fread_Why3_ide.mlw,_fread_Why3_ide_VC_fread_call_read_pre_2_part4_goal92,False
data/why3/frama_c/klibc_stdio/_fread_Why3_ide.mlw,_fread_Why3_ide_VC_fread_call_memcpy_pre_part1_goal93,False
data/why3/frama_c/klibc_stdio/_fread_Why3_ide.mlw,_fread_Why3_ide_VC_fread_call_memcpy_pre_part2_goal94,False
data/why3/frama_c/klibc_stdio/_fread_Why3_ide.mlw,_fread_Why3_ide_VC_fread_call_memcpy_pre_part3_goal95,False
data/why3/frama_c/klibc_stdio/_fread_Why3_ide.mlw,_fread_Why3_ide_VC_fread_call_memcpy_pre_part4_goal96,False
data/why3/frama_c/klibc_stdio/_fread_Why3_ide.mlw,_fread_Why3_ide_VC_fread_call_memcpy_pre_2_part1_goal97,True
data/why3/frama_c/klibc_stdio/_fread_Why3_ide.mlw,_fread_Why3_ide_VC_fread_call_memcpy_pre_2_part2_goal98,True
data/why3/frama_c/klibc_stdio/_fread_Why3_ide.mlw,_fread_Why3_ide_VC_fread_call_memcpy_pre_2_part3_goal99,True
data/why3/frama_c/klibc_stdio/_fread_Why3_ide.mlw,_fread_Why3_ide_VC_fread_call_memcpy_pre_2_part4_goal100,True
data/why3/frama_c/klibc_stdio/_fread_Why3_ide.mlw,_fread_Why3_ide_VC_fread_call_memcpy_pre_3_part1_goal101,False
data/why3/frama_c/klibc_stdio/_fread_Why3_ide.mlw,_fread_Why3_ide_VC_fread_call_memcpy_pre_3_part2_goal102,False
data/why3/frama_c/klibc_stdio/_fread_Why3_ide.mlw,_fread_Why3_ide_VC_fread_call_memcpy_pre_3_part3_goal103,False
data/why3/frama_c/klibc_stdio/_fread_Why3_ide.mlw,_fread_Why3_ide_VC_fread_call_memcpy_pre_3_part4_goal104,False
data/why3/frama_c/klibc_stdio/_fread_Why3_ide.mlw,_fread_Why3_ide_VC_fread_call_memcpy_pre_4_part1_goal105,False
data/why3/frama_c/klibc_stdio/_fread_Why3_ide.mlw,_fread_Why3_ide_VC_fread_call_memcpy_pre_4_part2_goal106,False
data/why3/frama_c/klibc_stdio/_fread_Why3_ide.mlw,_fread_Why3_ide_VC_fread_call_memcpy_pre_4_part3_goal107,False
data/why3/frama_c/klibc_stdio/_fread_Why3_ide.mlw,_fread_Why3_ide_VC_fread_call_memcpy_pre_4_part4_goal108,False
data/why3/frama_c/klibc_stdio/_fwrite_Why3_ide.mlw,_fwrite_Why3_ide_VC_fwrite_complete_def_ionbf_iolbf_iofbf_goal0,False
data/why3/frama_c/klibc_stdio/_fwrite_Why3_ide.mlw,_fwrite_Why3_ide_VC_fwrite_disjoint_def_ionbf_iolbf_iofbf_part1_goal1,False
data/why3/frama_c/klibc_stdio/_fwrite_Why3_ide.mlw,_fwrite_Why3_ide_VC_fwrite_disjoint_def_ionbf_iolbf_iofbf_part2_goal2,False
data/why3/frama_c/klibc_stdio/_fwrite_Why3_ide.mlw,_fwrite_Why3_ide_VC_fwrite_disjoint_def_ionbf_iolbf_iofbf_part3_goal3,False
data/why3/frama_c/klibc_stdio/_fwrite_Why3_ide.mlw,_fwrite_Why3_ide_VC_fwrite_disjoint_def_ionbf_iolbf_iofbf_part4_goal4,False
data/why3/frama_c/klibc_stdio/_fwrite_Why3_ide.mlw,_fwrite_Why3_ide_VC_fwrite_disjoint_def_ionbf_iolbf_iofbf_part5_goal5,False
data/why3/frama_c/klibc_stdio/_fwrite_Why3_ide.mlw,_fwrite_Why3_ide_VC_fwrite_disjoint_def_ionbf_iolbf_iofbf_part6_goal6,False
data/why3/frama_c/klibc_stdio/_fwrite_Why3_ide.mlw,_fwrite_Why3_ide_VC_fwrite_loop_inv_preserved_goal7,True
data/why3/frama_c/klibc_stdio/_fwrite_Why3_ide.mlw,_fwrite_Why3_ide_VC_fwrite_loop_inv_2_preserved_part1_goal8,True
data/why3/frama_c/klibc_stdio/_fwrite_Why3_ide.mlw,_fwrite_Why3_ide_VC_fwrite_loop_inv_3_preserved_part1_goal9,True
data/why3/frama_c/klibc_stdio/_fwrite_Why3_ide.mlw,_fwrite_Why3_ide_VC_fwrite_loop_inv_4_preserved_goal10,True
data/why3/frama_c/klibc_stdio/_fwrite_Why3_ide.mlw,_fwrite_Why3_ide_VC_fwrite_loop_term_decrease_goal11,True
data/why3/frama_c/klibc_stdio/_fwrite_Why3_ide.mlw,_fwrite_Why3_ide_VC_fwrite_call_fwrite_noflush_pre_2_part4_goal12,True
data/why3/frama_c/klibc_stdio/_fwrite_Why3_ide.mlw,_fwrite_Why3_ide_VC_fwrite_call_fwrite_noflush_pre_3_part1_goal13,False
data/why3/frama_c/klibc_stdio/_fwrite_Why3_ide.mlw,_fwrite_Why3_ide_VC_fwrite_call_fwrite_noflush_pre_3_part4_goal14,False
data/why3/frama_c/klibc_stdio/_fwrite_Why3_ide.mlw,_fwrite_Why3_ide_VC_fwrite_call___fflush_pre_part1_goal15,False
data/why3/frama_c/klibc_stdio/_fwrite_Why3_ide.mlw,_fwrite_Why3_ide_VC_fwrite_call___fflush_pre_part4_goal16,False
data/why3/frama_c/klibc_stdio/_fwrite_Why3_ide.mlw,_fwrite_Why3_ide_VC_fwrite_call_fwrite_noflush_pre_2_part8_goal17,True
data/why3/frama_c/klibc_stdio/_fwrite_Why3_ide.mlw,_fwrite_Why3_ide_VC_fwrite_call_fwrite_noflush_pre_3_part2_2_goal18,False
data/why3/frama_c/klibc_stdio/_fwrite_Why3_ide.mlw,_fwrite_Why3_ide_VC_fwrite_call_fwrite_noflush_pre_3_part3_2_goal19,False
data/why3/frama_c/klibc_stdio/_fwrite_Why3_ide.mlw,_fwrite_Why3_ide_VC_fwrite_call_fwrite_noflush_pre_3_part8_goal20,False
data/why3/frama_c/klibc_stdio/fclose_Why3_ide.mlw,fclose_Why3_ide_VCfclose_post_goal0,True
data/why3/frama_c/klibc_stdio/fclose_Why3_ide.mlw,fclose_Why3_ide_VCfclose_assign_exit_part2_goal1,False
data/why3/frama_c/klibc_stdio/fclose_Why3_ide.mlw,fclose_Why3_ide_VCfclose_assign_exit_part3_goal2,False
data/why3/frama_c/klibc_stdio/fclose_Why3_ide.mlw,fclose_Why3_ide_VCfclose_assign_exit_part4_goal3,False
data/why3/frama_c/klibc_stdio/fclose_Why3_ide.mlw,fclose_Why3_ide_VCfclose_assign_exit_part5_goal4,False
data/why3/frama_c/klibc_stdio/fclose_Why3_ide.mlw,fclose_Why3_ide_VCfclose_assign_exit_part7_goal5,False
data/why3/frama_c/klibc_stdio/fclose_Why3_ide.mlw,fclose_Why3_ide_VCfclose_assign_exit_part8_goal6,False
data/why3/frama_c/klibc_stdio/fclose_Why3_ide.mlw,fclose_Why3_ide_VCfclose_assign_normal_part2_goal7,False
data/why3/frama_c/klibc_stdio/fclose_Why3_ide.mlw,fclose_Why3_ide_VCfclose_assign_normal_part3_goal8,False
data/why3/frama_c/klibc_stdio/fclose_Why3_ide.mlw,fclose_Why3_ide_VCfclose_assign_normal_part4_goal9,False
data/why3/frama_c/klibc_stdio/fclose_Why3_ide.mlw,fclose_Why3_ide_VCfclose_assign_normal_part5_goal10,False
data/why3/frama_c/klibc_stdio/fclose_Why3_ide.mlw,fclose_Why3_ide_VCfclose_assign_normal_part7_goal11,False
data/why3/frama_c/klibc_stdio/fclose_Why3_ide.mlw,fclose_Why3_ide_VCfclose_assign_normal_part8_goal12,False
data/why3/frama_c/klibc_stdio/fclose_Why3_ide.mlw,fclose_Why3_ide_VCfclose_call_fflush_pre_goal13,False
data/why3/frama_c/klibc_stdio/fclose_Why3_ide.mlw,fclose_Why3_ide_VCfclose_call_fflush_pre_2_goal14,False
data/why3/frama_c/klibc_stdio/fclose_Why3_ide.mlw,fclose_Why3_ide_VCfclose_call_close_pre_goal15,False
data/why3/frama_c/klibc_stdio/fdopen_Why3_ide.mlw,fdopen_Why3_ide_VCfdopen_assign_exit_goal0,False
data/why3/frama_c/klibc_stdio/fdopen_Why3_ide.mlw,fdopen_Why3_ide_VCfdopen_assign_normal_goal1,False
data/why3/frama_c/klibc_stdio/fflush_Why3_ide.mlw,fflush_Why3_ide_VCfflush_loop_inv_preserved_part1_goal0,False
data/why3/frama_c/klibc_stdio/fflush_Why3_ide.mlw,fflush_Why3_ide_VCfflush_loop_inv_preserved_part2_goal1,False
data/why3/frama_c/klibc_stdio/fflush_Why3_ide.mlw,fflush_Why3_ide_VCfflush_loop_inv_established_goal2,False
data/why3/frama_c/klibc_stdio/fflush_Why3_ide.mlw,fflush_Why3_ide_VCfflush_loop_inv_2_preserved_part1_goal3,False
data/why3/frama_c/klibc_stdio/fflush_Why3_ide.mlw,fflush_Why3_ide_VCfflush_loop_inv_2_preserved_part2_goal4,False
data/why3/frama_c/klibc_stdio/fflush_Why3_ide.mlw,fflush_Why3_ide_VCfflush_loop_inv_2_established_goal5,False
data/why3/frama_c/klibc_stdio/fflush_Why3_ide.mlw,fflush_Why3_ide_VCfflush_loop_assign_part2_goal6,False
data/why3/frama_c/klibc_stdio/fflush_Why3_ide.mlw,fflush_Why3_ide_VCfflush_assign_exit_part02_goal7,False
data/why3/frama_c/klibc_stdio/fflush_Why3_ide.mlw,fflush_Why3_ide_VCfflush_assign_exit_part03_goal8,False
data/why3/frama_c/klibc_stdio/fflush_Why3_ide.mlw,fflush_Why3_ide_VCfflush_assign_exit_part04_goal9,False
data/why3/frama_c/klibc_stdio/fflush_Why3_ide.mlw,fflush_Why3_ide_VCfflush_assign_exit_part05_goal10,False
data/why3/frama_c/klibc_stdio/fflush_Why3_ide.mlw,fflush_Why3_ide_VCfflush_assign_exit_part09_goal11,False
data/why3/frama_c/klibc_stdio/fflush_Why3_ide.mlw,fflush_Why3_ide_VCfflush_assign_exit_part10_goal12,False
data/why3/frama_c/klibc_stdio/fflush_Why3_ide.mlw,fflush_Why3_ide_VCfflush_assign_exit_part11_goal13,False
data/why3/frama_c/klibc_stdio/fflush_Why3_ide.mlw,fflush_Why3_ide_VCfflush_assign_exit_part12_goal14,False
data/why3/frama_c/klibc_stdio/fflush_Why3_ide.mlw,fflush_Why3_ide_VCfflush_assign_normal_part02_goal15,False
data/why3/frama_c/klibc_stdio/fflush_Why3_ide.mlw,fflush_Why3_ide_VCfflush_assign_normal_part03_goal16,False
data/why3/frama_c/klibc_stdio/fflush_Why3_ide.mlw,fflush_Why3_ide_VCfflush_assign_normal_part04_goal17,False
data/why3/frama_c/klibc_stdio/fflush_Why3_ide.mlw,fflush_Why3_ide_VCfflush_assign_normal_part05_goal18,False
data/why3/frama_c/klibc_stdio/fflush_Why3_ide.mlw,fflush_Why3_ide_VCfflush_call___fflush_pre_goal19,False
data/why3/frama_c/klibc_stdio/fgetc_Why3_ide.mlw,fgetc_Why3_ide_VCfgetc_complete_error_no_error_goal0,False
data/why3/frama_c/klibc_stdio/fgetc_Why3_ide.mlw,fgetc_Why3_ide_VCfgetc_disjoint_error_no_error_goal1,False
data/why3/frama_c/klibc_stdio/fgetc_Why3_ide.mlw,fgetc_Why3_ide_VCfgetc_error_post_part1_goal2,False
data/why3/frama_c/klibc_stdio/fgetc_Why3_ide.mlw,fgetc_Why3_ide_VCfgetc_error_assign_part1_goal3,False
data/why3/frama_c/klibc_stdio/fgetc_Why3_ide.mlw,fgetc_Why3_ide_VCfgetc_error_assign_part3_goal4,False
data/why3/frama_c/klibc_stdio/fgetc_Why3_ide.mlw,fgetc_Why3_ide_VCfgetc_no_error_post_part1_goal5,False
data/why3/frama_c/klibc_stdio/fgetc_Why3_ide.mlw,fgetc_Why3_ide_VCfgetc_no_error_post_part2_goal6,False
data/why3/frama_c/klibc_stdio/fgetc_Why3_ide.mlw,fgetc_Why3_ide_VCfgetc_no_error_post_2_part1_goal7,False
data/why3/frama_c/klibc_stdio/fgetc_Why3_ide.mlw,fgetc_Why3_ide_VCfgetc_no_error_post_2_part2_goal8,False
data/why3/frama_c/klibc_stdio/fgetc_Why3_ide.mlw,fgetc_Why3_ide_VCfgetc_no_error_post_3_part1_goal9,False
data/why3/frama_c/klibc_stdio/fgetc_Why3_ide.mlw,fgetc_Why3_ide_VCfgetc_no_error_post_3_part2_goal10,False
data/why3/frama_c/klibc_stdio/fgetc_Why3_ide.mlw,fgetc_Why3_ide_VCfgetc_no_error_assign_part1_goal11,False
data/why3/frama_c/klibc_stdio/fgetc_Why3_ide.mlw,fgetc_Why3_ide_VCfgetc_no_error_assign_part3_goal12,False
data/why3/frama_c/klibc_stdio/fgets_Why3_ide.mlw,fgets_Why3_ide_VCfgets_post_part1_goal0,False
data/why3/frama_c/klibc_stdio/fgets_Why3_ide.mlw,fgets_Why3_ide_VCfgets_loop_inv_2_preserved_part1_goal1,False
data/why3/frama_c/klibc_stdio/fgets_Why3_ide.mlw,fgets_Why3_ide_VCfgets_loop_inv_2_preserved_part2_goal2,True
data/why3/frama_c/klibc_stdio/fgets_Why3_ide.mlw,fgets_Why3_ide_VCfgets_loop_inv_2_established_part1_goal3,True
data/why3/frama_c/klibc_stdio/fgets_Why3_ide.mlw,fgets_Why3_ide_VCfgets_loop_inv_2_established_part2_goal4,False
data/why3/frama_c/klibc_stdio/fgets_Why3_ide.mlw,fgets_Why3_ide_VCfgets_loop_assign_part2_goal5,False
data/why3/frama_c/klibc_stdio/fgets_Why3_ide.mlw,fgets_Why3_ide_VCfgets_loop_assign_part3_goal6,False
data/why3/frama_c/klibc_stdio/fgets_Why3_ide.mlw,fgets_Why3_ide_VCfgets_loop_assign_part5_goal7,False
data/why3/frama_c/klibc_stdio/fgets_Why3_ide.mlw,fgets_Why3_ide_VCfgets_loop_term_positive_goal8,True
data/why3/frama_c/klibc_stdio/fgets_Why3_ide.mlw,fgets_Why3_ide_VCfgets_call_fgetc_pre_2_goal9,False
data/why3/frama_c/klibc_stdio/fgets_Why3_ide.mlw,fgets_Why3_ide_VCfgets_call_fgetc_pre_3_goal10,False
data/why3/frama_c/klibc_stdio/fopen_Why3_ide.mlw,fopen_Why3_ide_VCfopen_post_part3_goal0,False
data/why3/frama_c/klibc_stdio/fopen_Why3_ide.mlw,fopen_Why3_ide_VCfopen_call___parse_open_mode_pre_goal1,True
data/why3/frama_c/klibc_stdio/fopen_Why3_ide.mlw,fopen_Why3_ide_VCfopen_call_fdopen_pre_goal2,True
data/why3/frama_c/klibc_stdio/fputc_Why3_ide.mlw,fputc_Why3_ide_VCfputc_call__fwrite_pre_goal0,False
data/why3/frama_c/klibc_stdio/fputc_Why3_ide.mlw,fputc_Why3_ide_VCfputc_call__fwrite_pre_2_goal1,False
data/why3/frama_c/klibc_stdio/fputc_Why3_ide.mlw,fputc_Why3_ide_VCfputc_call__fwrite_pre_3_goal2,False
data/why3/frama_c/klibc_stdio/fputs_Why3_ide.mlw,fputs_Why3_ide_VCfputs_call_strlen_pre_goal0,False
data/why3/frama_c/klibc_stdio/fputs_Why3_ide.mlw,fputs_Why3_ide_VCfputs_call__fwrite_pre_goal1,False
data/why3/frama_c/klibc_stdio/fputs_Why3_ide.mlw,fputs_Why3_ide_VCfputs_call__fwrite_pre_2_goal2,False
data/why3/frama_c/klibc_stdio/fputs_Why3_ide.mlw,fputs_Why3_ide_VCfputs_call__fwrite_pre_3_goal3,True
data/why3/frama_c/klibc_stdio/fread_Why3_ide.mlw,fread_Why3_ide_VCfread_call__fread_pre_2_part1_goal0,False
data/why3/frama_c/klibc_stdio/fread_Why3_ide.mlw,fread_Why3_ide_VCfread_call__fread_pre_2_part2_goal1,False
data/why3/frama_c/klibc_stdio/fread_Why3_ide.mlw,fread_Why3_ide_VCfread_call__fread_pre_2_part3_goal2,False
data/why3/frama_c/klibc_stdio/fread_Why3_ide.mlw,fread_Why3_ide_VCfread_call__fread_pre_2_part4_goal3,False
data/why3/frama_c/klibc_stdio/fread_Why3_ide.mlw,fread_Why3_ide_VCfread_call__fread_pre_2_part5_goal4,False
data/why3/frama_c/klibc_stdio/fread_Why3_ide.mlw,fread_Why3_ide_VCfread_call__fread_pre_2_part6_goal5,False
data/why3/frama_c/klibc_stdio/fread_Why3_ide.mlw,fread_Why3_ide_VCfread_call__fread_pre_3_goal6,False
data/why3/frama_c/klibc_stdio/fread_Why3_ide.mlw,fread_Why3_ide_VCfread_call__fread_pre_4_goal7,False
data/why3/frama_c/klibc_stdio/fread_Why3_ide.mlw,fread_Why3_ide_VCfread_call__fread_pre_5_goal8,False
data/why3/frama_c/klibc_stdio/fseek_Why3_ide.mlw,fseek_Why3_ide_VCfseek_assign_exit_part2_goal0,False
data/why3/frama_c/klibc_stdio/fseek_Why3_ide.mlw,fseek_Why3_ide_VCfseek_assign_exit_part3_goal1,False
data/why3/frama_c/klibc_stdio/fseek_Why3_ide.mlw,fseek_Why3_ide_VCfseek_assign_exit_part4_goal2,False
data/why3/frama_c/klibc_stdio/fseek_Why3_ide.mlw,fseek_Why3_ide_VCfseek_assign_exit_part5_goal3,False
data/why3/frama_c/klibc_stdio/fseek_Why3_ide.mlw,fseek_Why3_ide_VCfseek_assign_normal_part02_goal4,False
data/why3/frama_c/klibc_stdio/fseek_Why3_ide.mlw,fseek_Why3_ide_VCfseek_assign_normal_part03_goal5,False
data/why3/frama_c/klibc_stdio/fseek_Why3_ide.mlw,fseek_Why3_ide_VCfseek_assign_normal_part04_goal6,False
data/why3/frama_c/klibc_stdio/fseek_Why3_ide.mlw,fseek_Why3_ide_VCfseek_assign_normal_part05_goal7,False
data/why3/frama_c/klibc_stdio/fseek_Why3_ide.mlw,fseek_Why3_ide_VCfseek_assign_normal_part14_goal8,False
data/why3/frama_c/klibc_stdio/fseek_Why3_ide.mlw,fseek_Why3_ide_VCfseek_assign_normal_part15_goal9,False
data/why3/frama_c/klibc_stdio/fseek_Why3_ide.mlw,fseek_Why3_ide_VCfseek_assign_normal_part16_goal10,False
data/why3/frama_c/klibc_stdio/fseek_Why3_ide.mlw,fseek_Why3_ide_VCfseek_assign_normal_part17_goal11,False
data/why3/frama_c/klibc_stdio/fseek_Why3_ide.mlw,fseek_Why3_ide_VCfseek_assign_normal_part18_goal12,False
data/why3/frama_c/klibc_stdio/fseek_Why3_ide.mlw,fseek_Why3_ide_VCfseek_assign_normal_part19_goal13,False
data/why3/frama_c/klibc_stdio/fseek_Why3_ide.mlw,fseek_Why3_ide_VCfseek_assign_normal_part20_goal14,False
data/why3/frama_c/klibc_stdio/fseek_Why3_ide.mlw,fseek_Why3_ide_VCfseek_assign_normal_part21_goal15,False
data/why3/frama_c/klibc_stdio/fseek_Why3_ide.mlw,fseek_Why3_ide_VCfseek_assign_normal_part26_goal16,False
data/why3/frama_c/klibc_stdio/fseek_Why3_ide.mlw,fseek_Why3_ide_VCfseek_assign_normal_part27_goal17,False
data/why3/frama_c/klibc_stdio/fseek_Why3_ide.mlw,fseek_Why3_ide_VCfseek_assign_normal_part28_goal18,False
data/why3/frama_c/klibc_stdio/fseek_Why3_ide.mlw,fseek_Why3_ide_VCfseek_assign_normal_part29_goal19,False
data/why3/frama_c/klibc_stdio/fseek_Why3_ide.mlw,fseek_Why3_ide_VCfseek_call___fflush_pre_goal20,False
data/why3/frama_c/klibc_stdio/fseek_Why3_ide.mlw,fseek_Why3_ide_VCfseek_call_lseek_pre_part1_goal21,True
data/why3/frama_c/klibc_stdio/fseek_Why3_ide.mlw,fseek_Why3_ide_VCfseek_call_lseek_pre_part2_goal22,True
data/why3/frama_c/klibc_stdio/fseek_Why3_ide.mlw,fseek_Why3_ide_VCfseek_call_lseek_pre_part3_goal23,False
data/why3/frama_c/klibc_stdio/fseek_Why3_ide.mlw,fseek_Why3_ide_VCfseek_call_lseek_pre_part4_goal24,False
data/why3/frama_c/klibc_stdio/ftell_Why3_ide.mlw,ftell_Why3_ide_VCftell_post_part1_goal0,False
data/why3/frama_c/klibc_stdio/ftell_Why3_ide.mlw,ftell_Why3_ide_VCftell_call_lseek_pre_goal1,False
data/why3/frama_c/klibc_stdio/fwrite_Why3_ide.mlw,fwrite_Why3_ide_VCfwrite_call__fwrite_pre_goal0,False
data/why3/frama_c/klibc_stdio/fwrite_Why3_ide.mlw,fwrite_Why3_ide_VCfwrite_call__fwrite_pre_2_goal1,False
data/why3/frama_c/klibc_stdio/fwrite_Why3_ide.mlw,fwrite_Why3_ide_VCfwrite_call__fwrite_pre_3_goal2,False
data/why3/frama_c/klibc_stdio/fwrite_noflush_Why3_ide.mlw,fwrite_noflush_Why3_ide_VCfwrite_noflush_post_part1_goal0,True
data/why3/frama_c/klibc_stdio/fwrite_noflush_Why3_ide.mlw,fwrite_noflush_Why3_ide_VCfwrite_noflush_post_part2_goal1,True
data/why3/frama_c/klibc_stdio/fwrite_noflush_Why3_ide.mlw,fwrite_noflush_Why3_ide_VCfwrite_noflush_post_part3_goal2,True
data/why3/frama_c/klibc_stdio/fwrite_noflush_Why3_ide.mlw,fwrite_noflush_Why3_ide_VCfwrite_noflush_post_part4_goal3,True
data/why3/frama_c/klibc_stdio/fwrite_noflush_Why3_ide.mlw,fwrite_noflush_Why3_ide_VCfwrite_noflush_post_part5_goal4,True
data/why3/frama_c/klibc_stdio/fwrite_noflush_Why3_ide.mlw,fwrite_noflush_Why3_ide_VCfwrite_noflush_post_part6_goal5,True
data/why3/frama_c/klibc_stdio/fwrite_noflush_Why3_ide.mlw,fwrite_noflush_Why3_ide_VCfwrite_noflush_post_part7_goal6,True
data/why3/frama_c/klibc_stdio/fwrite_noflush_Why3_ide.mlw,fwrite_noflush_Why3_ide_VCfwrite_noflush_post_part8_goal7,True
data/why3/frama_c/klibc_stdio/fwrite_noflush_Why3_ide.mlw,fwrite_noflush_Why3_ide_VCfwrite_noflush_post_part9_goal8,True
data/why3/frama_c/klibc_stdio/fwrite_noflush_Why3_ide.mlw,fwrite_noflush_Why3_ide_VCfwrite_noflush_loop_inv_preserved_part04_goal9,False
data/why3/frama_c/klibc_stdio/fwrite_noflush_Why3_ide.mlw,fwrite_noflush_Why3_ide_VCfwrite_noflush_loop_inv_preserved_part08_goal10,False
data/why3/frama_c/klibc_stdio/fwrite_noflush_Why3_ide.mlw,fwrite_noflush_Why3_ide_VCfwrite_noflush_loop_inv_preserved_part10_goal11,False
data/why3/frama_c/klibc_stdio/fwrite_noflush_Why3_ide.mlw,fwrite_noflush_Why3_ide_VCfwrite_noflush_loop_inv_preserved_part11_goal12,False
data/why3/frama_c/klibc_stdio/fwrite_noflush_Why3_ide.mlw,fwrite_noflush_Why3_ide_VCfwrite_noflush_loop_inv_preserved_part15_goal13,True
data/why3/frama_c/klibc_stdio/fwrite_noflush_Why3_ide.mlw,fwrite_noflush_Why3_ide_VCfwrite_noflush_loop_inv_preserved_part19_goal14,True
data/why3/frama_c/klibc_stdio/fwrite_noflush_Why3_ide.mlw,fwrite_noflush_Why3_ide_VCfwrite_noflush_loop_inv_preserved_part21_goal15,True
data/why3/frama_c/klibc_stdio/fwrite_noflush_Why3_ide.mlw,fwrite_noflush_Why3_ide_VCfwrite_noflush_loop_inv_preserved_part22_goal16,True
data/why3/frama_c/klibc_stdio/fwrite_noflush_Why3_ide.mlw,fwrite_noflush_Why3_ide_VCfwrite_noflush_loop_inv_established_goal17,False
data/why3/frama_c/klibc_stdio/fwrite_noflush_Why3_ide.mlw,fwrite_noflush_Why3_ide_VCfwrite_noflush_loop_inv_2_established_goal18,False
data/why3/frama_c/klibc_stdio/fwrite_noflush_Why3_ide.mlw,fwrite_noflush_Why3_ide_VCfwrite_noflush_loop_inv_3_preserved_part05_goal19,False
data/why3/frama_c/klibc_stdio/fwrite_noflush_Why3_ide.mlw,fwrite_noflush_Why3_ide_VCfwrite_noflush_loop_inv_3_preserved_part07_goal20,False
data/why3/frama_c/klibc_stdio/fwrite_noflush_Why3_ide.mlw,fwrite_noflush_Why3_ide_VCfwrite_noflush_loop_inv_3_preserved_part15_goal21,False
data/why3/frama_c/klibc_stdio/fwrite_noflush_Why3_ide.mlw,fwrite_noflush_Why3_ide_VCfwrite_noflush_loop_inv_3_preserved_part19_goal22,False
data/why3/frama_c/klibc_stdio/fwrite_noflush_Why3_ide.mlw,fwrite_noflush_Why3_ide_VCfwrite_noflush_loop_inv_3_preserved_part27_goal23,True
data/why3/frama_c/klibc_stdio/fwrite_noflush_Why3_ide.mlw,fwrite_noflush_Why3_ide_VCfwrite_noflush_loop_inv_3_preserved_part29_goal24,True
data/why3/frama_c/klibc_stdio/fwrite_noflush_Why3_ide.mlw,fwrite_noflush_Why3_ide_VCfwrite_noflush_loop_inv_3_preserved_part37_goal25,True
data/why3/frama_c/klibc_stdio/fwrite_noflush_Why3_ide.mlw,fwrite_noflush_Why3_ide_VCfwrite_noflush_loop_inv_3_preserved_part41_goal26,True
data/why3/frama_c/klibc_stdio/fwrite_noflush_Why3_ide.mlw,fwrite_noflush_Why3_ide_VCfwrite_noflush_loop_inv_3_preserved_part49_goal27,False
data/why3/frama_c/klibc_stdio/fwrite_noflush_Why3_ide.mlw,fwrite_noflush_Why3_ide_VCfwrite_noflush_loop_inv_3_preserved_part51_goal28,False
data/why3/frama_c/klibc_stdio/fwrite_noflush_Why3_ide.mlw,fwrite_noflush_Why3_ide_VCfwrite_noflush_loop_inv_3_preserved_part59_goal29,False
data/why3/frama_c/klibc_stdio/fwrite_noflush_Why3_ide.mlw,fwrite_noflush_Why3_ide_VCfwrite_noflush_loop_inv_3_preserved_part63_goal30,False
data/why3/frama_c/klibc_stdio/fwrite_noflush_Why3_ide.mlw,fwrite_noflush_Why3_ide_VCfwrite_noflush_loop_inv_3_established_part1_goal31,False
data/why3/frama_c/klibc_stdio/fwrite_noflush_Why3_ide.mlw,fwrite_noflush_Why3_ide_VCfwrite_noflush_loop_inv_3_established_part2_goal32,True
data/why3/frama_c/klibc_stdio/fwrite_noflush_Why3_ide.mlw,fwrite_noflush_Why3_ide_VCfwrite_noflush_loop_inv_5_preserved_part05_goal33,True
data/why3/frama_c/klibc_stdio/fwrite_noflush_Why3_ide.mlw,fwrite_noflush_Why3_ide_VCfwrite_noflush_loop_inv_5_preserved_part06_goal34,False
data/why3/frama_c/klibc_stdio/fwrite_noflush_Why3_ide.mlw,fwrite_noflush_Why3_ide_VCfwrite_noflush_loop_inv_5_preserved_part07_goal35,True
data/why3/frama_c/klibc_stdio/fwrite_noflush_Why3_ide.mlw,fwrite_noflush_Why3_ide_VCfwrite_noflush_loop_inv_5_preserved_part08_goal36,False
data/why3/frama_c/klibc_stdio/fwrite_noflush_Why3_ide.mlw,fwrite_noflush_Why3_ide_VCfwrite_noflush_loop_inv_5_preserved_part15_goal37,True
data/why3/frama_c/klibc_stdio/fwrite_noflush_Why3_ide.mlw,fwrite_noflush_Why3_ide_VCfwrite_noflush_loop_inv_5_preserved_part16_goal38,False
data/why3/frama_c/klibc_stdio/fwrite_noflush_Why3_ide.mlw,fwrite_noflush_Why3_ide_VCfwrite_noflush_loop_inv_5_preserved_part19_goal39,False
data/why3/frama_c/klibc_stdio/fwrite_noflush_Why3_ide.mlw,fwrite_noflush_Why3_ide_VCfwrite_noflush_loop_inv_5_preserved_part20_goal40,False
data/why3/frama_c/klibc_stdio/fwrite_noflush_Why3_ide.mlw,fwrite_noflush_Why3_ide_VCfwrite_noflush_loop_inv_5_preserved_part27_goal41,True
data/why3/frama_c/klibc_stdio/fwrite_noflush_Why3_ide.mlw,fwrite_noflush_Why3_ide_VCfwrite_noflush_loop_inv_5_preserved_part28_goal42,True
data/why3/frama_c/klibc_stdio/fwrite_noflush_Why3_ide.mlw,fwrite_noflush_Why3_ide_VCfwrite_noflush_loop_inv_5_preserved_part29_goal43,True
data/why3/frama_c/klibc_stdio/fwrite_noflush_Why3_ide.mlw,fwrite_noflush_Why3_ide_VCfwrite_noflush_loop_inv_5_preserved_part30_goal44,True
data/why3/frama_c/klibc_stdio/fwrite_noflush_Why3_ide.mlw,fwrite_noflush_Why3_ide_VCfwrite_noflush_loop_inv_5_preserved_part37_goal45,True
data/why3/frama_c/klibc_stdio/fwrite_noflush_Why3_ide.mlw,fwrite_noflush_Why3_ide_VCfwrite_noflush_loop_inv_5_preserved_part38_goal46,True
data/why3/frama_c/klibc_stdio/fwrite_noflush_Why3_ide.mlw,fwrite_noflush_Why3_ide_VCfwrite_noflush_loop_inv_5_preserved_part41_goal47,True
data/why3/frama_c/klibc_stdio/fwrite_noflush_Why3_ide.mlw,fwrite_noflush_Why3_ide_VCfwrite_noflush_loop_inv_5_preserved_part42_goal48,True
data/why3/frama_c/klibc_stdio/fwrite_noflush_Why3_ide.mlw,fwrite_noflush_Why3_ide_VCfwrite_noflush_loop_inv_5_preserved_part49_goal49,True
data/why3/frama_c/klibc_stdio/fwrite_noflush_Why3_ide.mlw,fwrite_noflush_Why3_ide_VCfwrite_noflush_loop_inv_5_preserved_part50_goal50,False
data/why3/frama_c/klibc_stdio/fwrite_noflush_Why3_ide.mlw,fwrite_noflush_Why3_ide_VCfwrite_noflush_loop_inv_5_preserved_part51_goal51,True
data/why3/frama_c/klibc_stdio/fwrite_noflush_Why3_ide.mlw,fwrite_noflush_Why3_ide_VCfwrite_noflush_loop_inv_5_preserved_part52_goal52,False
data/why3/frama_c/klibc_stdio/fwrite_noflush_Why3_ide.mlw,fwrite_noflush_Why3_ide_VCfwrite_noflush_loop_inv_5_preserved_part59_goal53,True
data/why3/frama_c/klibc_stdio/fwrite_noflush_Why3_ide.mlw,fwrite_noflush_Why3_ide_VCfwrite_noflush_loop_inv_5_preserved_part60_goal54,False
data/why3/frama_c/klibc_stdio/fwrite_noflush_Why3_ide.mlw,fwrite_noflush_Why3_ide_VCfwrite_noflush_loop_inv_5_preserved_part63_goal55,True
data/why3/frama_c/klibc_stdio/fwrite_noflush_Why3_ide.mlw,fwrite_noflush_Why3_ide_VCfwrite_noflush_loop_inv_5_preserved_part64_goal56,False
data/why3/frama_c/klibc_stdio/fwrite_noflush_Why3_ide.mlw,fwrite_noflush_Why3_ide_VCfwrite_noflush_loop_inv_5_established_part1_goal57,True
data/why3/frama_c/klibc_stdio/fwrite_noflush_Why3_ide.mlw,fwrite_noflush_Why3_ide_VCfwrite_noflush_loop_inv_5_established_part2_goal58,True
data/why3/frama_c/klibc_stdio/fwrite_noflush_Why3_ide.mlw,fwrite_noflush_Why3_ide_VCfwrite_noflush_loop_inv_6_preserved_part05_goal59,True
data/why3/frama_c/klibc_stdio/fwrite_noflush_Why3_ide.mlw,fwrite_noflush_Why3_ide_VCfwrite_noflush_loop_inv_6_preserved_part19_goal60,False
data/why3/frama_c/klibc_stdio/fwrite_noflush_Why3_ide.mlw,fwrite_noflush_Why3_ide_VCfwrite_noflush_loop_inv_6_preserved_part27_goal61,True
data/why3/frama_c/klibc_stdio/fwrite_noflush_Why3_ide.mlw,fwrite_noflush_Why3_ide_VCfwrite_noflush_loop_inv_6_preserved_part41_goal62,True
data/why3/frama_c/klibc_stdio/fwrite_noflush_Why3_ide.mlw,fwrite_noflush_Why3_ide_VCfwrite_noflush_loop_inv_6_preserved_part49_goal63,True
data/why3/frama_c/klibc_stdio/fwrite_noflush_Why3_ide.mlw,fwrite_noflush_Why3_ide_VCfwrite_noflush_loop_inv_6_preserved_part63_goal64,True
data/why3/frama_c/klibc_stdio/fwrite_noflush_Why3_ide.mlw,fwrite_noflush_Why3_ide_VCfwrite_noflush_loop_assign_part002_goal65,False
data/why3/frama_c/klibc_stdio/fwrite_noflush_Why3_ide.mlw,fwrite_noflush_Why3_ide_VCfwrite_noflush_loop_assign_part003_goal66,False
data/why3/frama_c/klibc_stdio/fwrite_noflush_Why3_ide.mlw,fwrite_noflush_Why3_ide_VCfwrite_noflush_loop_assign_part004_goal67,False
data/why3/frama_c/klibc_stdio/fwrite_noflush_Why3_ide.mlw,fwrite_noflush_Why3_ide_VCfwrite_noflush_loop_assign_part008_goal68,False
data/why3/frama_c/klibc_stdio/fwrite_noflush_Why3_ide.mlw,fwrite_noflush_Why3_ide_VCfwrite_noflush_loop_assign_part009_goal69,False
data/why3/frama_c/klibc_stdio/fwrite_noflush_Why3_ide.mlw,fwrite_noflush_Why3_ide_VCfwrite_noflush_loop_assign_part010_goal70,False
data/why3/frama_c/klibc_stdio/fwrite_noflush_Why3_ide.mlw,fwrite_noflush_Why3_ide_VCfwrite_noflush_loop_assign_part011_goal71,False
data/why3/frama_c/klibc_stdio/fwrite_noflush_Why3_ide.mlw,fwrite_noflush_Why3_ide_VCfwrite_noflush_loop_assign_part012_goal72,False
data/why3/frama_c/klibc_stdio/fwrite_noflush_Why3_ide.mlw,fwrite_noflush_Why3_ide_VCfwrite_noflush_loop_assign_part013_goal73,False
data/why3/frama_c/klibc_stdio/fwrite_noflush_Why3_ide.mlw,fwrite_noflush_Why3_ide_VCfwrite_noflush_loop_assign_part023_goal74,False
data/why3/frama_c/klibc_stdio/fwrite_noflush_Why3_ide.mlw,fwrite_noflush_Why3_ide_VCfwrite_noflush_loop_assign_part024_goal75,False
data/why3/frama_c/klibc_stdio/fwrite_noflush_Why3_ide.mlw,fwrite_noflush_Why3_ide_VCfwrite_noflush_loop_assign_part025_goal76,False
data/why3/frama_c/klibc_stdio/fwrite_noflush_Why3_ide.mlw,fwrite_noflush_Why3_ide_VCfwrite_noflush_loop_assign_part029_goal77,False
data/why3/frama_c/klibc_stdio/fwrite_noflush_Why3_ide.mlw,fwrite_noflush_Why3_ide_VCfwrite_noflush_loop_assign_part030_goal78,False
data/why3/frama_c/klibc_stdio/fwrite_noflush_Why3_ide.mlw,fwrite_noflush_Why3_ide_VCfwrite_noflush_loop_assign_part031_goal79,False
data/why3/frama_c/klibc_stdio/fwrite_noflush_Why3_ide.mlw,fwrite_noflush_Why3_ide_VCfwrite_noflush_loop_assign_part032_goal80,False
data/why3/frama_c/klibc_stdio/fwrite_noflush_Why3_ide.mlw,fwrite_noflush_Why3_ide_VCfwrite_noflush_loop_assign_part033_goal81,False
data/why3/frama_c/klibc_stdio/fwrite_noflush_Why3_ide.mlw,fwrite_noflush_Why3_ide_VCfwrite_noflush_loop_assign_part034_goal82,False
data/why3/frama_c/klibc_stdio/fwrite_noflush_Why3_ide.mlw,fwrite_noflush_Why3_ide_VCfwrite_noflush_loop_assign_part035_goal83,True
data/why3/frama_c/klibc_stdio/fwrite_noflush_Why3_ide.mlw,fwrite_noflush_Why3_ide_VCfwrite_noflush_loop_assign_part036_goal84,True
data/why3/frama_c/klibc_stdio/fwrite_noflush_Why3_ide.mlw,fwrite_noflush_Why3_ide_VCfwrite_noflush_loop_assign_part037_goal85,True
data/why3/frama_c/klibc_stdio/fwrite_noflush_Why3_ide.mlw,fwrite_noflush_Why3_ide_VCfwrite_noflush_loop_assign_part041_goal86,True
data/why3/frama_c/klibc_stdio/fwrite_noflush_Why3_ide.mlw,fwrite_noflush_Why3_ide_VCfwrite_noflush_loop_assign_part042_goal87,True
data/why3/frama_c/klibc_stdio/fwrite_noflush_Why3_ide.mlw,fwrite_noflush_Why3_ide_VCfwrite_noflush_loop_assign_part043_goal88,True
data/why3/frama_c/klibc_stdio/fwrite_noflush_Why3_ide.mlw,fwrite_noflush_Why3_ide_VCfwrite_noflush_loop_assign_part044_goal89,True
data/why3/frama_c/klibc_stdio/fwrite_noflush_Why3_ide.mlw,fwrite_noflush_Why3_ide_VCfwrite_noflush_loop_assign_part045_goal90,True
data/why3/frama_c/klibc_stdio/fwrite_noflush_Why3_ide.mlw,fwrite_noflush_Why3_ide_VCfwrite_noflush_loop_assign_part046_goal91,True
data/why3/frama_c/klibc_stdio/fwrite_noflush_Why3_ide.mlw,fwrite_noflush_Why3_ide_VCfwrite_noflush_loop_assign_part056_goal92,True
data/why3/frama_c/klibc_stdio/fwrite_noflush_Why3_ide.mlw,fwrite_noflush_Why3_ide_VCfwrite_noflush_loop_assign_part057_goal93,True
data/why3/frama_c/klibc_stdio/fwrite_noflush_Why3_ide.mlw,fwrite_noflush_Why3_ide_VCfwrite_noflush_loop_assign_part058_goal94,True
data/why3/frama_c/klibc_stdio/fwrite_noflush_Why3_ide.mlw,fwrite_noflush_Why3_ide_VCfwrite_noflush_loop_assign_part062_goal95,True
data/why3/frama_c/klibc_stdio/fwrite_noflush_Why3_ide.mlw,fwrite_noflush_Why3_ide_VCfwrite_noflush_loop_assign_part063_goal96,True
data/why3/frama_c/klibc_stdio/fwrite_noflush_Why3_ide.mlw,fwrite_noflush_Why3_ide_VCfwrite_noflush_loop_assign_part064_goal97,True
data/why3/frama_c/klibc_stdio/fwrite_noflush_Why3_ide.mlw,fwrite_noflush_Why3_ide_VCfwrite_noflush_loop_assign_part065_goal98,True
data/why3/frama_c/klibc_stdio/fwrite_noflush_Why3_ide.mlw,fwrite_noflush_Why3_ide_VCfwrite_noflush_loop_assign_part066_goal99,True
data/why3/frama_c/klibc_stdio/fwrite_noflush_Why3_ide.mlw,fwrite_noflush_Why3_ide_VCfwrite_noflush_loop_assign_part067_goal100,True
data/why3/frama_c/klibc_stdio/fwrite_noflush_Why3_ide.mlw,fwrite_noflush_Why3_ide_VCfwrite_noflush_loop_assign_part068_goal101,False
data/why3/frama_c/klibc_stdio/fwrite_noflush_Why3_ide.mlw,fwrite_noflush_Why3_ide_VCfwrite_noflush_loop_assign_part069_goal102,False
data/why3/frama_c/klibc_stdio/fwrite_noflush_Why3_ide.mlw,fwrite_noflush_Why3_ide_VCfwrite_noflush_loop_assign_part070_goal103,False
data/why3/frama_c/klibc_stdio/fwrite_noflush_Why3_ide.mlw,fwrite_noflush_Why3_ide_VCfwrite_noflush_loop_assign_part074_goal104,False
data/why3/frama_c/klibc_stdio/fwrite_noflush_Why3_ide.mlw,fwrite_noflush_Why3_ide_VCfwrite_noflush_loop_assign_part075_goal105,False
data/why3/frama_c/klibc_stdio/fwrite_noflush_Why3_ide.mlw,fwrite_noflush_Why3_ide_VCfwrite_noflush_loop_assign_part076_goal106,False
data/why3/frama_c/klibc_stdio/fwrite_noflush_Why3_ide.mlw,fwrite_noflush_Why3_ide_VCfwrite_noflush_loop_assign_part077_goal107,False
data/why3/frama_c/klibc_stdio/fwrite_noflush_Why3_ide.mlw,fwrite_noflush_Why3_ide_VCfwrite_noflush_loop_assign_part078_goal108,False
data/why3/frama_c/klibc_stdio/fwrite_noflush_Why3_ide.mlw,fwrite_noflush_Why3_ide_VCfwrite_noflush_loop_assign_part079_goal109,False
data/why3/frama_c/klibc_stdio/fwrite_noflush_Why3_ide.mlw,fwrite_noflush_Why3_ide_VCfwrite_noflush_loop_assign_part089_goal110,False
data/why3/frama_c/klibc_stdio/fwrite_noflush_Why3_ide.mlw,fwrite_noflush_Why3_ide_VCfwrite_noflush_loop_assign_part090_goal111,False
data/why3/frama_c/klibc_stdio/fwrite_noflush_Why3_ide.mlw,fwrite_noflush_Why3_ide_VCfwrite_noflush_loop_assign_part091_goal112,False
data/why3/frama_c/klibc_stdio/fwrite_noflush_Why3_ide.mlw,fwrite_noflush_Why3_ide_VCfwrite_noflush_loop_assign_part095_goal113,False
data/why3/frama_c/klibc_stdio/fwrite_noflush_Why3_ide.mlw,fwrite_noflush_Why3_ide_VCfwrite_noflush_loop_assign_part096_goal114,False
data/why3/frama_c/klibc_stdio/fwrite_noflush_Why3_ide.mlw,fwrite_noflush_Why3_ide_VCfwrite_noflush_loop_assign_part097_goal115,False
data/why3/frama_c/klibc_stdio/fwrite_noflush_Why3_ide.mlw,fwrite_noflush_Why3_ide_VCfwrite_noflush_loop_assign_part098_goal116,True
data/why3/frama_c/klibc_stdio/fwrite_noflush_Why3_ide.mlw,fwrite_noflush_Why3_ide_VCfwrite_noflush_loop_assign_part099_goal117,True
data/why3/frama_c/klibc_stdio/fwrite_noflush_Why3_ide.mlw,fwrite_noflush_Why3_ide_VCfwrite_noflush_loop_assign_part100_goal118,True
data/why3/frama_c/klibc_stdio/fwrite_noflush_Why3_ide.mlw,fwrite_noflush_Why3_ide_VCfwrite_noflush_loop_assign_part101_goal119,False
data/why3/frama_c/klibc_stdio/fwrite_noflush_Why3_ide.mlw,fwrite_noflush_Why3_ide_VCfwrite_noflush_loop_assign_part102_goal120,False
data/why3/frama_c/klibc_stdio/fwrite_noflush_Why3_ide.mlw,fwrite_noflush_Why3_ide_VCfwrite_noflush_loop_assign_part103_goal121,False
data/why3/frama_c/klibc_stdio/fwrite_noflush_Why3_ide.mlw,fwrite_noflush_Why3_ide_VCfwrite_noflush_loop_assign_part104_goal122,False
data/why3/frama_c/klibc_stdio/fwrite_noflush_Why3_ide.mlw,fwrite_noflush_Why3_ide_VCfwrite_noflush_loop_assign_part105_goal123,False
data/why3/frama_c/klibc_stdio/fwrite_noflush_Why3_ide.mlw,fwrite_noflush_Why3_ide_VCfwrite_noflush_loop_assign_part109_goal124,False
data/why3/frama_c/klibc_stdio/fwrite_noflush_Why3_ide.mlw,fwrite_noflush_Why3_ide_VCfwrite_noflush_loop_assign_part110_goal125,False
data/why3/frama_c/klibc_stdio/fwrite_noflush_Why3_ide.mlw,fwrite_noflush_Why3_ide_VCfwrite_noflush_loop_assign_part111_goal126,False
data/why3/frama_c/klibc_stdio/fwrite_noflush_Why3_ide.mlw,fwrite_noflush_Why3_ide_VCfwrite_noflush_loop_assign_part112_goal127,False
data/why3/frama_c/klibc_stdio/fwrite_noflush_Why3_ide.mlw,fwrite_noflush_Why3_ide_VCfwrite_noflush_loop_assign_part113_goal128,False
data/why3/frama_c/klibc_stdio/fwrite_noflush_Why3_ide.mlw,fwrite_noflush_Why3_ide_VCfwrite_noflush_loop_assign_part114_goal129,False
data/why3/frama_c/klibc_stdio/fwrite_noflush_Why3_ide.mlw,fwrite_noflush_Why3_ide_VCfwrite_noflush_loop_assign_part115_goal130,False
data/why3/frama_c/klibc_stdio/fwrite_noflush_Why3_ide.mlw,fwrite_noflush_Why3_ide_VCfwrite_noflush_loop_assign_part116_goal131,False
data/why3/frama_c/klibc_stdio/fwrite_noflush_Why3_ide.mlw,fwrite_noflush_Why3_ide_VCfwrite_noflush_loop_assign_part129_goal132,False
data/why3/frama_c/klibc_stdio/fwrite_noflush_Why3_ide.mlw,fwrite_noflush_Why3_ide_VCfwrite_noflush_loop_assign_part130_goal133,False
data/why3/frama_c/klibc_stdio/fwrite_noflush_Why3_ide.mlw,fwrite_noflush_Why3_ide_VCfwrite_noflush_loop_assign_part131_goal134,False
data/why3/frama_c/klibc_stdio/fwrite_noflush_Why3_ide.mlw,fwrite_noflush_Why3_ide_VCfwrite_noflush_loop_assign_part132_goal135,False
data/why3/frama_c/klibc_stdio/fwrite_noflush_Why3_ide.mlw,fwrite_noflush_Why3_ide_VCfwrite_noflush_loop_assign_part137_goal136,False
data/why3/frama_c/klibc_stdio/fwrite_noflush_Why3_ide.mlw,fwrite_noflush_Why3_ide_VCfwrite_noflush_loop_assign_part138_goal137,False
data/why3/frama_c/klibc_stdio/fwrite_noflush_Why3_ide.mlw,fwrite_noflush_Why3_ide_VCfwrite_noflush_loop_assign_part139_goal138,False
data/why3/frama_c/klibc_stdio/fwrite_noflush_Why3_ide.mlw,fwrite_noflush_Why3_ide_VCfwrite_noflush_loop_assign_part140_goal139,False
data/why3/frama_c/klibc_stdio/fwrite_noflush_Why3_ide.mlw,fwrite_noflush_Why3_ide_VCfwrite_noflush_loop_assign_part141_goal140,False
data/why3/frama_c/klibc_stdio/fwrite_noflush_Why3_ide.mlw,fwrite_noflush_Why3_ide_VCfwrite_noflush_loop_assign_part142_goal141,False
data/why3/frama_c/klibc_stdio/fwrite_noflush_Why3_ide.mlw,fwrite_noflush_Why3_ide_VCfwrite_noflush_loop_assign_part143_goal142,False
data/why3/frama_c/klibc_stdio/fwrite_noflush_Why3_ide.mlw,fwrite_noflush_Why3_ide_VCfwrite_noflush_loop_assign_part144_goal143,False
data/why3/frama_c/klibc_stdio/fwrite_noflush_Why3_ide.mlw,fwrite_noflush_Why3_ide_VCfwrite_noflush_loop_assign_part145_goal144,True
data/why3/frama_c/klibc_stdio/fwrite_noflush_Why3_ide.mlw,fwrite_noflush_Why3_ide_VCfwrite_noflush_loop_assign_part146_goal145,True
data/why3/frama_c/klibc_stdio/fwrite_noflush_Why3_ide.mlw,fwrite_noflush_Why3_ide_VCfwrite_noflush_loop_assign_part147_goal146,True
data/why3/frama_c/klibc_stdio/fwrite_noflush_Why3_ide.mlw,fwrite_noflush_Why3_ide_VCfwrite_noflush_loop_assign_part148_goal147,True
data/why3/frama_c/klibc_stdio/fwrite_noflush_Why3_ide.mlw,fwrite_noflush_Why3_ide_VCfwrite_noflush_loop_assign_part149_goal148,True
data/why3/frama_c/klibc_stdio/fwrite_noflush_Why3_ide.mlw,fwrite_noflush_Why3_ide_VCfwrite_noflush_loop_assign_part153_goal149,True
data/why3/frama_c/klibc_stdio/fwrite_noflush_Why3_ide.mlw,fwrite_noflush_Why3_ide_VCfwrite_noflush_loop_assign_part154_goal150,True
data/why3/frama_c/klibc_stdio/fwrite_noflush_Why3_ide.mlw,fwrite_noflush_Why3_ide_VCfwrite_noflush_loop_assign_part155_goal151,True
data/why3/frama_c/klibc_stdio/fwrite_noflush_Why3_ide.mlw,fwrite_noflush_Why3_ide_VCfwrite_noflush_loop_assign_part156_goal152,True
data/why3/frama_c/klibc_stdio/fwrite_noflush_Why3_ide.mlw,fwrite_noflush_Why3_ide_VCfwrite_noflush_loop_assign_part157_goal153,True
data/why3/frama_c/klibc_stdio/fwrite_noflush_Why3_ide.mlw,fwrite_noflush_Why3_ide_VCfwrite_noflush_loop_assign_part158_goal154,True
data/why3/frama_c/klibc_stdio/fwrite_noflush_Why3_ide.mlw,fwrite_noflush_Why3_ide_VCfwrite_noflush_loop_assign_part159_goal155,True
data/why3/frama_c/klibc_stdio/fwrite_noflush_Why3_ide.mlw,fwrite_noflush_Why3_ide_VCfwrite_noflush_loop_assign_part160_goal156,True
data/why3/frama_c/klibc_stdio/fwrite_noflush_Why3_ide.mlw,fwrite_noflush_Why3_ide_VCfwrite_noflush_loop_assign_part173_goal157,True
data/why3/frama_c/klibc_stdio/fwrite_noflush_Why3_ide.mlw,fwrite_noflush_Why3_ide_VCfwrite_noflush_loop_assign_part174_goal158,True
data/why3/frama_c/klibc_stdio/fwrite_noflush_Why3_ide.mlw,fwrite_noflush_Why3_ide_VCfwrite_noflush_loop_assign_part175_goal159,True
data/why3/frama_c/klibc_stdio/fwrite_noflush_Why3_ide.mlw,fwrite_noflush_Why3_ide_VCfwrite_noflush_loop_assign_part176_goal160,True
data/why3/frama_c/klibc_stdio/fwrite_noflush_Why3_ide.mlw,fwrite_noflush_Why3_ide_VCfwrite_noflush_loop_assign_part181_goal161,True
data/why3/frama_c/klibc_stdio/fwrite_noflush_Why3_ide.mlw,fwrite_noflush_Why3_ide_VCfwrite_noflush_loop_assign_part182_goal162,True
data/why3/frama_c/klibc_stdio/fwrite_noflush_Why3_ide.mlw,fwrite_noflush_Why3_ide_VCfwrite_noflush_loop_assign_part183_goal163,True
data/why3/frama_c/klibc_stdio/fwrite_noflush_Why3_ide.mlw,fwrite_noflush_Why3_ide_VCfwrite_noflush_loop_assign_part184_goal164,True
data/why3/frama_c/klibc_stdio/fwrite_noflush_Why3_ide.mlw,fwrite_noflush_Why3_ide_VCfwrite_noflush_loop_assign_part185_goal165,True
data/why3/frama_c/klibc_stdio/fwrite_noflush_Why3_ide.mlw,fwrite_noflush_Why3_ide_VCfwrite_noflush_loop_assign_part186_goal166,True
data/why3/frama_c/klibc_stdio/fwrite_noflush_Why3_ide.mlw,fwrite_noflush_Why3_ide_VCfwrite_noflush_loop_assign_part187_goal167,True
data/why3/frama_c/klibc_stdio/fwrite_noflush_Why3_ide.mlw,fwrite_noflush_Why3_ide_VCfwrite_noflush_loop_assign_part188_goal168,True
data/why3/frama_c/klibc_stdio/fwrite_noflush_Why3_ide.mlw,fwrite_noflush_Why3_ide_VCfwrite_noflush_loop_assign_part189_goal169,False
data/why3/frama_c/klibc_stdio/fwrite_noflush_Why3_ide.mlw,fwrite_noflush_Why3_ide_VCfwrite_noflush_loop_assign_part190_goal170,False
data/why3/frama_c/klibc_stdio/fwrite_noflush_Why3_ide.mlw,fwrite_noflush_Why3_ide_VCfwrite_noflush_loop_assign_part191_goal171,False
data/why3/frama_c/klibc_stdio/fwrite_noflush_Why3_ide.mlw,fwrite_noflush_Why3_ide_VCfwrite_noflush_loop_assign_part192_goal172,False
data/why3/frama_c/klibc_stdio/fwrite_noflush_Why3_ide.mlw,fwrite_noflush_Why3_ide_VCfwrite_noflush_loop_assign_part196_goal173,False
data/why3/frama_c/klibc_stdio/fwrite_noflush_Why3_ide.mlw,fwrite_noflush_Why3_ide_VCfwrite_noflush_loop_assign_part198_goal174,False
data/why3/frama_c/klibc_stdio/fwrite_noflush_Why3_ide.mlw,fwrite_noflush_Why3_ide_VCfwrite_noflush_loop_assign_part199_goal175,False
data/why3/frama_c/klibc_stdio/fwrite_noflush_Why3_ide.mlw,fwrite_noflush_Why3_ide_VCfwrite_noflush_loop_assign_part211_goal176,False
data/why3/frama_c/klibc_stdio/fwrite_noflush_Why3_ide.mlw,fwrite_noflush_Why3_ide_VCfwrite_noflush_loop_assign_part213_goal177,False
data/why3/frama_c/klibc_stdio/fwrite_noflush_Why3_ide.mlw,fwrite_noflush_Why3_ide_VCfwrite_noflush_loop_assign_part214_goal178,False
data/why3/frama_c/klibc_stdio/fwrite_noflush_Why3_ide.mlw,fwrite_noflush_Why3_ide_VCfwrite_noflush_loop_assign_part215_goal179,True
data/why3/frama_c/klibc_stdio/fwrite_noflush_Why3_ide.mlw,fwrite_noflush_Why3_ide_VCfwrite_noflush_loop_assign_part217_goal180,True
data/why3/frama_c/klibc_stdio/fwrite_noflush_Why3_ide.mlw,fwrite_noflush_Why3_ide_VCfwrite_noflush_loop_assign_part218_goal181,True
data/why3/frama_c/klibc_stdio/fwrite_noflush_Why3_ide.mlw,fwrite_noflush_Why3_ide_VCfwrite_noflush_loop_assign_part219_goal182,False
data/why3/frama_c/klibc_stdio/fwrite_noflush_Why3_ide.mlw,fwrite_noflush_Why3_ide_VCfwrite_noflush_loop_assign_part221_goal183,False
data/why3/frama_c/klibc_stdio/fwrite_noflush_Why3_ide.mlw,fwrite_noflush_Why3_ide_VCfwrite_noflush_loop_assign_part222_goal184,False
data/why3/frama_c/klibc_stdio/fwrite_noflush_Why3_ide.mlw,fwrite_noflush_Why3_ide_VCfwrite_noflush_assign_exit_part02_goal185,False
data/why3/frama_c/klibc_stdio/fwrite_noflush_Why3_ide.mlw,fwrite_noflush_Why3_ide_VCfwrite_noflush_assign_exit_part03_goal186,False
data/why3/frama_c/klibc_stdio/fwrite_noflush_Why3_ide.mlw,fwrite_noflush_Why3_ide_VCfwrite_noflush_assign_exit_part04_goal187,True
data/why3/frama_c/klibc_stdio/fwrite_noflush_Why3_ide.mlw,fwrite_noflush_Why3_ide_VCfwrite_noflush_assign_exit_part05_goal188,False
data/why3/frama_c/klibc_stdio/fwrite_noflush_Why3_ide.mlw,fwrite_noflush_Why3_ide_VCfwrite_noflush_assign_normal_part02_goal189,False
data/why3/frama_c/klibc_stdio/fwrite_noflush_Why3_ide.mlw,fwrite_noflush_Why3_ide_VCfwrite_noflush_assign_normal_part03_goal190,False
data/why3/frama_c/klibc_stdio/fwrite_noflush_Why3_ide.mlw,fwrite_noflush_Why3_ide_VCfwrite_noflush_assign_normal_part04_goal191,True
data/why3/frama_c/klibc_stdio/fwrite_noflush_Why3_ide.mlw,fwrite_noflush_Why3_ide_VCfwrite_noflush_assign_normal_part05_goal192,False
data/why3/frama_c/klibc_stdio/fwrite_noflush_Why3_ide.mlw,fwrite_noflush_Why3_ide_VCfwrite_noflush_loop_term_decrease_part01_goal193,False
data/why3/frama_c/klibc_stdio/fwrite_noflush_Why3_ide.mlw,fwrite_noflush_Why3_ide_VCfwrite_noflush_loop_term_decrease_part02_goal194,False
data/why3/frama_c/klibc_stdio/fwrite_noflush_Why3_ide.mlw,fwrite_noflush_Why3_ide_VCfwrite_noflush_loop_term_decrease_part03_goal195,True
data/why3/frama_c/klibc_stdio/fwrite_noflush_Why3_ide.mlw,fwrite_noflush_Why3_ide_VCfwrite_noflush_loop_term_decrease_part04_goal196,True
data/why3/frama_c/klibc_stdio/fwrite_noflush_Why3_ide.mlw,fwrite_noflush_Why3_ide_VCfwrite_noflush_loop_term_decrease_part08_goal197,True
data/why3/frama_c/klibc_stdio/fwrite_noflush_Why3_ide.mlw,fwrite_noflush_Why3_ide_VCfwrite_noflush_loop_term_decrease_part10_goal198,False
data/why3/frama_c/klibc_stdio/fwrite_noflush_Why3_ide.mlw,fwrite_noflush_Why3_ide_VCfwrite_noflush_loop_term_decrease_part11_goal199,False
data/why3/frama_c/klibc_stdio/fwrite_noflush_Why3_ide.mlw,fwrite_noflush_Why3_ide_VCfwrite_noflush_loop_term_decrease_part12_goal200,True
data/why3/frama_c/klibc_stdio/fwrite_noflush_Why3_ide.mlw,fwrite_noflush_Why3_ide_VCfwrite_noflush_loop_term_decrease_part13_goal201,True
data/why3/frama_c/klibc_stdio/fwrite_noflush_Why3_ide.mlw,fwrite_noflush_Why3_ide_VCfwrite_noflush_loop_term_decrease_part14_goal202,True
data/why3/frama_c/klibc_stdio/fwrite_noflush_Why3_ide.mlw,fwrite_noflush_Why3_ide_VCfwrite_noflush_loop_term_decrease_part15_goal203,True
data/why3/frama_c/klibc_stdio/fwrite_noflush_Why3_ide.mlw,fwrite_noflush_Why3_ide_VCfwrite_noflush_loop_term_decrease_part19_goal204,True
data/why3/frama_c/klibc_stdio/fwrite_noflush_Why3_ide.mlw,fwrite_noflush_Why3_ide_VCfwrite_noflush_loop_term_decrease_part21_goal205,True
data/why3/frama_c/klibc_stdio/fwrite_noflush_Why3_ide.mlw,fwrite_noflush_Why3_ide_VCfwrite_noflush_loop_term_decrease_part22_goal206,True
data/why3/frama_c/klibc_stdio/fwrite_noflush_Why3_ide.mlw,fwrite_noflush_Why3_ide_VCfwrite_noflush_loop_term_decrease_part23_goal207,False
data/why3/frama_c/klibc_stdio/fwrite_noflush_Why3_ide.mlw,fwrite_noflush_Why3_ide_VCfwrite_noflush_loop_term_decrease_part24_goal208,False
data/why3/frama_c/klibc_stdio/fwrite_noflush_Why3_ide.mlw,fwrite_noflush_Why3_ide_VCfwrite_noflush_loop_term_decrease_part25_goal209,True
data/why3/frama_c/klibc_stdio/fwrite_noflush_Why3_ide.mlw,fwrite_noflush_Why3_ide_VCfwrite_noflush_loop_term_decrease_part26_goal210,True
data/why3/frama_c/klibc_stdio/fwrite_noflush_Why3_ide.mlw,fwrite_noflush_Why3_ide_VCfwrite_noflush_loop_term_decrease_part30_goal211,True
data/why3/frama_c/klibc_stdio/fwrite_noflush_Why3_ide.mlw,fwrite_noflush_Why3_ide_VCfwrite_noflush_loop_term_decrease_part32_goal212,True
data/why3/frama_c/klibc_stdio/fwrite_noflush_Why3_ide.mlw,fwrite_noflush_Why3_ide_VCfwrite_noflush_loop_term_decrease_part33_goal213,True
data/why3/frama_c/klibc_stdio/fwrite_noflush_Why3_ide.mlw,fwrite_noflush_Why3_ide_VCfwrite_noflush_call___fflush_pre_part1_goal214,False
data/why3/frama_c/klibc_stdio/fwrite_noflush_Why3_ide.mlw,fwrite_noflush_Why3_ide_VCfwrite_noflush_call___fflush_pre_part2_goal215,False
data/why3/frama_c/klibc_stdio/fwrite_noflush_Why3_ide.mlw,fwrite_noflush_Why3_ide_VCfwrite_noflush_call_write_pre_part1_goal216,True
data/why3/frama_c/klibc_stdio/fwrite_noflush_Why3_ide.mlw,fwrite_noflush_Why3_ide_VCfwrite_noflush_call_write_pre_part2_goal217,True
data/why3/frama_c/klibc_stdio/fwrite_noflush_Why3_ide.mlw,fwrite_noflush_Why3_ide_VCfwrite_noflush_call_write_pre_part3_goal218,True
data/why3/frama_c/klibc_stdio/fwrite_noflush_Why3_ide.mlw,fwrite_noflush_Why3_ide_VCfwrite_noflush_call_write_pre_2_part1_goal219,False
data/why3/frama_c/klibc_stdio/fwrite_noflush_Why3_ide.mlw,fwrite_noflush_Why3_ide_VCfwrite_noflush_call_write_pre_2_part2_goal220,True
data/why3/frama_c/klibc_stdio/fwrite_noflush_Why3_ide.mlw,fwrite_noflush_Why3_ide_VCfwrite_noflush_call_write_pre_2_part3_goal221,False
data/why3/frama_c/klibc_stdio/fwrite_noflush_Why3_ide.mlw,fwrite_noflush_Why3_ide_VCfwrite_noflush_call_memcpy_pre_part01_goal222,False
data/why3/frama_c/klibc_stdio/fwrite_noflush_Why3_ide.mlw,fwrite_noflush_Why3_ide_VCfwrite_noflush_call_memcpy_pre_part03_goal223,False
data/why3/frama_c/klibc_stdio/fwrite_noflush_Why3_ide.mlw,fwrite_noflush_Why3_ide_VCfwrite_noflush_call_memcpy_pre_part04_goal224,False
data/why3/frama_c/klibc_stdio/fwrite_noflush_Why3_ide.mlw,fwrite_noflush_Why3_ide_VCfwrite_noflush_call_memcpy_pre_part05_goal225,True
data/why3/frama_c/klibc_stdio/fwrite_noflush_Why3_ide.mlw,fwrite_noflush_Why3_ide_VCfwrite_noflush_call_memcpy_pre_part07_goal226,True
data/why3/frama_c/klibc_stdio/fwrite_noflush_Why3_ide.mlw,fwrite_noflush_Why3_ide_VCfwrite_noflush_call_memcpy_pre_part08_goal227,True
data/why3/frama_c/klibc_stdio/fwrite_noflush_Why3_ide.mlw,fwrite_noflush_Why3_ide_VCfwrite_noflush_call_memcpy_pre_part09_goal228,False
data/why3/frama_c/klibc_stdio/fwrite_noflush_Why3_ide.mlw,fwrite_noflush_Why3_ide_VCfwrite_noflush_call_memcpy_pre_part11_goal229,False
data/why3/frama_c/klibc_stdio/fwrite_noflush_Why3_ide.mlw,fwrite_noflush_Why3_ide_VCfwrite_noflush_call_memcpy_pre_part12_goal230,False
data/why3/frama_c/klibc_stdio/fwrite_noflush_Why3_ide.mlw,fwrite_noflush_Why3_ide_VCfwrite_noflush_call_memcpy_pre_3_part01_goal231,True
data/why3/frama_c/klibc_stdio/fwrite_noflush_Why3_ide.mlw,fwrite_noflush_Why3_ide_VCfwrite_noflush_call_memcpy_pre_3_part03_goal232,False
data/why3/frama_c/klibc_stdio/fwrite_noflush_Why3_ide.mlw,fwrite_noflush_Why3_ide_VCfwrite_noflush_call_memcpy_pre_3_part04_goal233,False
data/why3/frama_c/klibc_stdio/fwrite_noflush_Why3_ide.mlw,fwrite_noflush_Why3_ide_VCfwrite_noflush_call_memcpy_pre_3_part05_goal234,True
data/why3/frama_c/klibc_stdio/fwrite_noflush_Why3_ide.mlw,fwrite_noflush_Why3_ide_VCfwrite_noflush_call_memcpy_pre_3_part07_goal235,True
data/why3/frama_c/klibc_stdio/fwrite_noflush_Why3_ide.mlw,fwrite_noflush_Why3_ide_VCfwrite_noflush_call_memcpy_pre_3_part08_goal236,True
data/why3/frama_c/klibc_stdio/fwrite_noflush_Why3_ide.mlw,fwrite_noflush_Why3_ide_VCfwrite_noflush_call_memcpy_pre_3_part09_goal237,True
data/why3/frama_c/klibc_stdio/fwrite_noflush_Why3_ide.mlw,fwrite_noflush_Why3_ide_VCfwrite_noflush_call_memcpy_pre_3_part11_goal238,True
data/why3/frama_c/klibc_stdio/fwrite_noflush_Why3_ide.mlw,fwrite_noflush_Why3_ide_VCfwrite_noflush_call_memcpy_pre_3_part12_goal239,True
data/why3/frama_c/klibc_stdio/fwrite_noflush_Why3_ide.mlw,fwrite_noflush_Why3_ide_VCfwrite_noflush_call_memcpy_pre_4_part01_goal240,False
data/why3/frama_c/klibc_stdio/fwrite_noflush_Why3_ide.mlw,fwrite_noflush_Why3_ide_VCfwrite_noflush_call_memcpy_pre_4_part03_goal241,False
data/why3/frama_c/klibc_stdio/fwrite_noflush_Why3_ide.mlw,fwrite_noflush_Why3_ide_VCfwrite_noflush_call_memcpy_pre_4_part04_goal242,False
data/why3/frama_c/klibc_stdio/fwrite_noflush_Why3_ide.mlw,fwrite_noflush_Why3_ide_VCfwrite_noflush_call_memcpy_pre_4_part05_goal243,True
data/why3/frama_c/klibc_stdio/fwrite_noflush_Why3_ide.mlw,fwrite_noflush_Why3_ide_VCfwrite_noflush_call_memcpy_pre_4_part07_goal244,True
data/why3/frama_c/klibc_stdio/fwrite_noflush_Why3_ide.mlw,fwrite_noflush_Why3_ide_VCfwrite_noflush_call_memcpy_pre_4_part08_goal245,True
data/why3/frama_c/klibc_stdio/fwrite_noflush_Why3_ide.mlw,fwrite_noflush_Why3_ide_VCfwrite_noflush_call_memcpy_pre_4_part09_goal246,False
data/why3/frama_c/klibc_stdio/fwrite_noflush_Why3_ide.mlw,fwrite_noflush_Why3_ide_VCfwrite_noflush_call_memcpy_pre_4_part11_goal247,False
data/why3/frama_c/klibc_stdio/fwrite_noflush_Why3_ide.mlw,fwrite_noflush_Why3_ide_VCfwrite_noflush_call_memcpy_pre_4_part12_goal248,False
data/why3/frama_c/klibc_stdio/rewind_Why3_ide.mlw,rewind_Why3_ide_VCrewind_assign_exit_part1_goal0,True
data/why3/frama_c/klibc_stdio/rewind_Why3_ide.mlw,rewind_Why3_ide_VCrewind_assign_exit_part2_goal1,True
data/why3/frama_c/klibc_stdio/rewind_Why3_ide.mlw,rewind_Why3_ide_VCrewind_assign_exit_part3_goal2,False
data/why3/frama_c/klibc_stdio/rewind_Why3_ide.mlw,rewind_Why3_ide_VCrewind_assign_exit_part4_goal3,False
data/why3/frama_c/klibc_stdio/rewind_Why3_ide.mlw,rewind_Why3_ide_VCrewind_assign_exit_part5_goal4,False
data/why3/frama_c/klibc_stdio/rewind_Why3_ide.mlw,rewind_Why3_ide_VCrewind_assign_exit_part6_goal5,False
data/why3/frama_c/klibc_stdio/rewind_Why3_ide.mlw,rewind_Why3_ide_VCrewind_assign_normal_part1_goal6,True
data/why3/frama_c/klibc_stdio/rewind_Why3_ide.mlw,rewind_Why3_ide_VCrewind_assign_normal_part2_goal7,True
data/why3/frama_c/klibc_stdio/rewind_Why3_ide.mlw,rewind_Why3_ide_VCrewind_assign_normal_part3_goal8,False
data/why3/frama_c/klibc_stdio/rewind_Why3_ide.mlw,rewind_Why3_ide_VCrewind_assign_normal_part4_goal9,False
data/why3/frama_c/klibc_stdio/rewind_Why3_ide.mlw,rewind_Why3_ide_VCrewind_assign_normal_part5_goal10,False
data/why3/frama_c/klibc_stdio/rewind_Why3_ide.mlw,rewind_Why3_ide_VCrewind_assign_normal_part6_goal11,False
data/why3/frama_c/klibc_stdio/rewind_Why3_ide.mlw,rewind_Why3_ide_VCrewind_assign_normal_part8_goal12,True
data/why3/frama_c/klibc_stdio/rewind_Why3_ide.mlw,rewind_Why3_ide_VCrewind_call_fseek_pre_goal13,False
data/why3/frama_c/klibc_stdio/rewind_Why3_ide.mlw,rewind_Why3_ide_VCrewind_call_fseek_pre_2_goal14,False
data/why3/frama_c/klibc_stdio/ungetc_Why3_ide.mlw,ungetc_Why3_ide_VCungetc_complete_success_fail_goal0,False
data/why3/frama_c/klibc_stdio/ungetc_Why3_ide.mlw,ungetc_Why3_ide_VCungetc_disjoint_success_fail_goal1,False
data/why3/frama_c/klibc_stdio/ungetc_Why3_ide.mlw,ungetc_Why3_ide_VCungetc_fail_post_part3_goal2,False
data/why3/frama_c/klibc_stdio/ungetc_Why3_ide.mlw,ungetc_Why3_ide_VCungetc_fail_assign_part3_goal3,False
data/why3/frama_c/klibc_stdio/ungetc_Why3_ide.mlw,ungetc_Why3_ide_VCungetc_fail_assign_part4_goal4,False
data/why3/frama_c/klibc_stdio/ungetc_Why3_ide.mlw,ungetc_Why3_ide_VCungetc_fail_assign_part5_goal5,False
data/why3/frama_c/klibc_stdio/ungetc_Why3_ide.mlw,ungetc_Why3_ide_VCungetc_success_post_part1_goal6,False
data/why3/frama_c/klibc_stdio/ungetc_Why3_ide.mlw,ungetc_Why3_ide_VCungetc_success_post_part2_goal7,False
data/why3/frama_c/klibc_stdio/ungetc_Why3_ide.mlw,ungetc_Why3_ide_VCungetc_success_post_part3_goal8,False
data/why3/frama_c/klibc_stdio/ungetc_Why3_ide.mlw,ungetc_Why3_ide_VCungetc_success_post_2_part1_goal9,False
data/why3/frama_c/klibc_stdio/ungetc_Why3_ide.mlw,ungetc_Why3_ide_VCungetc_success_post_2_part2_goal10,False
data/why3/frama_c/klibc_stdio/ungetc_Why3_ide.mlw,ungetc_Why3_ide_VCungetc_success_post_2_part3_goal11,False
data/why3/frama_c/klibc_stdio/ungetc_Why3_ide.mlw,ungetc_Why3_ide_VCungetc_success_post_3_part1_goal12,False
data/why3/frama_c/klibc_stdio/ungetc_Why3_ide.mlw,ungetc_Why3_ide_VCungetc_success_post_3_part2_goal13,False
data/why3/frama_c/klibc_stdio/ungetc_Why3_ide.mlw,ungetc_Why3_ide_VCungetc_success_post_3_part3_goal14,False
data/why3/frama_c/klibc_stdio/ungetc_Why3_ide.mlw,ungetc_Why3_ide_VCungetc_success_post_4_part1_goal15,False
data/why3/frama_c/klibc_stdio/ungetc_Why3_ide.mlw,ungetc_Why3_ide_VCungetc_success_post_4_part2_goal16,False
data/why3/frama_c/klibc_stdio/ungetc_Why3_ide.mlw,ungetc_Why3_ide_VCungetc_success_assign_part3_goal17,False
data/why3/frama_c/klibc_stdio/ungetc_Why3_ide.mlw,ungetc_Why3_ide_VCungetc_success_assign_part4_goal18,False
data/why3/frama_c/klibc_stdio/ungetc_Why3_ide.mlw,ungetc_Why3_ide_VCungetc_success_assign_part5_goal19,False
data/why3/frama_c/klibc_stdio/zalloc_Why3_ide.mlw,zalloc_Why3_ide_VCzalloc_complete_nonzero_zero_goal0,True
data/why3/frama_c/klibc_stdio/zalloc_Why3_ide.mlw,zalloc_Why3_ide_VCzalloc_disjoint_nonzero_zero_goal1,True
data/why3/frama_c/klibc_stdio/zalloc_Why3_ide.mlw,zalloc_Why3_ide_VCzalloc_assign_exit_part3_goal2,False
data/why3/frama_c/klibc_stdio/zalloc_Why3_ide.mlw,zalloc_Why3_ide_VCzalloc_assign_normal_part3_goal3,False
data/why3/frama_c/klibc_stdio/zalloc_Why3_ide.mlw,zalloc_Why3_ide_VCzalloc_call_memset_pre_2_goal4,True
data/why3/frama_c/klibc_stdio/zalloc_Why3_ide.mlw,zalloc_Why3_ide_VCzalloc_nonzero_post_part1_goal5,False
data/why3/frama_c/klibc_stdio/zalloc_Why3_ide.mlw,zalloc_Why3_ide_VCzalloc_nonzero_post_2_part1_goal6,True
