data/why3/frama_c/verker/__tolower_Why3_ide.mlw,__tolower_Why3_ide_VC__tolower_post_goal0,False
data/why3/frama_c/verker/__toupper_Why3_ide.mlw,__toupper_Why3_ide_VC__toupper_post_goal0,False
data/why3/frama_c/verker/_parse_integer_Why3_ide.mlw,_parse_integer_Why3_ide_VC_parse_integer_call_div_u64_pre_goal0,True
data/why3/frama_c/verker/_parse_integer_fixup_radix_Why3_ide.mlw,_parse_integer_fixup_radix_Why3_ide_VC_parse_integer_fixup_radix_assign_exit_part1_goal0,False
data/why3/frama_c/verker/_parse_integer_fixup_radix_Why3_ide.mlw,_parse_integer_fixup_radix_Why3_ide_VC_parse_integer_fixup_radix_assign_exit_part2_goal1,False
data/why3/frama_c/verker/_parse_integer_fixup_radix_Why3_ide.mlw,_parse_integer_fixup_radix_Why3_ide_VC_parse_integer_fixup_radix_assign_exit_part7_goal2,False
data/why3/frama_c/verker/_parse_integer_fixup_radix_Why3_ide.mlw,_parse_integer_fixup_radix_Why3_ide_VC_parse_integer_fixup_radix_assign_normal_part1_goal3,False
data/why3/frama_c/verker/_parse_integer_fixup_radix_Why3_ide.mlw,_parse_integer_fixup_radix_Why3_ide_VC_parse_integer_fixup_radix_assign_normal_part2_goal4,False
data/why3/frama_c/verker/_parse_integer_fixup_radix_Why3_ide.mlw,_parse_integer_fixup_radix_Why3_ide_VC_parse_integer_fixup_radix_assign_normal_part7_goal5,False
data/why3/frama_c/verker/_parse_integer_fixup_radix_Why3_ide.mlw,_parse_integer_fixup_radix_Why3_ide_VC_parse_integer_fixup_radix_guess_post_goal6,False
data/why3/frama_c/verker/_parse_integer_fixup_radix_Why3_ide.mlw,_parse_integer_fixup_radix_Why3_ide_VC_parse_integer_fixup_radix_guess_post_2_goal7,False
data/why3/frama_c/verker/_parse_integer_fixup_radix_Why3_ide.mlw,_parse_integer_fixup_radix_Why3_ide_VC_parse_integer_fixup_radix_guess_post_3_goal8,False
data/why3/frama_c/verker/_parse_integer_fixup_radix_Why3_ide.mlw,_parse_integer_fixup_radix_Why3_ide_VC_parse_integer_fixup_radix_guess_post_4_goal9,False
data/why3/frama_c/verker/_parse_integer_fixup_radix_Why3_ide.mlw,_parse_integer_fixup_radix_Why3_ide_VC_parse_integer_fixup_radix_guess_post_5_goal10,False
data/why3/frama_c/verker/_tolower_Why3_ide.mlw,_tolower_Why3_ide_VC_tolower_post_goal0,False
data/why3/frama_c/verker/bsearch_Why3_ide.mlw,bsearch_Why3_ide_VCbsearch_assign_exit_part1_goal0,False
data/why3/frama_c/verker/bsearch_Why3_ide.mlw,bsearch_Why3_ide_VCbsearch_assign_exit_part2_goal1,False
data/why3/frama_c/verker/bsearch_Why3_ide.mlw,bsearch_Why3_ide_VCbsearch_assign_normal_part1_goal2,False
data/why3/frama_c/verker/bsearch_Why3_ide.mlw,bsearch_Why3_ide_VCbsearch_assign_normal_part2_goal3,False
data/why3/frama_c/verker/check_bytes8_Why3_ide.mlw,check_bytes8_Why3_ide_VCcheck_bytes8_post_goal0,False
data/why3/frama_c/verker/check_bytes8_Why3_ide.mlw,check_bytes8_Why3_ide_VCcheck_bytes8_loop_inv_preserved_goal1,True
data/why3/frama_c/verker/check_bytes8_Why3_ide.mlw,check_bytes8_Why3_ide_VCcheck_bytes8_loop_inv_established_goal2,True
data/why3/frama_c/verker/check_bytes8_Why3_ide.mlw,check_bytes8_Why3_ide_VCcheck_bytes8_loop_inv_2_preserved_goal3,False
data/why3/frama_c/verker/check_bytes8_Why3_ide.mlw,check_bytes8_Why3_ide_VCcheck_bytes8_loop_inv_2_established_goal4,True
data/why3/frama_c/verker/check_bytes8_Why3_ide.mlw,check_bytes8_Why3_ide_VCcheck_bytes8_loop_inv_3_preserved_goal5,True
data/why3/frama_c/verker/check_bytes8_Why3_ide.mlw,check_bytes8_Why3_ide_VCcheck_bytes8_loop_inv_4_preserved_goal6,False
data/why3/frama_c/verker/check_bytes8_Why3_ide.mlw,check_bytes8_Why3_ide_VCcheck_bytes8_loop_inv_4_established_goal7,False
data/why3/frama_c/verker/check_bytes8_Why3_ide.mlw,check_bytes8_Why3_ide_VCcheck_bytes8_loop_inv_5_preserved_goal8,True
data/why3/frama_c/verker/check_bytes8_Why3_ide.mlw,check_bytes8_Why3_ide_VCcheck_bytes8_assert_2_goal9,True
data/why3/frama_c/verker/check_bytes8_Why3_ide.mlw,check_bytes8_Why3_ide_VCcheck_bytes8_loop_term_decrease_goal10,True
data/why3/frama_c/verker/check_bytes8_Why3_ide.mlw,check_bytes8_Why3_ide_VCcheck_bytes8_found_post_goal11,False
data/why3/frama_c/verker/check_bytes8_Why3_ide.mlw,check_bytes8_Why3_ide_VCcheck_bytes8_found_post_2_goal12,False
data/why3/frama_c/verker/check_bytes8_Why3_ide.mlw,check_bytes8_Why3_ide_VCcheck_bytes8_found_post_3_goal13,False
data/why3/frama_c/verker/check_bytes8_Why3_ide.mlw,check_bytes8_Why3_ide_VCcheck_bytes8_not_exists_post_goal14,False
data/why3/frama_c/verker/div_u64_rem_0_Why3_ide.mlw,div_u64_rem_0_Why3_ide_VCdiv_u64_rem_0_post_goal0,True
data/why3/frama_c/verker/div_u64_rem_0_Why3_ide.mlw,div_u64_rem_0_Why3_ide_VCdiv_u64_rem_0_post_2_goal1,True
data/why3/frama_c/verker/div_u64_rem_Why3_ide.mlw,div_u64_rem_Why3_ide_VCdiv_u64_rem_post_goal0,True
data/why3/frama_c/verker/div_u64_rem_Why3_ide.mlw,div_u64_rem_Why3_ide_VCdiv_u64_rem_post_2_goal1,True
data/why3/frama_c/verker/hex2bin_Why3_ide.mlw,hex2bin_Why3_ide_VChex2bin_loop_inv_preserved_goal0,True
data/why3/frama_c/verker/hex2bin_Why3_ide.mlw,hex2bin_Why3_ide_VChex2bin_loop_inv_established_goal1,True
data/why3/frama_c/verker/hex2bin_Why3_ide.mlw,hex2bin_Why3_ide_VChex2bin_loop_inv_2_preserved_goal2,False
data/why3/frama_c/verker/hex2bin_Why3_ide.mlw,hex2bin_Why3_ide_VChex2bin_loop_inv_2_established_goal3,True
data/why3/frama_c/verker/hex2bin_Why3_ide.mlw,hex2bin_Why3_ide_VChex2bin_loop_inv_3_preserved_goal4,True
data/why3/frama_c/verker/hex2bin_Why3_ide.mlw,hex2bin_Why3_ide_VChex2bin_loop_inv_4_preserved_goal5,True
data/why3/frama_c/verker/hex2bin_Why3_ide.mlw,hex2bin_Why3_ide_VChex2bin_loop_inv_4_established_goal6,True
data/why3/frama_c/verker/hex2bin_Why3_ide.mlw,hex2bin_Why3_ide_VChex2bin_loop_inv_5_preserved_goal7,True
data/why3/frama_c/verker/hex2bin_Why3_ide.mlw,hex2bin_Why3_ide_VChex2bin_loop_inv_6_preserved_goal8,False
data/why3/frama_c/verker/hex2bin_Why3_ide.mlw,hex2bin_Why3_ide_VChex2bin_loop_inv_6_established_goal9,False
data/why3/frama_c/verker/hex2bin_Why3_ide.mlw,hex2bin_Why3_ide_VChex2bin_assert_goal10,True
data/why3/frama_c/verker/hex2bin_Why3_ide.mlw,hex2bin_Why3_ide_VChex2bin_assert_2_goal11,False
data/why3/frama_c/verker/hex2bin_Why3_ide.mlw,hex2bin_Why3_ide_VChex2bin_assert_3_goal12,False
data/why3/frama_c/verker/hex2bin_Why3_ide.mlw,hex2bin_Why3_ide_VChex2bin_assert_5_goal13,True
data/why3/frama_c/verker/hex2bin_Why3_ide.mlw,hex2bin_Why3_ide_VChex2bin_loop_assign_part8_goal14,False
data/why3/frama_c/verker/hex2bin_Why3_ide.mlw,hex2bin_Why3_ide_VChex2bin_loop_assign_part9_goal15,True
data/why3/frama_c/verker/hex2bin_Why3_ide.mlw,hex2bin_Why3_ide_VChex2bin_loop_term_decrease_goal16,True
data/why3/frama_c/verker/hex2bin_Why3_ide.mlw,hex2bin_Why3_ide_VChex2bin_err_fail_post_goal17,False
data/why3/frama_c/verker/hex2bin_Why3_ide.mlw,hex2bin_Why3_ide_VChex2bin_err_ok_post_goal18,False
data/why3/frama_c/verker/hex_to_bin_Why3_ide.mlw,hex_to_bin_Why3_ide_VChex_to_bin_assign_exit_goal0,False
data/why3/frama_c/verker/hex_to_bin_Why3_ide.mlw,hex_to_bin_Why3_ide_VChex_to_bin_assign_normal_part2_goal1,False
data/why3/frama_c/verker/hex_to_bin_Why3_ide.mlw,hex_to_bin_Why3_ide_VChex_to_bin_fail_post_goal2,True
data/why3/frama_c/verker/hex_to_bin_Why3_ide.mlw,hex_to_bin_Why3_ide_VChex_to_bin_to_digit_post_goal3,True
data/why3/frama_c/verker/hex_to_bin_Why3_ide.mlw,hex_to_bin_Why3_ide_VChex_to_bin_to_digit_post_2_goal4,True
data/why3/frama_c/verker/int_sqrt_Why3_ide.mlw,int_sqrt_Why3_ide_VCint_sqrt_assign_part3_goal0,False
data/why3/frama_c/verker/int_sqrt_Why3_ide.mlw,int_sqrt_Why3_ide_VCint_sqrt_loop_term_decrease_goal1,False
data/why3/frama_c/verker/int_sqrt_Why3_ide.mlw,int_sqrt_Why3_ide_VCint_sqrt_loop_term_positive_goal2,True
data/why3/frama_c/verker/isalnum_Why3_ide.mlw,isalnum_Why3_ide_VCisalnum_post_goal0,False
data/why3/frama_c/verker/isalpha_Why3_ide.mlw,isalpha_Why3_ide_VCisalpha_post_goal0,False
data/why3/frama_c/verker/isascii_Why3_ide.mlw,isascii_Why3_ide_VCisascii_post_goal0,True
data/why3/frama_c/verker/isdigit_Why3_ide.mlw,isdigit_Why3_ide_VCisdigit_post_goal0,True
data/why3/frama_c/verker/islower_Why3_ide.mlw,islower_Why3_ide_VCislower_post_goal0,False
data/why3/frama_c/verker/isodigit_Why3_ide.mlw,isodigit_Why3_ide_VCisodigit_post_goal0,True
data/why3/frama_c/verker/isspace_Why3_ide.mlw,isspace_Why3_ide_VCisspace_post_goal0,False
data/why3/frama_c/verker/isupper_Why3_ide.mlw,isupper_Why3_ide_VCisupper_post_goal0,False
data/why3/frama_c/verker/isxdigit_Why3_ide.mlw,isxdigit_Why3_ide_VCisxdigit_post_goal0,False
data/why3/frama_c/verker/kstrtobool_Why3_ide.mlw,kstrtobool_Why3_ide_VCkstrtobool_complete_CORRECT_INVAL_goal0,True
data/why3/frama_c/verker/kstrtobool_Why3_ide.mlw,kstrtobool_Why3_ide_VCkstrtobool_disjoint_CORRECT_INVAL_goal1,True
data/why3/frama_c/verker/kstrtobool_Why3_ide.mlw,kstrtobool_Why3_ide_VCkstrtobool_CORRECT_post_part2_goal2,True
data/why3/frama_c/verker/kstrtobool_Why3_ide.mlw,kstrtobool_Why3_ide_VCkstrtobool_CORRECT_post_part3_goal3,True
data/why3/frama_c/verker/kstrtobool_Why3_ide.mlw,kstrtobool_Why3_ide_VCkstrtobool_CORRECT_post_part5_goal4,True
data/why3/frama_c/verker/kstrtobool_Why3_ide.mlw,kstrtobool_Why3_ide_VCkstrtobool_CORRECT_post_part7_goal5,True
data/why3/frama_c/verker/kstrtobool_Why3_ide.mlw,kstrtobool_Why3_ide_VCkstrtobool_CORRECT_post_2_part2_goal6,True
data/why3/frama_c/verker/kstrtobool_Why3_ide.mlw,kstrtobool_Why3_ide_VCkstrtobool_CORRECT_post_2_part3_goal7,True
data/why3/frama_c/verker/kstrtobool_Why3_ide.mlw,kstrtobool_Why3_ide_VCkstrtobool_CORRECT_post_2_part4_goal8,True
data/why3/frama_c/verker/kstrtobool_Why3_ide.mlw,kstrtobool_Why3_ide_VCkstrtobool_CORRECT_post_2_part6_goal9,True
data/why3/frama_c/verker/kstrtobool_Why3_ide.mlw,kstrtobool_Why3_ide_VCkstrtobool_CORRECT_post_3_part2_goal10,True
data/why3/frama_c/verker/kstrtobool_Why3_ide.mlw,kstrtobool_Why3_ide_VCkstrtobool_CORRECT_post_3_part3_goal11,True
data/why3/frama_c/verker/kstrtobool_Why3_ide.mlw,kstrtobool_Why3_ide_VCkstrtobool_INVAL_post_part4_goal12,True
data/why3/frama_c/verker/kstrtobool_Why3_ide.mlw,kstrtobool_Why3_ide_VCkstrtobool_INVAL_post_part5_goal13,True
data/why3/frama_c/verker/kstrtobool_Why3_ide.mlw,kstrtobool_Why3_ide_VCkstrtobool_INVAL_post_part6_goal14,True
data/why3/frama_c/verker/kstrtobool_Why3_ide.mlw,kstrtobool_Why3_ide_VCkstrtobool_INVAL_post_part7_goal15,True
data/why3/frama_c/verker/kstrtobool_Why3_ide.mlw,kstrtobool_Why3_ide_VCkstrtobool_INVAL_assign_part02_goal16,True
data/why3/frama_c/verker/kstrtobool_Why3_ide.mlw,kstrtobool_Why3_ide_VCkstrtobool_INVAL_assign_part04_goal17,True
data/why3/frama_c/verker/kstrtobool_Why3_ide.mlw,kstrtobool_Why3_ide_VCkstrtobool_INVAL_assign_part06_goal18,True
data/why3/frama_c/verker/kstrtobool_Why3_ide.mlw,kstrtobool_Why3_ide_VCkstrtobool_INVAL_assign_part08_goal19,True
data/why3/frama_c/verker/match_string_Why3_ide.mlw,match_string_Why3_ide_VCmatch_string_loop_inv_preserved_goal0,False
data/why3/frama_c/verker/match_string_Why3_ide.mlw,match_string_Why3_ide_VCmatch_string_loop_inv_established_goal1,False
data/why3/frama_c/verker/match_string_Why3_ide.mlw,match_string_Why3_ide_VCmatch_string_loop_inv_2_preserved_goal2,True
data/why3/frama_c/verker/match_string_Why3_ide.mlw,match_string_Why3_ide_VCmatch_string_loop_inv_3_preserved_goal3,True
data/why3/frama_c/verker/match_string_Why3_ide.mlw,match_string_Why3_ide_VCmatch_string_assert_goal4,False
data/why3/frama_c/verker/match_string_Why3_ide.mlw,match_string_Why3_ide_VCmatch_string_assert_2_goal5,False
data/why3/frama_c/verker/match_string_Why3_ide.mlw,match_string_Why3_ide_VCmatch_string_loop_term_positive_goal6,True
data/why3/frama_c/verker/match_string_Why3_ide.mlw,match_string_Why3_ide_VCmatch_string_exists_post_goal7,False
data/why3/frama_c/verker/match_string_Why3_ide.mlw,match_string_Why3_ide_VCmatch_string_exists_post_2_goal8,True
data/why3/frama_c/verker/match_string_Why3_ide.mlw,match_string_Why3_ide_VCmatch_string_exists_post_3_goal9,True
data/why3/frama_c/verker/match_string_Why3_ide.mlw,match_string_Why3_ide_VCmatch_string_exists_post_4_goal10,True
data/why3/frama_c/verker/match_string_Why3_ide.mlw,match_string_Why3_ide_VCmatch_string_missing_post_goal11,False
data/why3/frama_c/verker/memchr_Why3_ide.mlw,memchr_Why3_ide_VCmemchr_complete_not_exists_found_goal0,False
data/why3/frama_c/verker/memchr_Why3_ide.mlw,memchr_Why3_ide_VCmemchr_disjoint_not_exists_found_goal1,False
data/why3/frama_c/verker/memchr_Why3_ide.mlw,memchr_Why3_ide_VCmemchr_loop_inv_preserved_goal2,True
data/why3/frama_c/verker/memchr_Why3_ide.mlw,memchr_Why3_ide_VCmemchr_loop_inv_established_goal3,True
data/why3/frama_c/verker/memchr_Why3_ide.mlw,memchr_Why3_ide_VCmemchr_loop_inv_2_preserved_goal4,False
data/why3/frama_c/verker/memchr_Why3_ide.mlw,memchr_Why3_ide_VCmemchr_loop_inv_2_established_goal5,False
data/why3/frama_c/verker/memchr_Why3_ide.mlw,memchr_Why3_ide_VCmemchr_loop_inv_3_preserved_goal6,False
data/why3/frama_c/verker/memchr_Why3_ide.mlw,memchr_Why3_ide_VCmemchr_loop_inv_3_established_goal7,False
data/why3/frama_c/verker/memchr_Why3_ide.mlw,memchr_Why3_ide_VCmemchr_loop_inv_4_preserved_goal8,False
data/why3/frama_c/verker/memchr_Why3_ide.mlw,memchr_Why3_ide_VCmemchr_loop_inv_4_established_goal9,False
data/why3/frama_c/verker/memchr_Why3_ide.mlw,memchr_Why3_ide_VCmemchr_loop_term_decrease_goal10,True
data/why3/frama_c/verker/memchr_Why3_ide.mlw,memchr_Why3_ide_VCmemchr_found_post_goal11,False
data/why3/frama_c/verker/memchr_Why3_ide.mlw,memchr_Why3_ide_VCmemchr_found_post_2_goal12,False
data/why3/frama_c/verker/memchr_Why3_ide.mlw,memchr_Why3_ide_VCmemchr_found_post_3_goal13,False
data/why3/frama_c/verker/memchr_Why3_ide.mlw,memchr_Why3_ide_VCmemchr_not_exists_post_goal14,False
data/why3/frama_c/verker/memchr_inv_Why3_ide.mlw,memchr_inv_Why3_ide_VCmemchr_inv_call_check_bytes8_0_pre_goal0,False
data/why3/frama_c/verker/memchr_inv_Why3_ide.mlw,memchr_inv_Why3_ide_VCmemchr_inv_call_check_bytes8_0_pre_2_goal1,False
data/why3/frama_c/verker/memchr_inv_Why3_ide.mlw,memchr_inv_Why3_ide_VCmemchr_inv_call_check_bytes8_0_pre_3_goal2,False
data/why3/frama_c/verker/memchr_inv_Why3_ide.mlw,memchr_inv_Why3_ide_VCmemchr_inv_call_check_bytes8_0_pre_4_goal3,False
data/why3/frama_c/verker/memcmp_Why3_ide.mlw,memcmp_Why3_ide_VCmemcmp_complete_diff_equal_goal0,False
data/why3/frama_c/verker/memcmp_Why3_ide.mlw,memcmp_Why3_ide_VCmemcmp_disjoint_diff_equal_goal1,False
data/why3/frama_c/verker/memcmp_Why3_ide.mlw,memcmp_Why3_ide_VCmemcmp_loop_inv_preserved_goal2,True
data/why3/frama_c/verker/memcmp_Why3_ide.mlw,memcmp_Why3_ide_VCmemcmp_loop_inv_established_goal3,True
data/why3/frama_c/verker/memcmp_Why3_ide.mlw,memcmp_Why3_ide_VCmemcmp_loop_inv_2_preserved_goal4,False
data/why3/frama_c/verker/memcmp_Why3_ide.mlw,memcmp_Why3_ide_VCmemcmp_loop_inv_2_established_goal5,False
data/why3/frama_c/verker/memcmp_Why3_ide.mlw,memcmp_Why3_ide_VCmemcmp_loop_inv_3_preserved_goal6,False
data/why3/frama_c/verker/memcmp_Why3_ide.mlw,memcmp_Why3_ide_VCmemcmp_loop_inv_3_established_goal7,False
data/why3/frama_c/verker/memcmp_Why3_ide.mlw,memcmp_Why3_ide_VCmemcmp_loop_inv_4_preserved_goal8,False
data/why3/frama_c/verker/memcmp_Why3_ide.mlw,memcmp_Why3_ide_VCmemcmp_loop_inv_4_established_goal9,False
data/why3/frama_c/verker/memcmp_Why3_ide.mlw,memcmp_Why3_ide_VCmemcmp_loop_inv_5_preserved_goal10,False
data/why3/frama_c/verker/memcmp_Why3_ide.mlw,memcmp_Why3_ide_VCmemcmp_loop_term_decrease_goal11,True
data/why3/frama_c/verker/memcmp_Why3_ide.mlw,memcmp_Why3_ide_VCmemcmp_diff_post_goal12,False
data/why3/frama_c/verker/memcmp_Why3_ide.mlw,memcmp_Why3_ide_VCmemcmp_equal_post_goal13,False
data/why3/frama_c/verker/memcpy_Why3_ide.mlw,memcpy_Why3_ide_VCmemcpy_post_goal0,True
data/why3/frama_c/verker/memcpy_Why3_ide.mlw,memcpy_Why3_ide_VCmemcpy_loop_inv_preserved_goal1,True
data/why3/frama_c/verker/memcpy_Why3_ide.mlw,memcpy_Why3_ide_VCmemcpy_loop_inv_established_goal2,True
data/why3/frama_c/verker/memcpy_Why3_ide.mlw,memcpy_Why3_ide_VCmemcpy_loop_inv_2_preserved_goal3,False
data/why3/frama_c/verker/memcpy_Why3_ide.mlw,memcpy_Why3_ide_VCmemcpy_loop_inv_2_established_goal4,True
data/why3/frama_c/verker/memcpy_Why3_ide.mlw,memcpy_Why3_ide_VCmemcpy_loop_inv_3_preserved_goal5,False
data/why3/frama_c/verker/memcpy_Why3_ide.mlw,memcpy_Why3_ide_VCmemcpy_loop_inv_3_established_goal6,True
data/why3/frama_c/verker/memcpy_Why3_ide.mlw,memcpy_Why3_ide_VCmemcpy_loop_inv_4_preserved_goal7,True
data/why3/frama_c/verker/memcpy_Why3_ide.mlw,memcpy_Why3_ide_VCmemcpy_loop_inv_5_preserved_goal8,False
data/why3/frama_c/verker/memcpy_Why3_ide.mlw,memcpy_Why3_ide_VCmemcpy_loop_assign_part6_goal9,False
data/why3/frama_c/verker/memcpy_Why3_ide.mlw,memcpy_Why3_ide_VCmemcpy_loop_term_decrease_goal10,True
data/why3/frama_c/verker/memmove_Why3_ide.mlw,memmove_Why3_ide_VCmemmove_loop_inv_preserved_goal0,True
data/why3/frama_c/verker/memmove_Why3_ide.mlw,memmove_Why3_ide_VCmemmove_loop_inv_established_goal1,True
data/why3/frama_c/verker/memmove_Why3_ide.mlw,memmove_Why3_ide_VCmemmove_loop_inv_2_preserved_goal2,True
data/why3/frama_c/verker/memmove_Why3_ide.mlw,memmove_Why3_ide_VCmemmove_loop_inv_3_preserved_goal3,True
data/why3/frama_c/verker/memmove_Why3_ide.mlw,memmove_Why3_ide_VCmemmove_loop_inv_3_established_goal4,True
data/why3/frama_c/verker/memmove_Why3_ide.mlw,memmove_Why3_ide_VCmemmove_loop_inv_4_preserved_goal5,False
data/why3/frama_c/verker/memmove_Why3_ide.mlw,memmove_Why3_ide_VCmemmove_loop_inv_4_established_goal6,True
data/why3/frama_c/verker/memmove_Why3_ide.mlw,memmove_Why3_ide_VCmemmove_loop_inv_5_preserved_goal7,True
data/why3/frama_c/verker/memmove_Why3_ide.mlw,memmove_Why3_ide_VCmemmove_loop_inv_6_preserved_goal8,False
data/why3/frama_c/verker/memmove_Why3_ide.mlw,memmove_Why3_ide_VCmemmove_assert_goal9,False
data/why3/frama_c/verker/memmove_Why3_ide.mlw,memmove_Why3_ide_VCmemmove_loop_inv_7_preserved_goal10,True
data/why3/frama_c/verker/memmove_Why3_ide.mlw,memmove_Why3_ide_VCmemmove_loop_inv_7_established_goal11,True
data/why3/frama_c/verker/memmove_Why3_ide.mlw,memmove_Why3_ide_VCmemmove_loop_inv_8_preserved_goal12,True
data/why3/frama_c/verker/memmove_Why3_ide.mlw,memmove_Why3_ide_VCmemmove_loop_inv_9_preserved_goal13,True
data/why3/frama_c/verker/memmove_Why3_ide.mlw,memmove_Why3_ide_VCmemmove_loop_inv_9_established_goal14,True
data/why3/frama_c/verker/memmove_Why3_ide.mlw,memmove_Why3_ide_VCmemmove_loop_inv_10_preserved_goal15,False
data/why3/frama_c/verker/memmove_Why3_ide.mlw,memmove_Why3_ide_VCmemmove_loop_inv_10_established_goal16,True
data/why3/frama_c/verker/memmove_Why3_ide.mlw,memmove_Why3_ide_VCmemmove_loop_inv_11_preserved_goal17,True
data/why3/frama_c/verker/memmove_Why3_ide.mlw,memmove_Why3_ide_VCmemmove_loop_inv_12_preserved_goal18,True
data/why3/frama_c/verker/memmove_Why3_ide.mlw,memmove_Why3_ide_VCmemmove_assert_2_goal19,False
data/why3/frama_c/verker/memmove_Why3_ide.mlw,memmove_Why3_ide_VCmemmove_loop_assign_part5_goal20,False
data/why3/frama_c/verker/memmove_Why3_ide.mlw,memmove_Why3_ide_VCmemmove_loop_assign_part7_goal21,True
data/why3/frama_c/verker/memmove_Why3_ide.mlw,memmove_Why3_ide_VCmemmove_loop_assign_2_part4_goal22,False
data/why3/frama_c/verker/memmove_Why3_ide.mlw,memmove_Why3_ide_VCmemmove_loop_assign_2_part5_goal23,True
data/why3/frama_c/verker/memmove_Why3_ide.mlw,memmove_Why3_ide_VCmemmove_loop_term_decrease_goal24,True
data/why3/frama_c/verker/memmove_Why3_ide.mlw,memmove_Why3_ide_VCmemmove_loop_term_2_decrease_goal25,True
data/why3/frama_c/verker/memscan_Why3_ide.mlw,memscan_Why3_ide_VCmemscan_complete_not_exists_found_goal0,False
data/why3/frama_c/verker/memscan_Why3_ide.mlw,memscan_Why3_ide_VCmemscan_disjoint_not_exists_found_goal1,False
data/why3/frama_c/verker/memscan_Why3_ide.mlw,memscan_Why3_ide_VCmemscan_post_goal2,False
data/why3/frama_c/verker/memscan_Why3_ide.mlw,memscan_Why3_ide_VCmemscan_post_2_goal3,False
data/why3/frama_c/verker/memscan_Why3_ide.mlw,memscan_Why3_ide_VCmemscan_loop_inv_preserved_goal4,True
data/why3/frama_c/verker/memscan_Why3_ide.mlw,memscan_Why3_ide_VCmemscan_loop_inv_established_goal5,True
data/why3/frama_c/verker/memscan_Why3_ide.mlw,memscan_Why3_ide_VCmemscan_loop_inv_2_preserved_goal6,False
data/why3/frama_c/verker/memscan_Why3_ide.mlw,memscan_Why3_ide_VCmemscan_loop_inv_2_established_goal7,False
data/why3/frama_c/verker/memscan_Why3_ide.mlw,memscan_Why3_ide_VCmemscan_loop_inv_3_preserved_goal8,False
data/why3/frama_c/verker/memscan_Why3_ide.mlw,memscan_Why3_ide_VCmemscan_loop_inv_3_established_goal9,False
data/why3/frama_c/verker/memscan_Why3_ide.mlw,memscan_Why3_ide_VCmemscan_loop_inv_4_preserved_goal10,False
data/why3/frama_c/verker/memscan_Why3_ide.mlw,memscan_Why3_ide_VCmemscan_loop_inv_4_established_goal11,False
data/why3/frama_c/verker/memscan_Why3_ide.mlw,memscan_Why3_ide_VCmemscan_loop_inv_5_preserved_goal12,False
data/why3/frama_c/verker/memscan_Why3_ide.mlw,memscan_Why3_ide_VCmemscan_loop_term_decrease_goal13,True
data/why3/frama_c/verker/memscan_Why3_ide.mlw,memscan_Why3_ide_VCmemscan_found_post_goal14,False
data/why3/frama_c/verker/memscan_Why3_ide.mlw,memscan_Why3_ide_VCmemscan_not_exists_post_goal15,False
data/why3/frama_c/verker/memset_Why3_ide.mlw,memset_Why3_ide_VCmemset_post_goal0,True
data/why3/frama_c/verker/memset_Why3_ide.mlw,memset_Why3_ide_VCmemset_loop_inv_preserved_goal1,True
data/why3/frama_c/verker/memset_Why3_ide.mlw,memset_Why3_ide_VCmemset_loop_inv_established_goal2,True
data/why3/frama_c/verker/memset_Why3_ide.mlw,memset_Why3_ide_VCmemset_loop_inv_2_preserved_goal3,True
data/why3/frama_c/verker/memset_Why3_ide.mlw,memset_Why3_ide_VCmemset_loop_inv_2_established_goal4,True
data/why3/frama_c/verker/memset_Why3_ide.mlw,memset_Why3_ide_VCmemset_loop_inv_3_preserved_goal5,True
data/why3/frama_c/verker/memset_Why3_ide.mlw,memset_Why3_ide_VCmemset_loop_inv_4_preserved_goal6,False
data/why3/frama_c/verker/memset_Why3_ide.mlw,memset_Why3_ide_VCmemset_loop_inv_4_established_goal7,False
data/why3/frama_c/verker/memset_Why3_ide.mlw,memset_Why3_ide_VCmemset_loop_assign_part5_goal8,False
data/why3/frama_c/verker/memset_Why3_ide.mlw,memset_Why3_ide_VCmemset_loop_assign_part6_goal9,True
data/why3/frama_c/verker/memset_Why3_ide.mlw,memset_Why3_ide_VCmemset_loop_term_decrease_goal10,True
data/why3/frama_c/verker/skip_spaces_Why3_ide.mlw,skip_spaces_Why3_ide_VCskip_spaces_post_goal0,False
data/why3/frama_c/verker/skip_spaces_Why3_ide.mlw,skip_spaces_Why3_ide_VCskip_spaces_post_2_goal1,False
data/why3/frama_c/verker/skip_spaces_Why3_ide.mlw,skip_spaces_Why3_ide_VCskip_spaces_post_3_goal2,False
data/why3/frama_c/verker/skip_spaces_Why3_ide.mlw,skip_spaces_Why3_ide_VCskip_spaces_post_4_goal3,False
data/why3/frama_c/verker/skip_spaces_Why3_ide.mlw,skip_spaces_Why3_ide_VCskip_spaces_post_5_goal4,False
data/why3/frama_c/verker/skip_spaces_Why3_ide.mlw,skip_spaces_Why3_ide_VCskip_spaces_post_6_goal5,False
data/why3/frama_c/verker/skip_spaces_Why3_ide.mlw,skip_spaces_Why3_ide_VCskip_spaces_loop_inv_preserved_goal6,False
data/why3/frama_c/verker/skip_spaces_Why3_ide.mlw,skip_spaces_Why3_ide_VCskip_spaces_loop_inv_2_preserved_goal7,False
data/why3/frama_c/verker/skip_spaces_Why3_ide.mlw,skip_spaces_Why3_ide_VCskip_spaces_loop_inv_2_established_goal8,True
data/why3/frama_c/verker/skip_spaces_Why3_ide.mlw,skip_spaces_Why3_ide_VCskip_spaces_loop_inv_3_preserved_goal9,False
data/why3/frama_c/verker/skip_spaces_Why3_ide.mlw,skip_spaces_Why3_ide_VCskip_spaces_loop_inv_3_established_goal10,False
data/why3/frama_c/verker/skip_spaces_Why3_ide.mlw,skip_spaces_Why3_ide_VCskip_spaces_loop_assign_part2_goal11,False
data/why3/frama_c/verker/skip_spaces_Why3_ide.mlw,skip_spaces_Why3_ide_VCskip_spaces_assign_exit_part2_goal12,False
data/why3/frama_c/verker/skip_spaces_Why3_ide.mlw,skip_spaces_Why3_ide_VCskip_spaces_assign_normal_part2_goal13,False
data/why3/frama_c/verker/skip_spaces_Why3_ide.mlw,skip_spaces_Why3_ide_VCskip_spaces_loop_term_positive_goal14,False
data/why3/frama_c/verker/stpcpy_Why3_ide.mlw,stpcpy_Why3_ide_VCstpcpy_post_goal0,False
data/why3/frama_c/verker/stpcpy_Why3_ide.mlw,stpcpy_Why3_ide_VCstpcpy_post_3_goal1,False
data/why3/frama_c/verker/stpcpy_Why3_ide.mlw,stpcpy_Why3_ide_VCstpcpy_post_4_goal2,False
data/why3/frama_c/verker/stpcpy_Why3_ide.mlw,stpcpy_Why3_ide_VCstpcpy_loop_inv_preserved_goal3,False
data/why3/frama_c/verker/stpcpy_Why3_ide.mlw,stpcpy_Why3_ide_VCstpcpy_loop_inv_established_goal4,True
data/why3/frama_c/verker/stpcpy_Why3_ide.mlw,stpcpy_Why3_ide_VCstpcpy_loop_inv_2_preserved_goal5,False
data/why3/frama_c/verker/stpcpy_Why3_ide.mlw,stpcpy_Why3_ide_VCstpcpy_loop_inv_2_established_goal6,True
data/why3/frama_c/verker/stpcpy_Why3_ide.mlw,stpcpy_Why3_ide_VCstpcpy_loop_inv_3_preserved_goal7,False
data/why3/frama_c/verker/stpcpy_Why3_ide.mlw,stpcpy_Why3_ide_VCstpcpy_loop_inv_5_preserved_goal8,False
data/why3/frama_c/verker/stpcpy_Why3_ide.mlw,stpcpy_Why3_ide_VCstpcpy_loop_inv_6_preserved_goal9,False
data/why3/frama_c/verker/stpcpy_Why3_ide.mlw,stpcpy_Why3_ide_VCstpcpy_assert_2_goal10,True
data/why3/frama_c/verker/stpcpy_Why3_ide.mlw,stpcpy_Why3_ide_VCstpcpy_assert_3_goal11,False
data/why3/frama_c/verker/stpcpy_Why3_ide.mlw,stpcpy_Why3_ide_VCstpcpy_assert_4_goal12,False
data/why3/frama_c/verker/stpcpy_Why3_ide.mlw,stpcpy_Why3_ide_VCstpcpy_loop_assign_part2_goal13,False
data/why3/frama_c/verker/stpcpy_Why3_ide.mlw,stpcpy_Why3_ide_VCstpcpy_loop_assign_part6_goal14,False
data/why3/frama_c/verker/stpcpy_Why3_ide.mlw,stpcpy_Why3_ide_VCstpcpy_assign_part1_goal15,False
data/why3/frama_c/verker/stpcpy_Why3_ide.mlw,stpcpy_Why3_ide_VCstpcpy_assign_part7_goal16,False
data/why3/frama_c/verker/stpcpy_Why3_ide.mlw,stpcpy_Why3_ide_VCstpcpy_loop_term_positive_goal17,False
data/why3/frama_c/verker/strcasecmp_Why3_ide.mlw,strcasecmp_Why3_ide_VCstrcasecmp_loop_inv_preserved_goal0,False
data/why3/frama_c/verker/strcasecmp_Why3_ide.mlw,strcasecmp_Why3_ide_VCstrcasecmp_loop_inv_2_preserved_goal1,False
data/why3/frama_c/verker/strcasecmp_Why3_ide.mlw,strcasecmp_Why3_ide_VCstrcasecmp_loop_inv_2_established_goal2,True
data/why3/frama_c/verker/strcasecmp_Why3_ide.mlw,strcasecmp_Why3_ide_VCstrcasecmp_loop_inv_3_preserved_goal3,False
data/why3/frama_c/verker/strcasecmp_Why3_ide.mlw,strcasecmp_Why3_ide_VCstrcasecmp_loop_inv_3_established_goal4,True
data/why3/frama_c/verker/strcasecmp_Why3_ide.mlw,strcasecmp_Why3_ide_VCstrcasecmp_loop_inv_5_preserved_goal5,False
data/why3/frama_c/verker/strcasecmp_Why3_ide.mlw,strcasecmp_Why3_ide_VCstrcasecmp_assert_2_goal6,False
data/why3/frama_c/verker/strcasecmp_Why3_ide.mlw,strcasecmp_Why3_ide_VCstrcasecmp_loop_assign_part3_goal7,False
data/why3/frama_c/verker/strcasecmp_Why3_ide.mlw,strcasecmp_Why3_ide_VCstrcasecmp_loop_assign_part4_goal8,False
data/why3/frama_c/verker/strcasecmp_Why3_ide.mlw,strcasecmp_Why3_ide_VCstrcasecmp_loop_assign_part6_goal9,False
data/why3/frama_c/verker/strcasecmp_Why3_ide.mlw,strcasecmp_Why3_ide_VCstrcasecmp_loop_assign_part7_goal10,False
data/why3/frama_c/verker/strcasecmp_Why3_ide.mlw,strcasecmp_Why3_ide_VCstrcasecmp_assign_exit_part4_goal11,False
data/why3/frama_c/verker/strcasecmp_Why3_ide.mlw,strcasecmp_Why3_ide_VCstrcasecmp_assign_exit_part8_goal12,False
data/why3/frama_c/verker/strcasecmp_Why3_ide.mlw,strcasecmp_Why3_ide_VCstrcasecmp_assign_normal_part04_goal13,False
data/why3/frama_c/verker/strcasecmp_Why3_ide.mlw,strcasecmp_Why3_ide_VCstrcasecmp_assign_normal_part08_goal14,False
data/why3/frama_c/verker/strcasecmp_Why3_ide.mlw,strcasecmp_Why3_ide_VCstrcasecmp_loop_term_positive_goal15,False
data/why3/frama_c/verker/strcasecmp_Why3_ide.mlw,strcasecmp_Why3_ide_VCstrcasecmp_equal_post_goal16,False
data/why3/frama_c/verker/strcasecmp_Why3_ide.mlw,strcasecmp_Why3_ide_VCstrcasecmp_not_equal_post_goal17,False
data/why3/frama_c/verker/strcasecmp_Why3_ide.mlw,strcasecmp_Why3_ide_VCstrcasecmp_not_equal_post_2_goal18,False
data/why3/frama_c/verker/strcat_Why3_ide.mlw,strcat_Why3_ide_VCstrcat_post_3_goal0,True
data/why3/frama_c/verker/strcat_Why3_ide.mlw,strcat_Why3_ide_VCstrcat_loop_inv_preserved_goal1,False
data/why3/frama_c/verker/strcat_Why3_ide.mlw,strcat_Why3_ide_VCstrcat_loop_inv_established_goal2,True
data/why3/frama_c/verker/strcat_Why3_ide.mlw,strcat_Why3_ide_VCstrcat_loop_inv_2_preserved_goal3,False
data/why3/frama_c/verker/strcat_Why3_ide.mlw,strcat_Why3_ide_VCstrcat_loop_inv_3_preserved_goal4,False
data/why3/frama_c/verker/strcat_Why3_ide.mlw,strcat_Why3_ide_VCstrcat_assert_2_goal5,False
data/why3/frama_c/verker/strcat_Why3_ide.mlw,strcat_Why3_ide_VCstrcat_loop_inv_4_preserved_goal6,False
data/why3/frama_c/verker/strcat_Why3_ide.mlw,strcat_Why3_ide_VCstrcat_loop_inv_4_established_goal7,True
data/why3/frama_c/verker/strcat_Why3_ide.mlw,strcat_Why3_ide_VCstrcat_loop_inv_5_preserved_goal8,False
data/why3/frama_c/verker/strcat_Why3_ide.mlw,strcat_Why3_ide_VCstrcat_loop_inv_5_established_goal9,True
data/why3/frama_c/verker/strcat_Why3_ide.mlw,strcat_Why3_ide_VCstrcat_loop_inv_7_preserved_goal10,False
data/why3/frama_c/verker/strcat_Why3_ide.mlw,strcat_Why3_ide_VCstrcat_loop_inv_8_preserved_goal11,True
data/why3/frama_c/verker/strcat_Why3_ide.mlw,strcat_Why3_ide_VCstrcat_loop_inv_9_preserved_goal12,True
data/why3/frama_c/verker/strcat_Why3_ide.mlw,strcat_Why3_ide_VCstrcat_loop_inv_9_established_goal13,True
data/why3/frama_c/verker/strcat_Why3_ide.mlw,strcat_Why3_ide_VCstrcat_assert_4_goal14,True
data/why3/frama_c/verker/strcat_Why3_ide.mlw,strcat_Why3_ide_VCstrcat_assert_5_goal15,True
data/why3/frama_c/verker/strcat_Why3_ide.mlw,strcat_Why3_ide_VCstrcat_assert_6_goal16,True
data/why3/frama_c/verker/strcat_Why3_ide.mlw,strcat_Why3_ide_VCstrcat_assert_8_goal17,True
data/why3/frama_c/verker/strcat_Why3_ide.mlw,strcat_Why3_ide_VCstrcat_assert_9_goal18,True
data/why3/frama_c/verker/strcat_Why3_ide.mlw,strcat_Why3_ide_VCstrcat_assert_10_goal19,True
data/why3/frama_c/verker/strcat_Why3_ide.mlw,strcat_Why3_ide_VCstrcat_loop_assign_2_part1_goal20,False
data/why3/frama_c/verker/strcat_Why3_ide.mlw,strcat_Why3_ide_VCstrcat_loop_assign_2_part3_goal21,False
data/why3/frama_c/verker/strcat_Why3_ide.mlw,strcat_Why3_ide_VCstrcat_loop_assign_2_part5_goal22,False
data/why3/frama_c/verker/strcat_Why3_ide.mlw,strcat_Why3_ide_VCstrcat_loop_assign_2_part7_goal23,True
data/why3/frama_c/verker/strcat_Why3_ide.mlw,strcat_Why3_ide_VCstrcat_assign_normal_part04_goal24,False
data/why3/frama_c/verker/strcat_Why3_ide.mlw,strcat_Why3_ide_VCstrcat_assign_normal_part10_goal25,True
data/why3/frama_c/verker/strcat_Why3_ide.mlw,strcat_Why3_ide_VCstrcat_loop_term_positive_goal26,True
data/why3/frama_c/verker/strcat_Why3_ide.mlw,strcat_Why3_ide_VCstrcat_loop_term_2_positive_goal27,True
data/why3/frama_c/verker/strchr_Why3_ide.mlw,strchr_Why3_ide_VCstrchr_post_goal0,True
data/why3/frama_c/verker/strchr_Why3_ide.mlw,strchr_Why3_ide_VCstrchr_loop_inv_preserved_goal1,False
data/why3/frama_c/verker/strchr_Why3_ide.mlw,strchr_Why3_ide_VCstrchr_loop_inv_2_preserved_goal2,False
data/why3/frama_c/verker/strchr_Why3_ide.mlw,strchr_Why3_ide_VCstrchr_loop_inv_2_established_goal3,True
data/why3/frama_c/verker/strchr_Why3_ide.mlw,strchr_Why3_ide_VCstrchr_loop_inv_3_preserved_goal4,False
data/why3/frama_c/verker/strchr_Why3_ide.mlw,strchr_Why3_ide_VCstrchr_loop_inv_3_established_goal5,False
data/why3/frama_c/verker/strchr_Why3_ide.mlw,strchr_Why3_ide_VCstrchr_loop_inv_4_preserved_goal6,True
data/why3/frama_c/verker/strchr_Why3_ide.mlw,strchr_Why3_ide_VCstrchr_assert_goal7,False
data/why3/frama_c/verker/strchr_Why3_ide.mlw,strchr_Why3_ide_VCstrchr_assert_2_goal8,False
data/why3/frama_c/verker/strchr_Why3_ide.mlw,strchr_Why3_ide_VCstrchr_loop_term_positive_goal9,False
data/why3/frama_c/verker/strchr_Why3_ide.mlw,strchr_Why3_ide_VCstrchr_exists_post_goal10,False
data/why3/frama_c/verker/strchr_Why3_ide.mlw,strchr_Why3_ide_VCstrchr_exists_post_2_goal11,False
data/why3/frama_c/verker/strchr_Why3_ide.mlw,strchr_Why3_ide_VCstrchr_exists_post_3_goal12,False
data/why3/frama_c/verker/strchr_Why3_ide.mlw,strchr_Why3_ide_VCstrchr_not_exists_post_goal13,True
data/why3/frama_c/verker/strchrnul_Why3_ide.mlw,strchrnul_Why3_ide_VCstrchrnul_post_goal0,False
data/why3/frama_c/verker/strchrnul_Why3_ide.mlw,strchrnul_Why3_ide_VCstrchrnul_post_2_goal1,True
data/why3/frama_c/verker/strchrnul_Why3_ide.mlw,strchrnul_Why3_ide_VCstrchrnul_loop_inv_preserved_goal2,False
data/why3/frama_c/verker/strchrnul_Why3_ide.mlw,strchrnul_Why3_ide_VCstrchrnul_loop_inv_2_preserved_goal3,False
data/why3/frama_c/verker/strchrnul_Why3_ide.mlw,strchrnul_Why3_ide_VCstrchrnul_loop_inv_2_established_goal4,True
data/why3/frama_c/verker/strchrnul_Why3_ide.mlw,strchrnul_Why3_ide_VCstrchrnul_loop_inv_3_preserved_goal5,False
data/why3/frama_c/verker/strchrnul_Why3_ide.mlw,strchrnul_Why3_ide_VCstrchrnul_loop_inv_3_established_goal6,False
data/why3/frama_c/verker/strchrnul_Why3_ide.mlw,strchrnul_Why3_ide_VCstrchrnul_loop_inv_4_preserved_goal7,True
data/why3/frama_c/verker/strchrnul_Why3_ide.mlw,strchrnul_Why3_ide_VCstrchrnul_assert_2_goal8,False
data/why3/frama_c/verker/strchrnul_Why3_ide.mlw,strchrnul_Why3_ide_VCstrchrnul_loop_term_positive_goal9,False
data/why3/frama_c/verker/strchrnul_Why3_ide.mlw,strchrnul_Why3_ide_VCstrchrnul_exists_post_goal10,False
data/why3/frama_c/verker/strchrnul_Why3_ide.mlw,strchrnul_Why3_ide_VCstrchrnul_exists_post_2_goal11,True
data/why3/frama_c/verker/strchrnul_Why3_ide.mlw,strchrnul_Why3_ide_VCstrchrnul_not_exists_post_goal12,False
data/why3/frama_c/verker/strchrnul_Why3_ide.mlw,strchrnul_Why3_ide_VCstrchrnul_not_exists_post_2_goal13,False
data/why3/frama_c/verker/strcmp_Why3_ide.mlw,strcmp_Why3_ide_VCstrcmp_post_goal0,False
data/why3/frama_c/verker/strcmp_Why3_ide.mlw,strcmp_Why3_ide_VCstrcmp_assert_goal1,False
data/why3/frama_c/verker/strcmp_Why3_ide.mlw,strcmp_Why3_ide_VCstrcmp_loop_inv_preserved_goal2,False
data/why3/frama_c/verker/strcmp_Why3_ide.mlw,strcmp_Why3_ide_VCstrcmp_loop_inv_2_preserved_goal3,False
data/why3/frama_c/verker/strcmp_Why3_ide.mlw,strcmp_Why3_ide_VCstrcmp_loop_inv_2_established_goal4,True
data/why3/frama_c/verker/strcmp_Why3_ide.mlw,strcmp_Why3_ide_VCstrcmp_loop_inv_3_preserved_goal5,False
data/why3/frama_c/verker/strcmp_Why3_ide.mlw,strcmp_Why3_ide_VCstrcmp_loop_inv_3_established_goal6,True
data/why3/frama_c/verker/strcmp_Why3_ide.mlw,strcmp_Why3_ide_VCstrcmp_loop_inv_5_preserved_goal7,True
data/why3/frama_c/verker/strcmp_Why3_ide.mlw,strcmp_Why3_ide_VCstrcmp_loop_inv_6_preserved_goal8,False
data/why3/frama_c/verker/strcmp_Why3_ide.mlw,strcmp_Why3_ide_VCstrcmp_loop_inv_7_preserved_goal9,False
data/why3/frama_c/verker/strcmp_Why3_ide.mlw,strcmp_Why3_ide_VCstrcmp_assert_2_goal10,False
data/why3/frama_c/verker/strcmp_Why3_ide.mlw,strcmp_Why3_ide_VCstrcmp_assert_3_goal11,False
data/why3/frama_c/verker/strcmp_Why3_ide.mlw,strcmp_Why3_ide_VCstrcmp_loop_assign_part3_goal12,False
data/why3/frama_c/verker/strcmp_Why3_ide.mlw,strcmp_Why3_ide_VCstrcmp_loop_assign_part5_goal13,False
data/why3/frama_c/verker/strcmp_Why3_ide.mlw,strcmp_Why3_ide_VCstrcmp_loop_term_positive_goal14,True
data/why3/frama_c/verker/strcmp_Why3_ide.mlw,strcmp_Why3_ide_VCstrcmp_equal_post_goal15,True
data/why3/frama_c/verker/strcmp_Why3_ide.mlw,strcmp_Why3_ide_VCstrcmp_not_equal_post_goal16,False
data/why3/frama_c/verker/strcmp_Why3_ide.mlw,strcmp_Why3_ide_VCstrcmp_not_equal_post_2_goal17,False
data/why3/frama_c/verker/strcpy_Why3_ide.mlw,strcpy_Why3_ide_VCstrcpy_post_3_goal0,False
data/why3/frama_c/verker/strcpy_Why3_ide.mlw,strcpy_Why3_ide_VCstrcpy_loop_inv_preserved_goal1,False
data/why3/frama_c/verker/strcpy_Why3_ide.mlw,strcpy_Why3_ide_VCstrcpy_loop_inv_established_goal2,True
data/why3/frama_c/verker/strcpy_Why3_ide.mlw,strcpy_Why3_ide_VCstrcpy_loop_inv_2_preserved_goal3,False
data/why3/frama_c/verker/strcpy_Why3_ide.mlw,strcpy_Why3_ide_VCstrcpy_loop_inv_2_established_goal4,True
data/why3/frama_c/verker/strcpy_Why3_ide.mlw,strcpy_Why3_ide_VCstrcpy_loop_inv_3_preserved_goal5,False
data/why3/frama_c/verker/strcpy_Why3_ide.mlw,strcpy_Why3_ide_VCstrcpy_loop_inv_5_preserved_goal6,False
data/why3/frama_c/verker/strcpy_Why3_ide.mlw,strcpy_Why3_ide_VCstrcpy_loop_inv_6_preserved_goal7,False
data/why3/frama_c/verker/strcpy_Why3_ide.mlw,strcpy_Why3_ide_VCstrcpy_assert_2_goal8,True
data/why3/frama_c/verker/strcpy_Why3_ide.mlw,strcpy_Why3_ide_VCstrcpy_assert_3_goal9,False
data/why3/frama_c/verker/strcpy_Why3_ide.mlw,strcpy_Why3_ide_VCstrcpy_loop_assign_part2_goal10,False
data/why3/frama_c/verker/strcpy_Why3_ide.mlw,strcpy_Why3_ide_VCstrcpy_loop_assign_part6_goal11,False
data/why3/frama_c/verker/strcpy_Why3_ide.mlw,strcpy_Why3_ide_VCstrcpy_assign_part1_goal12,False
data/why3/frama_c/verker/strcpy_Why3_ide.mlw,strcpy_Why3_ide_VCstrcpy_assign_part7_goal13,False
data/why3/frama_c/verker/strcpy_Why3_ide.mlw,strcpy_Why3_ide_VCstrcpy_loop_term_positive_goal14,False
data/why3/frama_c/verker/strcspn_Why3_ide.mlw,strcspn_Why3_ide_VCstrcspn_post_goal0,True
data/why3/frama_c/verker/strcspn_Why3_ide.mlw,strcspn_Why3_ide_VCstrcspn_post_3_goal1,True
data/why3/frama_c/verker/strcspn_Why3_ide.mlw,strcspn_Why3_ide_VCstrcspn_loop_inv_preserved_goal2,True
data/why3/frama_c/verker/strcspn_Why3_ide.mlw,strcspn_Why3_ide_VCstrcspn_loop_inv_established_goal3,True
data/why3/frama_c/verker/strcspn_Why3_ide.mlw,strcspn_Why3_ide_VCstrcspn_loop_inv_2_preserved_goal4,True
data/why3/frama_c/verker/strcspn_Why3_ide.mlw,strcspn_Why3_ide_VCstrcspn_loop_inv_2_established_goal5,True
data/why3/frama_c/verker/strcspn_Why3_ide.mlw,strcspn_Why3_ide_VCstrcspn_loop_inv_3_preserved_goal6,True
data/why3/frama_c/verker/strcspn_Why3_ide.mlw,strcspn_Why3_ide_VCstrcspn_loop_inv_4_preserved_goal7,True
data/why3/frama_c/verker/strcspn_Why3_ide.mlw,strcspn_Why3_ide_VCstrcspn_loop_inv_4_established_goal8,False
data/why3/frama_c/verker/strcspn_Why3_ide.mlw,strcspn_Why3_ide_VCstrcspn_loop_inv_5_preserved_goal9,True
data/why3/frama_c/verker/strcspn_Why3_ide.mlw,strcspn_Why3_ide_VCstrcspn_loop_inv_6_preserved_goal10,True
data/why3/frama_c/verker/strcspn_Why3_ide.mlw,strcspn_Why3_ide_VCstrcspn_loop_inv_7_preserved_goal11,True
data/why3/frama_c/verker/strcspn_Why3_ide.mlw,strcspn_Why3_ide_VCstrcspn_loop_inv_7_established_goal12,True
data/why3/frama_c/verker/strcspn_Why3_ide.mlw,strcspn_Why3_ide_VCstrcspn_loop_inv_8_preserved_goal13,True
data/why3/frama_c/verker/strcspn_Why3_ide.mlw,strcspn_Why3_ide_VCstrcspn_loop_inv_8_established_goal14,True
data/why3/frama_c/verker/strcspn_Why3_ide.mlw,strcspn_Why3_ide_VCstrcspn_loop_inv_9_preserved_goal15,True
data/why3/frama_c/verker/strcspn_Why3_ide.mlw,strcspn_Why3_ide_VCstrcspn_loop_inv_10_preserved_goal16,True
data/why3/frama_c/verker/strcspn_Why3_ide.mlw,strcspn_Why3_ide_VCstrcspn_assert_goal17,True
data/why3/frama_c/verker/strcspn_Why3_ide.mlw,strcspn_Why3_ide_VCstrcspn_assert_2_goal18,True
data/why3/frama_c/verker/strcspn_Why3_ide.mlw,strcspn_Why3_ide_VCstrcspn_loop_term_2_positive_goal19,True
data/why3/frama_c/verker/strcspn_Why3_ide.mlw,strcspn_Why3_ide_VCstrcspn_exists_post_goal20,True
data/why3/frama_c/verker/strcspn_Why3_ide.mlw,strcspn_Why3_ide_VCstrcspn_not_exists_post_goal21,True
data/why3/frama_c/verker/strim_Why3_ide.mlw,strim_Why3_ide_VCstrim_complete_len_zero_len_goal0,True
data/why3/frama_c/verker/strim_Why3_ide.mlw,strim_Why3_ide_VCstrim_disjoint_len_zero_len_goal1,True
data/why3/frama_c/verker/strim_Why3_ide.mlw,strim_Why3_ide_VCstrim_assert_goal2,True
data/why3/frama_c/verker/strim_Why3_ide.mlw,strim_Why3_ide_VCstrim_assert_2_goal3,True
data/why3/frama_c/verker/strim_Why3_ide.mlw,strim_Why3_ide_VCstrim_loop_inv_preserved_goal4,False
data/why3/frama_c/verker/strim_Why3_ide.mlw,strim_Why3_ide_VCstrim_loop_inv_established_goal5,True
data/why3/frama_c/verker/strim_Why3_ide.mlw,strim_Why3_ide_VCstrim_loop_inv_2_preserved_goal6,False
data/why3/frama_c/verker/strim_Why3_ide.mlw,strim_Why3_ide_VCstrim_loop_inv_2_established_goal7,False
data/why3/frama_c/verker/strim_Why3_ide.mlw,strim_Why3_ide_VCstrim_assert_5_goal8,False
data/why3/frama_c/verker/strim_Why3_ide.mlw,strim_Why3_ide_VCstrim_assert_7_goal9,False
data/why3/frama_c/verker/strim_Why3_ide.mlw,strim_Why3_ide_VCstrim_assert_8_goal10,True
data/why3/frama_c/verker/strim_Why3_ide.mlw,strim_Why3_ide_VCstrim_assert_9_goal11,False
data/why3/frama_c/verker/strim_Why3_ide.mlw,strim_Why3_ide_VCstrim_assert_10_goal12,False
data/why3/frama_c/verker/strim_Why3_ide.mlw,strim_Why3_ide_VCstrim_loop_assign_part2_goal13,False
data/why3/frama_c/verker/strim_Why3_ide.mlw,strim_Why3_ide_VCstrim_loop_term_positive_goal14,False
data/why3/frama_c/verker/strim_Why3_ide.mlw,strim_Why3_ide_VCstrim_len_post_2_goal15,True
data/why3/frama_c/verker/strim_Why3_ide.mlw,strim_Why3_ide_VCstrim_len_post_4_goal16,False
data/why3/frama_c/verker/strim_Why3_ide.mlw,strim_Why3_ide_VCstrim_len_post_5_goal17,False
data/why3/frama_c/verker/strim_Why3_ide.mlw,strim_Why3_ide_VCstrim_len_assign_exit_part5_goal18,False
data/why3/frama_c/verker/strim_Why3_ide.mlw,strim_Why3_ide_VCstrim_len_assign_exit_part6_goal19,False
data/why3/frama_c/verker/strim_Why3_ide.mlw,strim_Why3_ide_VCstrim_len_assign_normal_part6_goal20,False
data/why3/frama_c/verker/strim_Why3_ide.mlw,strim_Why3_ide_VCstrim_len_assign_normal_part7_goal21,False
data/why3/frama_c/verker/strlcat_Why3_ide.mlw,strlcat_Why3_ide_VCstrlcat_post_goal0,False
data/why3/frama_c/verker/strlcat_Why3_ide.mlw,strlcat_Why3_ide_VCstrlcat_assert_goal1,False
data/why3/frama_c/verker/strlcat_Why3_ide.mlw,strlcat_Why3_ide_VCstrlcat_assert_4_goal2,True
data/why3/frama_c/verker/strlcat_Why3_ide.mlw,strlcat_Why3_ide_VCstrlcat_assert_5_goal3,True
data/why3/frama_c/verker/strlcat_Why3_ide.mlw,strlcat_Why3_ide_VCstrlcat_assert_6_goal4,False
data/why3/frama_c/verker/strlcat_Why3_ide.mlw,strlcat_Why3_ide_VCstrlcat_assert_7_goal5,False
data/why3/frama_c/verker/strlcat_Why3_ide.mlw,strlcat_Why3_ide_VCstrlcat_assign_exit_part7_goal6,True
data/why3/frama_c/verker/strlcat_Why3_ide.mlw,strlcat_Why3_ide_VCstrlcat_assign_normal_part7_goal7,True
data/why3/frama_c/verker/strlcat_Why3_ide.mlw,strlcat_Why3_ide_VCstrlcat_assign_normal_part8_goal8,True
data/why3/frama_c/verker/strlcat_Why3_ide.mlw,strlcat_Why3_ide_VCstrlcat_call_memcpy_pre_goal9,False
data/why3/frama_c/verker/strlcat_Why3_ide.mlw,strlcat_Why3_ide_VCstrlcat_call_memcpy_pre_2_goal10,False
data/why3/frama_c/verker/strlcat_Why3_ide.mlw,strlcat_Why3_ide_VCstrlcat_call_memcpy_pre_3_goal11,True
data/why3/frama_c/verker/strlcat_Why3_ide.mlw,strlcat_Why3_ide_VCstrlcat_call_memcpy_pre_4_goal12,True
data/why3/frama_c/verker/strlcpy_Why3_ide.mlw,strlcpy_Why3_ide_VCstrlcpy_complete_zero_size_size_is_greater_src_size_is_lo____goal0,True
data/why3/frama_c/verker/strlcpy_Why3_ide.mlw,strlcpy_Why3_ide_VCstrlcpy_disjoint_zero_size_size_is_greater_src_size_is_lo____goal1,True
data/why3/frama_c/verker/strlcpy_Why3_ide.mlw,strlcpy_Why3_ide_VCstrlcpy_assert_goal2,True
data/why3/frama_c/verker/strlcpy_Why3_ide.mlw,strlcpy_Why3_ide_VCstrlcpy_assert_2_goal3,False
data/why3/frama_c/verker/strlcpy_Why3_ide.mlw,strlcpy_Why3_ide_VCstrlcpy_assert_3_goal4,False
data/why3/frama_c/verker/strlcpy_Why3_ide.mlw,strlcpy_Why3_ide_VCstrlcpy_call_memcpy_pre_goal5,False
data/why3/frama_c/verker/strlcpy_Why3_ide.mlw,strlcpy_Why3_ide_VCstrlcpy_call_memcpy_pre_2_goal6,False
data/why3/frama_c/verker/strlcpy_Why3_ide.mlw,strlcpy_Why3_ide_VCstrlcpy_call_memcpy_pre_3_goal7,True
data/why3/frama_c/verker/strlcpy_Why3_ide.mlw,strlcpy_Why3_ide_VCstrlcpy_call_memcpy_pre_4_goal8,True
data/why3/frama_c/verker/strlcpy_Why3_ide.mlw,strlcpy_Why3_ide_VCstrlcpy_size_is_greater_src_post_goal9,False
data/why3/frama_c/verker/strlcpy_Why3_ide.mlw,strlcpy_Why3_ide_VCstrlcpy_size_is_greater_src_post_2_goal10,True
data/why3/frama_c/verker/strlcpy_Why3_ide.mlw,strlcpy_Why3_ide_VCstrlcpy_size_is_greater_src_assign_normal_part6_goal11,True
data/why3/frama_c/verker/strlcpy_Why3_ide.mlw,strlcpy_Why3_ide_VCstrlcpy_size_is_lower_src_post_goal12,True
data/why3/frama_c/verker/strlcpy_Why3_ide.mlw,strlcpy_Why3_ide_VCstrlcpy_size_is_lower_src_assign_exit_part5_goal13,True
data/why3/frama_c/verker/strlcpy_Why3_ide.mlw,strlcpy_Why3_ide_VCstrlcpy_size_is_lower_src_assign_normal_part5_goal14,True
data/why3/frama_c/verker/strlcpy_Why3_ide.mlw,strlcpy_Why3_ide_VCstrlcpy_size_is_lower_src_assign_normal_part6_goal15,True
data/why3/frama_c/verker/strlen_Why3_ide.mlw,strlen_Why3_ide_VCstrlen_post_goal0,True
data/why3/frama_c/verker/strlen_Why3_ide.mlw,strlen_Why3_ide_VCstrlen_post_2_goal1,False
data/why3/frama_c/verker/strlen_Why3_ide.mlw,strlen_Why3_ide_VCstrlen_post_3_goal2,False
data/why3/frama_c/verker/strlen_Why3_ide.mlw,strlen_Why3_ide_VCstrlen_loop_inv_preserved_goal3,False
data/why3/frama_c/verker/strlen_Why3_ide.mlw,strlen_Why3_ide_VCstrlen_loop_inv_established_goal4,True
data/why3/frama_c/verker/strlen_Why3_ide.mlw,strlen_Why3_ide_VCstrlen_loop_inv_2_preserved_goal5,False
data/why3/frama_c/verker/strlen_Why3_ide.mlw,strlen_Why3_ide_VCstrlen_loop_inv_3_preserved_goal6,False
data/why3/frama_c/verker/strlen_Why3_ide.mlw,strlen_Why3_ide_VCstrlen_loop_term_positive_goal7,True
data/why3/frama_c/verker/strncasecmp_Why3_ide.mlw,strncasecmp_Why3_ide_VCstrncasecmp_loop_inv_preserved_goal0,True
data/why3/frama_c/verker/strncasecmp_Why3_ide.mlw,strncasecmp_Why3_ide_VCstrncasecmp_loop_inv_established_goal1,True
data/why3/frama_c/verker/strncasecmp_Why3_ide.mlw,strncasecmp_Why3_ide_VCstrncasecmp_loop_inv_2_preserved_goal2,False
data/why3/frama_c/verker/strncasecmp_Why3_ide.mlw,strncasecmp_Why3_ide_VCstrncasecmp_loop_inv_2_established_goal3,True
data/why3/frama_c/verker/strncasecmp_Why3_ide.mlw,strncasecmp_Why3_ide_VCstrncasecmp_loop_inv_3_preserved_goal4,False
data/why3/frama_c/verker/strncasecmp_Why3_ide.mlw,strncasecmp_Why3_ide_VCstrncasecmp_loop_inv_3_established_goal5,True
data/why3/frama_c/verker/strncasecmp_Why3_ide.mlw,strncasecmp_Why3_ide_VCstrncasecmp_loop_inv_4_preserved_goal6,True
data/why3/frama_c/verker/strncasecmp_Why3_ide.mlw,strncasecmp_Why3_ide_VCstrncasecmp_loop_inv_5_preserved_goal7,False
data/why3/frama_c/verker/strncasecmp_Why3_ide.mlw,strncasecmp_Why3_ide_VCstrncasecmp_loop_inv_6_preserved_goal8,False
data/why3/frama_c/verker/strncasecmp_Why3_ide.mlw,strncasecmp_Why3_ide_VCstrncasecmp_loop_inv_7_preserved_goal9,False
data/why3/frama_c/verker/strncasecmp_Why3_ide.mlw,strncasecmp_Why3_ide_VCstrncasecmp_loop_inv_8_preserved_goal10,False
data/why3/frama_c/verker/strncasecmp_Why3_ide.mlw,strncasecmp_Why3_ide_VCstrncasecmp_loop_assign_part3_goal11,False
data/why3/frama_c/verker/strncasecmp_Why3_ide.mlw,strncasecmp_Why3_ide_VCstrncasecmp_loop_assign_part5_goal12,False
data/why3/frama_c/verker/strncasecmp_Why3_ide.mlw,strncasecmp_Why3_ide_VCstrncasecmp_loop_assign_part6_goal13,False
data/why3/frama_c/verker/strncasecmp_Why3_ide.mlw,strncasecmp_Why3_ide_VCstrncasecmp_loop_assign_part7_goal14,False
data/why3/frama_c/verker/strncasecmp_Why3_ide.mlw,strncasecmp_Why3_ide_VCstrncasecmp_loop_assign_part8_goal15,False
data/why3/frama_c/verker/strncasecmp_Why3_ide.mlw,strncasecmp_Why3_ide_VCstrncasecmp_loop_assign_part9_goal16,False
data/why3/frama_c/verker/strncasecmp_Why3_ide.mlw,strncasecmp_Why3_ide_VCstrncasecmp_assign_exit_part08_goal17,False
data/why3/frama_c/verker/strncasecmp_Why3_ide.mlw,strncasecmp_Why3_ide_VCstrncasecmp_assign_exit_part10_goal18,False
data/why3/frama_c/verker/strncasecmp_Why3_ide.mlw,strncasecmp_Why3_ide_VCstrncasecmp_assign_normal_part09_goal19,False
data/why3/frama_c/verker/strncasecmp_Why3_ide.mlw,strncasecmp_Why3_ide_VCstrncasecmp_assign_normal_part11_goal20,False
data/why3/frama_c/verker/strncasecmp_Why3_ide.mlw,strncasecmp_Why3_ide_VCstrncasecmp_loop_term_decrease_goal21,True
data/why3/frama_c/verker/strncasecmp_Why3_ide.mlw,strncasecmp_Why3_ide_VCstrncasecmp_equal_post_goal22,False
data/why3/frama_c/verker/strncasecmp_Why3_ide.mlw,strncasecmp_Why3_ide_VCstrncasecmp_not_equal_post_goal23,False
data/why3/frama_c/verker/strncat_Why3_ide.mlw,strncat_Why3_ide_VCstrncat_post_3_goal0,True
data/why3/frama_c/verker/strncat_Why3_ide.mlw,strncat_Why3_ide_VCstrncat_post_4_goal1,True
data/why3/frama_c/verker/strncat_Why3_ide.mlw,strncat_Why3_ide_VCstrncat_loop_inv_preserved_goal2,False
data/why3/frama_c/verker/strncat_Why3_ide.mlw,strncat_Why3_ide_VCstrncat_loop_inv_established_goal3,True
data/why3/frama_c/verker/strncat_Why3_ide.mlw,strncat_Why3_ide_VCstrncat_loop_inv_2_preserved_goal4,False
data/why3/frama_c/verker/strncat_Why3_ide.mlw,strncat_Why3_ide_VCstrncat_assert_2_goal5,False
data/why3/frama_c/verker/strncat_Why3_ide.mlw,strncat_Why3_ide_VCstrncat_loop_inv_3_preserved_goal6,True
data/why3/frama_c/verker/strncat_Why3_ide.mlw,strncat_Why3_ide_VCstrncat_loop_inv_3_established_goal7,True
data/why3/frama_c/verker/strncat_Why3_ide.mlw,strncat_Why3_ide_VCstrncat_loop_inv_4_preserved_goal8,False
data/why3/frama_c/verker/strncat_Why3_ide.mlw,strncat_Why3_ide_VCstrncat_loop_inv_4_established_goal9,True
data/why3/frama_c/verker/strncat_Why3_ide.mlw,strncat_Why3_ide_VCstrncat_loop_inv_5_preserved_goal10,False
data/why3/frama_c/verker/strncat_Why3_ide.mlw,strncat_Why3_ide_VCstrncat_loop_inv_5_established_goal11,True
data/why3/frama_c/verker/strncat_Why3_ide.mlw,strncat_Why3_ide_VCstrncat_loop_inv_6_preserved_goal12,False
data/why3/frama_c/verker/strncat_Why3_ide.mlw,strncat_Why3_ide_VCstrncat_loop_inv_6_established_goal13,False
data/why3/frama_c/verker/strncat_Why3_ide.mlw,strncat_Why3_ide_VCstrncat_loop_inv_7_preserved_goal14,True
data/why3/frama_c/verker/strncat_Why3_ide.mlw,strncat_Why3_ide_VCstrncat_loop_inv_8_preserved_goal15,True
data/why3/frama_c/verker/strncat_Why3_ide.mlw,strncat_Why3_ide_VCstrncat_assert_3_goal16,True
data/why3/frama_c/verker/strncat_Why3_ide.mlw,strncat_Why3_ide_VCstrncat_assert_4_goal17,False
data/why3/frama_c/verker/strncat_Why3_ide.mlw,strncat_Why3_ide_VCstrncat_assert_5_goal18,False
data/why3/frama_c/verker/strncat_Why3_ide.mlw,strncat_Why3_ide_VCstrncat_assert_6_goal19,True
data/why3/frama_c/verker/strncat_Why3_ide.mlw,strncat_Why3_ide_VCstrncat_assert_7_goal20,True
data/why3/frama_c/verker/strncat_Why3_ide.mlw,strncat_Why3_ide_VCstrncat_loop_assign_2_part4_goal21,False
data/why3/frama_c/verker/strncat_Why3_ide.mlw,strncat_Why3_ide_VCstrncat_loop_assign_2_part6_goal22,False
data/why3/frama_c/verker/strncat_Why3_ide.mlw,strncat_Why3_ide_VCstrncat_loop_assign_2_part8_goal23,True
data/why3/frama_c/verker/strncat_Why3_ide.mlw,strncat_Why3_ide_VCstrncat_assign_normal_part05_goal24,True
data/why3/frama_c/verker/strncat_Why3_ide.mlw,strncat_Why3_ide_VCstrncat_assign_normal_part13_goal25,True
data/why3/frama_c/verker/strncat_Why3_ide.mlw,strncat_Why3_ide_VCstrncat_loop_term_positive_goal26,False
data/why3/frama_c/verker/strncat_Why3_ide.mlw,strncat_Why3_ide_VCstrncat_loop_term_2_decrease_goal27,True
data/why3/frama_c/verker/strnchr_Why3_ide.mlw,strnchr_Why3_ide_VCstrnchr_loop_inv_preserved_goal0,True
data/why3/frama_c/verker/strnchr_Why3_ide.mlw,strnchr_Why3_ide_VCstrnchr_loop_inv_established_goal1,True
data/why3/frama_c/verker/strnchr_Why3_ide.mlw,strnchr_Why3_ide_VCstrnchr_loop_inv_2_preserved_goal2,False
data/why3/frama_c/verker/strnchr_Why3_ide.mlw,strnchr_Why3_ide_VCstrnchr_loop_inv_2_established_goal3,True
data/why3/frama_c/verker/strnchr_Why3_ide.mlw,strnchr_Why3_ide_VCstrnchr_loop_inv_3_preserved_goal4,True
data/why3/frama_c/verker/strnchr_Why3_ide.mlw,strnchr_Why3_ide_VCstrnchr_loop_inv_4_preserved_goal5,False
data/why3/frama_c/verker/strnchr_Why3_ide.mlw,strnchr_Why3_ide_VCstrnchr_loop_inv_5_preserved_goal6,False
data/why3/frama_c/verker/strnchr_Why3_ide.mlw,strnchr_Why3_ide_VCstrnchr_loop_inv_6_preserved_goal7,False
data/why3/frama_c/verker/strnchr_Why3_ide.mlw,strnchr_Why3_ide_VCstrnchr_loop_inv_6_established_goal8,False
data/why3/frama_c/verker/strnchr_Why3_ide.mlw,strnchr_Why3_ide_VCstrnchr_loop_term_decrease_goal9,True
data/why3/frama_c/verker/strnchr_Why3_ide.mlw,strnchr_Why3_ide_VCstrnchr_exists_post_goal10,False
data/why3/frama_c/verker/strnchr_Why3_ide.mlw,strnchr_Why3_ide_VCstrnchr_exists_post_2_goal11,False
data/why3/frama_c/verker/strnchr_Why3_ide.mlw,strnchr_Why3_ide_VCstrnchr_exists_post_3_goal12,False
data/why3/frama_c/verker/strnchr_Why3_ide.mlw,strnchr_Why3_ide_VCstrnchr_not_exists_post_goal13,False
data/why3/frama_c/verker/strncmp_Why3_ide.mlw,strncmp_Why3_ide_VCstrncmp_complete_not_equal_len_diff_equal_goal0,True
data/why3/frama_c/verker/strncmp_Why3_ide.mlw,strncmp_Why3_ide_VCstrncmp_disjoint_not_equal_len_diff_equal_goal1,True
data/why3/frama_c/verker/strncmp_Why3_ide.mlw,strncmp_Why3_ide_VCstrncmp_post_goal2,True
data/why3/frama_c/verker/strncmp_Why3_ide.mlw,strncmp_Why3_ide_VCstrncmp_assert_goal3,False
data/why3/frama_c/verker/strncmp_Why3_ide.mlw,strncmp_Why3_ide_VCstrncmp_loop_inv_preserved_goal4,True
data/why3/frama_c/verker/strncmp_Why3_ide.mlw,strncmp_Why3_ide_VCstrncmp_loop_inv_established_goal5,True
data/why3/frama_c/verker/strncmp_Why3_ide.mlw,strncmp_Why3_ide_VCstrncmp_loop_inv_2_preserved_goal6,False
data/why3/frama_c/verker/strncmp_Why3_ide.mlw,strncmp_Why3_ide_VCstrncmp_loop_inv_2_established_goal7,True
data/why3/frama_c/verker/strncmp_Why3_ide.mlw,strncmp_Why3_ide_VCstrncmp_loop_inv_3_preserved_goal8,False
data/why3/frama_c/verker/strncmp_Why3_ide.mlw,strncmp_Why3_ide_VCstrncmp_loop_inv_3_established_goal9,True
data/why3/frama_c/verker/strncmp_Why3_ide.mlw,strncmp_Why3_ide_VCstrncmp_loop_inv_4_preserved_goal10,True
data/why3/frama_c/verker/strncmp_Why3_ide.mlw,strncmp_Why3_ide_VCstrncmp_loop_inv_5_preserved_goal11,False
data/why3/frama_c/verker/strncmp_Why3_ide.mlw,strncmp_Why3_ide_VCstrncmp_loop_inv_6_preserved_goal12,False
data/why3/frama_c/verker/strncmp_Why3_ide.mlw,strncmp_Why3_ide_VCstrncmp_loop_inv_7_preserved_goal13,False
data/why3/frama_c/verker/strncmp_Why3_ide.mlw,strncmp_Why3_ide_VCstrncmp_loop_inv_8_preserved_goal14,True
data/why3/frama_c/verker/strncmp_Why3_ide.mlw,strncmp_Why3_ide_VCstrncmp_assert_2_goal15,False
data/why3/frama_c/verker/strncmp_Why3_ide.mlw,strncmp_Why3_ide_VCstrncmp_assert_3_goal16,False
data/why3/frama_c/verker/strncmp_Why3_ide.mlw,strncmp_Why3_ide_VCstrncmp_assert_4_goal17,False
data/why3/frama_c/verker/strncmp_Why3_ide.mlw,strncmp_Why3_ide_VCstrncmp_loop_assign_part3_goal18,False
data/why3/frama_c/verker/strncmp_Why3_ide.mlw,strncmp_Why3_ide_VCstrncmp_loop_assign_part5_goal19,False
data/why3/frama_c/verker/strncmp_Why3_ide.mlw,strncmp_Why3_ide_VCstrncmp_loop_term_decrease_goal20,True
data/why3/frama_c/verker/strncmp_Why3_ide.mlw,strncmp_Why3_ide_VCstrncmp_equal_post_goal21,False
data/why3/frama_c/verker/strncmp_Why3_ide.mlw,strncmp_Why3_ide_VCstrncmp_len_diff_post_goal22,False
data/why3/frama_c/verker/strncmp_Why3_ide.mlw,strncmp_Why3_ide_VCstrncmp_len_diff_post_2_goal23,False
data/why3/frama_c/verker/strncmp_Why3_ide.mlw,strncmp_Why3_ide_VCstrncmp_not_equal_post_goal24,True
data/why3/frama_c/verker/strncmp_Why3_ide.mlw,strncmp_Why3_ide_VCstrncmp_assert_for_not_equal_goal25,False
data/why3/frama_c/verker/strncpy_Why3_ide.mlw,strncpy_Why3_ide_VCstrncpy_assert_goal0,False
data/why3/frama_c/verker/strncpy_Why3_ide.mlw,strncpy_Why3_ide_VCstrncpy_loop_inv_preserved_goal1,False
data/why3/frama_c/verker/strncpy_Why3_ide.mlw,strncpy_Why3_ide_VCstrncpy_loop_inv_established_goal2,True
data/why3/frama_c/verker/strncpy_Why3_ide.mlw,strncpy_Why3_ide_VCstrncpy_loop_inv_2_preserved_goal3,False
data/why3/frama_c/verker/strncpy_Why3_ide.mlw,strncpy_Why3_ide_VCstrncpy_loop_inv_2_established_goal4,True
data/why3/frama_c/verker/strncpy_Why3_ide.mlw,strncpy_Why3_ide_VCstrncpy_loop_inv_3_preserved_goal5,True
data/why3/frama_c/verker/strncpy_Why3_ide.mlw,strncpy_Why3_ide_VCstrncpy_loop_inv_3_established_goal6,True
data/why3/frama_c/verker/strncpy_Why3_ide.mlw,strncpy_Why3_ide_VCstrncpy_loop_inv_4_preserved_goal7,True
data/why3/frama_c/verker/strncpy_Why3_ide.mlw,strncpy_Why3_ide_VCstrncpy_loop_inv_5_preserved_goal8,False
data/why3/frama_c/verker/strncpy_Why3_ide.mlw,strncpy_Why3_ide_VCstrncpy_loop_inv_6_preserved_goal9,False
data/why3/frama_c/verker/strncpy_Why3_ide.mlw,strncpy_Why3_ide_VCstrncpy_assert_2_goal10,False
data/why3/frama_c/verker/strncpy_Why3_ide.mlw,strncpy_Why3_ide_VCstrncpy_loop_assign_part2_goal11,False
data/why3/frama_c/verker/strncpy_Why3_ide.mlw,strncpy_Why3_ide_VCstrncpy_loop_assign_part4_goal12,False
data/why3/frama_c/verker/strncpy_Why3_ide.mlw,strncpy_Why3_ide_VCstrncpy_assign_goal13,False
data/why3/frama_c/verker/strncpy_Why3_ide.mlw,strncpy_Why3_ide_VCstrncpy_loop_term_decrease_goal14,True
data/why3/frama_c/verker/strncpy_Why3_ide.mlw,strncpy_Why3_ide_VCstrncpy_exceed_post_goal15,False
data/why3/frama_c/verker/strncpy_Why3_ide.mlw,strncpy_Why3_ide_VCstrncpy_exceed_post_2_goal16,False
data/why3/frama_c/verker/strncpy_Why3_ide.mlw,strncpy_Why3_ide_VCstrncpy_exceed_post_3_goal17,False
data/why3/frama_c/verker/strncpy_Why3_ide.mlw,strncpy_Why3_ide_VCstrncpy_not_exceed_post_goal18,False
data/why3/frama_c/verker/strncpy_Why3_ide.mlw,strncpy_Why3_ide_VCstrncpy_not_exceed_post_2_goal19,False
data/why3/frama_c/verker/strnlen_Why3_ide.mlw,strnlen_Why3_ide_VCstrnlen_post_goal0,True
data/why3/frama_c/verker/strnlen_Why3_ide.mlw,strnlen_Why3_ide_VCstrnlen_loop_inv_preserved_goal1,True
data/why3/frama_c/verker/strnlen_Why3_ide.mlw,strnlen_Why3_ide_VCstrnlen_loop_inv_established_goal2,True
data/why3/frama_c/verker/strnlen_Why3_ide.mlw,strnlen_Why3_ide_VCstrnlen_loop_inv_2_preserved_goal3,False
data/why3/frama_c/verker/strnlen_Why3_ide.mlw,strnlen_Why3_ide_VCstrnlen_loop_inv_2_established_goal4,True
data/why3/frama_c/verker/strnlen_Why3_ide.mlw,strnlen_Why3_ide_VCstrnlen_loop_inv_3_preserved_goal5,True
data/why3/frama_c/verker/strnlen_Why3_ide.mlw,strnlen_Why3_ide_VCstrnlen_loop_inv_4_preserved_goal6,False
data/why3/frama_c/verker/strnlen_Why3_ide.mlw,strnlen_Why3_ide_VCstrnlen_loop_inv_5_preserved_goal7,False
data/why3/frama_c/verker/strnlen_Why3_ide.mlw,strnlen_Why3_ide_VCstrnlen_loop_inv_6_preserved_goal8,False
data/why3/frama_c/verker/strnlen_Why3_ide.mlw,strnlen_Why3_ide_VCstrnlen_loop_term_decrease_goal9,True
data/why3/frama_c/verker/strnlen_Why3_ide.mlw,strnlen_Why3_ide_VCstrnlen_count_len_post_goal10,False
data/why3/frama_c/verker/strnlen_Why3_ide.mlw,strnlen_Why3_ide_VCstrnlen_null_byte_post_goal11,False
data/why3/frama_c/verker/strnlen_Why3_ide.mlw,strnlen_Why3_ide_VCstrnlen_null_byte_post_2_goal12,True
data/why3/frama_c/verker/strnstr_Why3_ide.mlw,strnstr_Why3_ide_VCstrnstr_call_strlen_pre_goal0,False
data/why3/frama_c/verker/strnstr_Why3_ide.mlw,strnstr_Why3_ide_VCstrnstr_call_memcmp_pre_goal1,False
data/why3/frama_c/verker/strnstr_Why3_ide.mlw,strnstr_Why3_ide_VCstrnstr_call_memcmp_pre_2_goal2,False
data/why3/frama_c/verker/strnstr_Why3_ide.mlw,strnstr_Why3_ide_VCstrnstr_call_memcmp_pre_3_goal3,False
data/why3/frama_c/verker/strnstr_Why3_ide.mlw,strnstr_Why3_ide_VCstrnstr_call_memcmp_pre_4_goal4,False
data/why3/frama_c/verker/strnstr_Why3_ide.mlw,strnstr_Why3_ide_VCstrnstr_call_memcmp_pre_5_goal5,False
data/why3/frama_c/verker/strpbrk_Why3_ide.mlw,strpbrk_Why3_ide_VCstrpbrk_post_goal0,True
data/why3/frama_c/verker/strpbrk_Why3_ide.mlw,strpbrk_Why3_ide_VCstrpbrk_loop_inv_preserved_goal1,False
data/why3/frama_c/verker/strpbrk_Why3_ide.mlw,strpbrk_Why3_ide_VCstrpbrk_loop_inv_established_goal2,True
data/why3/frama_c/verker/strpbrk_Why3_ide.mlw,strpbrk_Why3_ide_VCstrpbrk_loop_inv_2_preserved_goal3,False
data/why3/frama_c/verker/strpbrk_Why3_ide.mlw,strpbrk_Why3_ide_VCstrpbrk_loop_inv_3_preserved_goal4,False
data/why3/frama_c/verker/strpbrk_Why3_ide.mlw,strpbrk_Why3_ide_VCstrpbrk_loop_inv_3_established_goal5,False
data/why3/frama_c/verker/strpbrk_Why3_ide.mlw,strpbrk_Why3_ide_VCstrpbrk_loop_inv_4_preserved_goal6,True
data/why3/frama_c/verker/strpbrk_Why3_ide.mlw,strpbrk_Why3_ide_VCstrpbrk_loop_inv_5_preserved_goal7,False
data/why3/frama_c/verker/strpbrk_Why3_ide.mlw,strpbrk_Why3_ide_VCstrpbrk_loop_inv_5_established_goal8,True
data/why3/frama_c/verker/strpbrk_Why3_ide.mlw,strpbrk_Why3_ide_VCstrpbrk_loop_inv_6_preserved_goal9,False
data/why3/frama_c/verker/strpbrk_Why3_ide.mlw,strpbrk_Why3_ide_VCstrpbrk_loop_inv_7_preserved_goal10,False
data/why3/frama_c/verker/strpbrk_Why3_ide.mlw,strpbrk_Why3_ide_VCstrpbrk_loop_inv_7_established_goal11,False
data/why3/frama_c/verker/strpbrk_Why3_ide.mlw,strpbrk_Why3_ide_VCstrpbrk_loop_inv_8_preserved_goal12,True
data/why3/frama_c/verker/strpbrk_Why3_ide.mlw,strpbrk_Why3_ide_VCstrpbrk_assert_goal13,False
data/why3/frama_c/verker/strpbrk_Why3_ide.mlw,strpbrk_Why3_ide_VCstrpbrk_assert_2_goal14,True
data/why3/frama_c/verker/strpbrk_Why3_ide.mlw,strpbrk_Why3_ide_VCstrpbrk_assert_3_goal15,True
data/why3/frama_c/verker/strpbrk_Why3_ide.mlw,strpbrk_Why3_ide_VCstrpbrk_assert_4_goal16,False
data/why3/frama_c/verker/strpbrk_Why3_ide.mlw,strpbrk_Why3_ide_VCstrpbrk_loop_term_positive_goal17,False
data/why3/frama_c/verker/strpbrk_Why3_ide.mlw,strpbrk_Why3_ide_VCstrpbrk_loop_term_2_positive_goal18,False
data/why3/frama_c/verker/strpbrk_Why3_ide.mlw,strpbrk_Why3_ide_VCstrpbrk_found_post_goal19,False
data/why3/frama_c/verker/strpbrk_Why3_ide.mlw,strpbrk_Why3_ide_VCstrpbrk_found_post_2_goal20,False
data/why3/frama_c/verker/strpbrk_Why3_ide.mlw,strpbrk_Why3_ide_VCstrpbrk_found_post_3_goal21,False
data/why3/frama_c/verker/strpbrk_Why3_ide.mlw,strpbrk_Why3_ide_VCstrpbrk_not_found_post_goal22,True
data/why3/frama_c/verker/strrchr_Why3_ide.mlw,strrchr_Why3_ide_VCstrrchr_loop_inv_preserved_goal0,False
data/why3/frama_c/verker/strrchr_Why3_ide.mlw,strrchr_Why3_ide_VCstrrchr_loop_inv_established_goal1,True
data/why3/frama_c/verker/strrchr_Why3_ide.mlw,strrchr_Why3_ide_VCstrrchr_loop_inv_2_preserved_goal2,False
data/why3/frama_c/verker/strrchr_Why3_ide.mlw,strrchr_Why3_ide_VCstrrchr_loop_inv_2_established_goal3,False
data/why3/frama_c/verker/strrchr_Why3_ide.mlw,strrchr_Why3_ide_VCstrrchr_loop_inv_3_preserved_goal4,False
data/why3/frama_c/verker/strrchr_Why3_ide.mlw,strrchr_Why3_ide_VCstrrchr_loop_inv_3_established_goal5,False
data/why3/frama_c/verker/strrchr_Why3_ide.mlw,strrchr_Why3_ide_VCstrrchr_loop_inv_4_preserved_goal6,False
data/why3/frama_c/verker/strrchr_Why3_ide.mlw,strrchr_Why3_ide_VCstrrchr_loop_inv_4_established_goal7,False
data/why3/frama_c/verker/strrchr_Why3_ide.mlw,strrchr_Why3_ide_VCstrrchr_loop_inv_5_preserved_goal8,False
data/why3/frama_c/verker/strrchr_Why3_ide.mlw,strrchr_Why3_ide_VCstrrchr_assert_goal9,True
data/why3/frama_c/verker/strrchr_Why3_ide.mlw,strrchr_Why3_ide_VCstrrchr_assert_2_goal10,False
data/why3/frama_c/verker/strrchr_Why3_ide.mlw,strrchr_Why3_ide_VCstrrchr_assert_3_goal11,True
data/why3/frama_c/verker/strrchr_Why3_ide.mlw,strrchr_Why3_ide_VCstrrchr_loop_assign_part2_goal12,False
data/why3/frama_c/verker/strrchr_Why3_ide.mlw,strrchr_Why3_ide_VCstrrchr_loop_term_positive_goal13,False
data/why3/frama_c/verker/strrchr_Why3_ide.mlw,strrchr_Why3_ide_VCstrrchr_found_post_goal14,False
data/why3/frama_c/verker/strrchr_Why3_ide.mlw,strrchr_Why3_ide_VCstrrchr_found_post_2_goal15,False
data/why3/frama_c/verker/strrchr_Why3_ide.mlw,strrchr_Why3_ide_VCstrrchr_found_post_3_goal16,False
data/why3/frama_c/verker/strrchr_Why3_ide.mlw,strrchr_Why3_ide_VCstrrchr_not_found_post_goal17,True
data/why3/frama_c/verker/strreplace_Why3_ide.mlw,strreplace_Why3_ide_VCstrreplace_post_goal0,False
data/why3/frama_c/verker/strreplace_Why3_ide.mlw,strreplace_Why3_ide_VCstrreplace_post_2_goal1,False
data/why3/frama_c/verker/strreplace_Why3_ide.mlw,strreplace_Why3_ide_VCstrreplace_post_3_goal2,False
data/why3/frama_c/verker/strreplace_Why3_ide.mlw,strreplace_Why3_ide_VCstrreplace_post_5_goal3,False
data/why3/frama_c/verker/strreplace_Why3_ide.mlw,strreplace_Why3_ide_VCstrreplace_loop_inv_preserved_goal4,False
data/why3/frama_c/verker/strreplace_Why3_ide.mlw,strreplace_Why3_ide_VCstrreplace_loop_inv_2_preserved_goal5,True
data/why3/frama_c/verker/strreplace_Why3_ide.mlw,strreplace_Why3_ide_VCstrreplace_loop_inv_3_preserved_goal6,False
data/why3/frama_c/verker/strreplace_Why3_ide.mlw,strreplace_Why3_ide_VCstrreplace_loop_inv_3_established_goal7,True
data/why3/frama_c/verker/strreplace_Why3_ide.mlw,strreplace_Why3_ide_VCstrreplace_loop_inv_4_preserved_goal8,False
data/why3/frama_c/verker/strreplace_Why3_ide.mlw,strreplace_Why3_ide_VCstrreplace_loop_inv_5_preserved_goal9,False
data/why3/frama_c/verker/strreplace_Why3_ide.mlw,strreplace_Why3_ide_VCstrreplace_loop_inv_5_established_goal10,False
data/why3/frama_c/verker/strreplace_Why3_ide.mlw,strreplace_Why3_ide_VCstrreplace_loop_inv_6_preserved_goal11,False
data/why3/frama_c/verker/strreplace_Why3_ide.mlw,strreplace_Why3_ide_VCstrreplace_assert_goal12,True
data/why3/frama_c/verker/strreplace_Why3_ide.mlw,strreplace_Why3_ide_VCstrreplace_assert_2_goal13,False
data/why3/frama_c/verker/strreplace_Why3_ide.mlw,strreplace_Why3_ide_VCstrreplace_loop_assign_part3_goal14,False
data/why3/frama_c/verker/strreplace_Why3_ide.mlw,strreplace_Why3_ide_VCstrreplace_loop_term_positive_goal15,False
data/why3/frama_c/verker/strsep_Why3_ide.mlw,strsep_Why3_ide_VCstrsep_complete_input_strpbrk_not_null_input_strpbrk_null____goal0,True
data/why3/frama_c/verker/strsep_Why3_ide.mlw,strsep_Why3_ide_VCstrsep_disjoint_input_strpbrk_not_null_input_strpbrk_null____goal1,True
data/why3/frama_c/verker/strsep_Why3_ide.mlw,strsep_Why3_ide_VCstrsep_input_strpbrk_not_null_post_4_goal2,True
data/why3/frama_c/verker/strspn_Why3_ide.mlw,strspn_Why3_ide_VCstrspn_post_2_goal0,False
data/why3/frama_c/verker/strspn_Why3_ide.mlw,strspn_Why3_ide_VCstrspn_post_3_goal1,False
data/why3/frama_c/verker/strspn_Why3_ide.mlw,strspn_Why3_ide_VCstrspn_post_4_goal2,True
data/why3/frama_c/verker/strspn_Why3_ide.mlw,strspn_Why3_ide_VCstrspn_loop_inv_preserved_goal3,True
data/why3/frama_c/verker/strspn_Why3_ide.mlw,strspn_Why3_ide_VCstrspn_loop_inv_established_goal4,True
data/why3/frama_c/verker/strspn_Why3_ide.mlw,strspn_Why3_ide_VCstrspn_loop_inv_2_preserved_goal5,True
data/why3/frama_c/verker/strspn_Why3_ide.mlw,strspn_Why3_ide_VCstrspn_loop_inv_2_established_goal6,True
data/why3/frama_c/verker/strspn_Why3_ide.mlw,strspn_Why3_ide_VCstrspn_loop_inv_3_preserved_goal7,True
data/why3/frama_c/verker/strspn_Why3_ide.mlw,strspn_Why3_ide_VCstrspn_loop_inv_4_preserved_goal8,True
data/why3/frama_c/verker/strspn_Why3_ide.mlw,strspn_Why3_ide_VCstrspn_loop_inv_4_established_goal9,False
data/why3/frama_c/verker/strspn_Why3_ide.mlw,strspn_Why3_ide_VCstrspn_loop_inv_5_preserved_goal10,True
data/why3/frama_c/verker/strspn_Why3_ide.mlw,strspn_Why3_ide_VCstrspn_loop_inv_6_preserved_goal11,True
data/why3/frama_c/verker/strspn_Why3_ide.mlw,strspn_Why3_ide_VCstrspn_loop_inv_7_preserved_goal12,False
data/why3/frama_c/verker/strspn_Why3_ide.mlw,strspn_Why3_ide_VCstrspn_loop_inv_7_established_goal13,True
data/why3/frama_c/verker/strspn_Why3_ide.mlw,strspn_Why3_ide_VCstrspn_loop_inv_8_preserved_goal14,False
data/why3/frama_c/verker/strspn_Why3_ide.mlw,strspn_Why3_ide_VCstrspn_loop_inv_8_established_goal15,False
data/why3/frama_c/verker/strspn_Why3_ide.mlw,strspn_Why3_ide_VCstrspn_loop_inv_9_preserved_goal16,False
data/why3/frama_c/verker/strspn_Why3_ide.mlw,strspn_Why3_ide_VCstrspn_loop_inv_10_preserved_goal17,True
data/why3/frama_c/verker/strspn_Why3_ide.mlw,strspn_Why3_ide_VCstrspn_assert_goal18,True
data/why3/frama_c/verker/strspn_Why3_ide.mlw,strspn_Why3_ide_VCstrspn_assert_2_goal19,False
data/why3/frama_c/verker/strspn_Why3_ide.mlw,strspn_Why3_ide_VCstrspn_loop_term_2_positive_goal20,False
data/why3/frama_c/verker/strstr_Why3_ide.mlw,strstr_Why3_ide_VCstrstr_assert_goal0,True
data/why3/frama_c/verker/strstr_Why3_ide.mlw,strstr_Why3_ide_VCstrstr_loop_inv_preserved_goal1,True
data/why3/frama_c/verker/strstr_Why3_ide.mlw,strstr_Why3_ide_VCstrstr_loop_inv_2_preserved_goal2,True
data/why3/frama_c/verker/strstr_Why3_ide.mlw,strstr_Why3_ide_VCstrstr_loop_inv_3_preserved_goal3,False
data/why3/frama_c/verker/strstr_Why3_ide.mlw,strstr_Why3_ide_VCstrstr_loop_inv_3_established_goal4,True
data/why3/frama_c/verker/strstr_Why3_ide.mlw,strstr_Why3_ide_VCstrstr_loop_inv_4_preserved_goal5,False
data/why3/frama_c/verker/strstr_Why3_ide.mlw,strstr_Why3_ide_VCstrstr_loop_inv_5_preserved_goal6,False
data/why3/frama_c/verker/strstr_Why3_ide.mlw,strstr_Why3_ide_VCstrstr_loop_inv_5_established_goal7,False
data/why3/frama_c/verker/strstr_Why3_ide.mlw,strstr_Why3_ide_VCstrstr_assert_2_goal8,False
data/why3/frama_c/verker/strstr_Why3_ide.mlw,strstr_Why3_ide_VCstrstr_loop_term_decrease_goal9,True
data/why3/frama_c/verker/strstr_Why3_ide.mlw,strstr_Why3_ide_VCstrstr_loop_term_positive_goal10,True
data/why3/frama_c/verker/strstr_Why3_ide.mlw,strstr_Why3_ide_VCstrstr_call_memcmp_pre_goal11,False
data/why3/frama_c/verker/strstr_Why3_ide.mlw,strstr_Why3_ide_VCstrstr_call_memcmp_pre_2_goal12,False
data/why3/frama_c/verker/strstr_Why3_ide.mlw,strstr_Why3_ide_VCstrstr_call_memcmp_pre_3_goal13,False
data/why3/frama_c/verker/strstr_Why3_ide.mlw,strstr_Why3_ide_VCstrstr_call_memcmp_pre_4_goal14,False
data/why3/frama_c/verker/strstr_Why3_ide.mlw,strstr_Why3_ide_VCstrstr_call_memcmp_pre_5_goal15,False
data/why3/frama_c/verker/strstr_Why3_ide.mlw,strstr_Why3_ide_VCstrstr_exists_post_goal16,False
data/why3/frama_c/verker/strstr_Why3_ide.mlw,strstr_Why3_ide_VCstrstr_not_exists_post_goal17,False
data/why3/frama_c/verker/sysfs_streq_Why3_ide.mlw,sysfs_streq_Why3_ide_VCsysfs_streq_complete_not_trivial_trivial_nulls_goal0,True
data/why3/frama_c/verker/sysfs_streq_Why3_ide.mlw,sysfs_streq_Why3_ide_VCsysfs_streq_disjoint_not_trivial_trivial_nulls_goal1,True
data/why3/frama_c/verker/sysfs_streq_Why3_ide.mlw,sysfs_streq_Why3_ide_VCsysfs_streq_loop_inv_preserved_goal2,False
data/why3/frama_c/verker/sysfs_streq_Why3_ide.mlw,sysfs_streq_Why3_ide_VCsysfs_streq_loop_inv_2_preserved_goal3,False
data/why3/frama_c/verker/sysfs_streq_Why3_ide.mlw,sysfs_streq_Why3_ide_VCsysfs_streq_loop_inv_3_preserved_goal4,False
data/why3/frama_c/verker/sysfs_streq_Why3_ide.mlw,sysfs_streq_Why3_ide_VCsysfs_streq_loop_inv_4_preserved_goal5,False
data/why3/frama_c/verker/sysfs_streq_Why3_ide.mlw,sysfs_streq_Why3_ide_VCsysfs_streq_loop_inv_4_established_goal6,True
data/why3/frama_c/verker/sysfs_streq_Why3_ide.mlw,sysfs_streq_Why3_ide_VCsysfs_streq_loop_inv_5_preserved_goal7,False
data/why3/frama_c/verker/sysfs_streq_Why3_ide.mlw,sysfs_streq_Why3_ide_VCsysfs_streq_loop_inv_5_established_goal8,True
data/why3/frama_c/verker/sysfs_streq_Why3_ide.mlw,sysfs_streq_Why3_ide_VCsysfs_streq_loop_inv_6_preserved_goal9,True
data/why3/frama_c/verker/sysfs_streq_Why3_ide.mlw,sysfs_streq_Why3_ide_VCsysfs_streq_loop_inv_7_preserved_goal10,False
data/why3/frama_c/verker/sysfs_streq_Why3_ide.mlw,sysfs_streq_Why3_ide_VCsysfs_streq_loop_inv_7_established_goal11,True
data/why3/frama_c/verker/sysfs_streq_Why3_ide.mlw,sysfs_streq_Why3_ide_VCsysfs_streq_assert_goal12,False
data/why3/frama_c/verker/sysfs_streq_Why3_ide.mlw,sysfs_streq_Why3_ide_VCsysfs_streq_assert_3_goal13,False
data/why3/frama_c/verker/sysfs_streq_Why3_ide.mlw,sysfs_streq_Why3_ide_VCsysfs_streq_assert_4_goal14,True
data/why3/frama_c/verker/sysfs_streq_Why3_ide.mlw,sysfs_streq_Why3_ide_VCsysfs_streq_assert_5_goal15,True
data/why3/frama_c/verker/sysfs_streq_Why3_ide.mlw,sysfs_streq_Why3_ide_VCsysfs_streq_assert_8_goal16,False
data/why3/frama_c/verker/sysfs_streq_Why3_ide.mlw,sysfs_streq_Why3_ide_VCsysfs_streq_assert_9_goal17,True
data/why3/frama_c/verker/sysfs_streq_Why3_ide.mlw,sysfs_streq_Why3_ide_VCsysfs_streq_assert_10_goal18,True
data/why3/frama_c/verker/sysfs_streq_Why3_ide.mlw,sysfs_streq_Why3_ide_VCsysfs_streq_assert_13_goal19,False
data/why3/frama_c/verker/sysfs_streq_Why3_ide.mlw,sysfs_streq_Why3_ide_VCsysfs_streq_loop_term_decrease_goal20,False
data/why3/frama_c/verker/sysfs_streq_Why3_ide.mlw,sysfs_streq_Why3_ide_VCsysfs_streq_loop_term_positive_goal21,True
data/why3/frama_c/verker/sysfs_streq_Why3_ide.mlw,sysfs_streq_Why3_ide_VCsysfs_streq_not_trivial_post_goal22,False
data/why3/frama_c/verker/sysfs_streq_Why3_ide.mlw,sysfs_streq_Why3_ide_VCsysfs_streq_nulls_post_goal23,False
data/why3/frama_c/verker/sysfs_streq_Why3_ide.mlw,sysfs_streq_Why3_ide_VCsysfs_streq_trivial_post_goal24,False
data/why3/frama_c/verker/tolower_Why3_ide.mlw,tolower_Why3_ide_VCtolower_post_goal0,True
data/why3/frama_c/verker/toupper_Why3_ide.mlw,toupper_Why3_ide_VCtoupper_post_goal0,True
